"","subject","item","region","measure","sort","condition","skips","rawdata","nozero","proficiency","ambiguity","continuation","trimmed_nozero"
"5728",1,28,"continuation","fp","continuation fp",8,0,265,265,77,"Unambiguous","Inconsistent",265
"5730",1,46,"continuation","fp","continuation fp",6,0,185,185,77,"Unambiguous","Consistent",185
"5732",1,40,"continuation","fp","continuation fp",8,0,260,260,77,"Unambiguous","Inconsistent",260
"5734",1,25,"continuation","fp","continuation fp",5,0,199,199,77,"Ambiguous","Consistent",199
"5736",1,42,"continuation","fp","continuation fp",6,0,184,184,77,"Unambiguous","Consistent",184
"5738",1,37,"continuation","fp","continuation fp",5,0,224,224,77,"Ambiguous","Consistent",224
"5740",1,26,"continuation","fp","continuation fp",6,0,249,249,77,"Unambiguous","Consistent",249
"5742",1,30,"continuation","fp","continuation fp",6,1,0,NA,77,"Unambiguous","Consistent",NA
"5744",1,32,"continuation","fp","continuation fp",8,0,336,336,77,"Unambiguous","Inconsistent",336
"5746",1,31,"continuation","fp","continuation fp",7,0,186,186,77,"Ambiguous","Inconsistent",186
"5748",1,47,"continuation","fp","continuation fp",7,0,356,356,77,"Ambiguous","Inconsistent",356
"5750",1,44,"continuation","fp","continuation fp",8,0,192,192,77,"Unambiguous","Inconsistent",192
"5752",1,27,"continuation","fp","continuation fp",7,0,205,205,77,"Ambiguous","Inconsistent",205
"5754",1,33,"continuation","fp","continuation fp",5,0,316,316,77,"Ambiguous","Consistent",316
"5756",1,45,"continuation","fp","continuation fp",5,0,267,267,77,"Ambiguous","Consistent",267
"5758",1,34,"continuation","fp","continuation fp",6,0,212,212,77,"Unambiguous","Consistent",212
"5760",1,35,"continuation","fp","continuation fp",7,1,0,NA,77,"Ambiguous","Inconsistent",NA
"5762",1,29,"continuation","fp","continuation fp",5,0,260,260,77,"Ambiguous","Consistent",260
"5764",1,41,"continuation","fp","continuation fp",5,0,256,256,77,"Ambiguous","Consistent",256
"5766",1,38,"continuation","fp","continuation fp",6,0,211,211,77,"Unambiguous","Consistent",211
"5768",1,43,"continuation","fp","continuation fp",7,0,194,194,77,"Ambiguous","Inconsistent",194
"5770",1,39,"continuation","fp","continuation fp",7,1,0,NA,77,"Ambiguous","Inconsistent",NA
"5772",1,48,"continuation","fp","continuation fp",8,0,225,225,77,"Unambiguous","Inconsistent",225
"5774",1,36,"continuation","fp","continuation fp",8,0,286,286,77,"Unambiguous","Inconsistent",286
"5776",2,32,"continuation","fp","continuation fp",5,0,450,450,77,"Ambiguous","Consistent",450
"5778",2,48,"continuation","fp","continuation fp",5,0,205,205,77,"Ambiguous","Consistent",205
"5780",2,40,"continuation","fp","continuation fp",5,0,285,285,77,"Ambiguous","Consistent",285
"5782",2,28,"continuation","fp","continuation fp",5,1,0,NA,77,"Ambiguous","Consistent",NA
"5784",2,38,"continuation","fp","continuation fp",7,0,384,384,77,"Ambiguous","Inconsistent",384
"5786",2,42,"continuation","fp","continuation fp",7,1,0,NA,77,"Ambiguous","Inconsistent",NA
"5788",2,37,"continuation","fp","continuation fp",6,0,189,189,77,"Unambiguous","Consistent",189
"5790",2,29,"continuation","fp","continuation fp",6,0,340,340,77,"Unambiguous","Consistent",340
"5792",2,45,"continuation","fp","continuation fp",6,1,0,NA,77,"Unambiguous","Consistent",NA
"5794",2,41,"continuation","fp","continuation fp",6,0,316,316,77,"Unambiguous","Consistent",316
"5796",2,35,"continuation","fp","continuation fp",8,0,202,202,77,"Unambiguous","Inconsistent",202
"5798",2,44,"continuation","fp","continuation fp",5,1,0,NA,77,"Ambiguous","Consistent",NA
"5800",2,46,"continuation","fp","continuation fp",7,1,0,NA,77,"Ambiguous","Inconsistent",NA
"5802",2,26,"continuation","fp","continuation fp",7,1,0,NA,77,"Ambiguous","Inconsistent",NA
"5804",2,25,"continuation","fp","continuation fp",6,1,0,NA,77,"Unambiguous","Consistent",NA
"5806",2,47,"continuation","fp","continuation fp",8,0,354,354,77,"Unambiguous","Inconsistent",354
"5808",2,34,"continuation","fp","continuation fp",7,0,470,470,77,"Ambiguous","Inconsistent",470
"5810",2,43,"continuation","fp","continuation fp",8,1,0,NA,77,"Unambiguous","Inconsistent",NA
"5812",2,33,"continuation","fp","continuation fp",6,0,646,646,77,"Unambiguous","Consistent",646
"5814",2,39,"continuation","fp","continuation fp",8,0,207,207,77,"Unambiguous","Inconsistent",207
"5816",2,30,"continuation","fp","continuation fp",7,0,296,296,77,"Ambiguous","Inconsistent",296
"5818",2,31,"continuation","fp","continuation fp",8,0,197,197,77,"Unambiguous","Inconsistent",197
"5820",2,36,"continuation","fp","continuation fp",5,0,192,192,77,"Ambiguous","Consistent",192
"5822",2,27,"continuation","fp","continuation fp",8,0,336,336,77,"Unambiguous","Inconsistent",336
"5824",3,36,"continuation","fp","continuation fp",6,0,416,416,77,"Unambiguous","Consistent",416
"5826",3,27,"continuation","fp","continuation fp",5,0,214,214,77,"Ambiguous","Consistent",214
"5828",3,37,"continuation","fp","continuation fp",7,0,253,253,77,"Ambiguous","Inconsistent",253
"5830",3,41,"continuation","fp","continuation fp",7,0,230,230,77,"Ambiguous","Inconsistent",230
"5832",3,26,"continuation","fp","continuation fp",8,0,248,248,77,"Unambiguous","Inconsistent",248
"5834",3,45,"continuation","fp","continuation fp",7,0,479,479,77,"Ambiguous","Inconsistent",479
"5836",3,42,"continuation","fp","continuation fp",8,0,386,386,77,"Unambiguous","Inconsistent",386
"5838",3,47,"continuation","fp","continuation fp",5,0,277,277,77,"Ambiguous","Consistent",277
"5840",3,29,"continuation","fp","continuation fp",7,0,468,468,77,"Ambiguous","Inconsistent",468
"5842",3,34,"continuation","fp","continuation fp",8,0,316,316,77,"Unambiguous","Inconsistent",316
"5844",3,39,"continuation","fp","continuation fp",5,0,215,215,77,"Ambiguous","Consistent",215
"5846",3,48,"continuation","fp","continuation fp",6,0,246,246,77,"Unambiguous","Consistent",246
"5848",3,44,"continuation","fp","continuation fp",6,0,238,238,77,"Unambiguous","Consistent",238
"5850",3,43,"continuation","fp","continuation fp",5,0,227,227,77,"Ambiguous","Consistent",227
"5852",3,28,"continuation","fp","continuation fp",6,0,248,248,77,"Unambiguous","Consistent",248
"5854",3,40,"continuation","fp","continuation fp",6,0,306,306,77,"Unambiguous","Consistent",306
"5856",3,30,"continuation","fp","continuation fp",8,0,251,251,77,"Unambiguous","Inconsistent",251
"5858",3,32,"continuation","fp","continuation fp",6,0,284,284,77,"Unambiguous","Consistent",284
"5860",3,25,"continuation","fp","continuation fp",7,0,313,313,77,"Ambiguous","Inconsistent",313
"5862",3,38,"continuation","fp","continuation fp",8,0,375,375,77,"Unambiguous","Inconsistent",375
"5864",3,33,"continuation","fp","continuation fp",7,0,223,223,77,"Ambiguous","Inconsistent",223
"5866",3,31,"continuation","fp","continuation fp",5,0,364,364,77,"Ambiguous","Consistent",364
"5868",3,46,"continuation","fp","continuation fp",8,0,246,246,77,"Unambiguous","Inconsistent",246
"5870",3,35,"continuation","fp","continuation fp",5,0,369,369,77,"Ambiguous","Consistent",369
"5872",4,28,"continuation","fp","continuation fp",7,0,362,362,77,"Ambiguous","Inconsistent",362
"5874",4,31,"continuation","fp","continuation fp",6,0,288,288,77,"Unambiguous","Consistent",288
"5876",4,44,"continuation","fp","continuation fp",7,0,254,254,77,"Ambiguous","Inconsistent",254
"5878",4,26,"continuation","fp","continuation fp",5,0,232,232,77,"Ambiguous","Consistent",232
"5880",4,37,"continuation","fp","continuation fp",8,0,486,486,77,"Unambiguous","Inconsistent",486
"5882",4,32,"continuation","fp","continuation fp",7,0,469,469,77,"Ambiguous","Inconsistent",469
"5884",4,36,"continuation","fp","continuation fp",7,0,244,244,77,"Ambiguous","Inconsistent",244
"5886",4,38,"continuation","fp","continuation fp",5,0,634,634,77,"Ambiguous","Consistent",634
"5888",4,46,"continuation","fp","continuation fp",5,0,526,526,77,"Ambiguous","Consistent",526
"5889",4,29,"continuation","fp","continuation fp",8,0,220,220,77,"Unambiguous","Inconsistent",220
"5891",4,43,"continuation","fp","continuation fp",6,0,378,378,77,"Unambiguous","Consistent",378
"5893",4,33,"continuation","fp","continuation fp",8,0,498,498,77,"Unambiguous","Inconsistent",498
"5895",4,45,"continuation","fp","continuation fp",8,0,404,404,77,"Unambiguous","Inconsistent",404
"5897",4,30,"continuation","fp","continuation fp",5,0,319,319,77,"Ambiguous","Consistent",319
"5898",4,40,"continuation","fp","continuation fp",7,0,973,973,77,"Ambiguous","Inconsistent",973
"5900",4,41,"continuation","fp","continuation fp",8,0,345,345,77,"Unambiguous","Inconsistent",345
"5902",4,48,"continuation","fp","continuation fp",7,0,290,290,77,"Ambiguous","Inconsistent",290
"5904",4,42,"continuation","fp","continuation fp",5,0,480,480,77,"Ambiguous","Consistent",480
"5905",4,25,"continuation","fp","continuation fp",8,0,311,311,77,"Unambiguous","Inconsistent",311
"5907",4,27,"continuation","fp","continuation fp",6,0,587,587,77,"Unambiguous","Consistent",587
"5909",4,47,"continuation","fp","continuation fp",6,0,544,544,77,"Unambiguous","Consistent",544
"5911",4,39,"continuation","fp","continuation fp",6,0,273,273,77,"Unambiguous","Consistent",273
"5913",4,34,"continuation","fp","continuation fp",5,0,247,247,77,"Ambiguous","Consistent",247
"5914",4,35,"continuation","fp","continuation fp",6,0,517,517,77,"Unambiguous","Consistent",517
"5917",5,42,"continuation","fp","continuation fp",6,0,396,396,77,"Unambiguous","Consistent",396
"5919",5,47,"continuation","fp","continuation fp",7,0,470,470,77,"Ambiguous","Inconsistent",470
"5921",5,25,"continuation","fp","continuation fp",5,0,370,370,77,"Ambiguous","Consistent",370
"5923",5,43,"continuation","fp","continuation fp",7,0,448,448,77,"Ambiguous","Inconsistent",448
"5925",5,33,"continuation","fp","continuation fp",5,0,565,565,77,"Ambiguous","Consistent",565
"5927",5,41,"continuation","fp","continuation fp",5,0,351,351,77,"Ambiguous","Consistent",351
"5929",5,29,"continuation","fp","continuation fp",5,0,205,205,77,"Ambiguous","Consistent",205
"5931",5,39,"continuation","fp","continuation fp",7,0,174,174,77,"Ambiguous","Inconsistent",174
"5933",5,40,"continuation","fp","continuation fp",8,0,255,255,77,"Unambiguous","Inconsistent",255
"5935",5,28,"continuation","fp","continuation fp",8,0,208,208,77,"Unambiguous","Inconsistent",208
"5937",5,46,"continuation","fp","continuation fp",6,0,204,204,77,"Unambiguous","Consistent",204
"5939",5,31,"continuation","fp","continuation fp",7,0,303,303,77,"Ambiguous","Inconsistent",303
"5941",5,36,"continuation","fp","continuation fp",8,0,461,461,77,"Unambiguous","Inconsistent",461
"5943",5,27,"continuation","fp","continuation fp",7,0,1222,1222,77,"Ambiguous","Inconsistent",NA
"5945",5,38,"continuation","fp","continuation fp",6,0,503,503,77,"Unambiguous","Consistent",503
"5947",5,26,"continuation","fp","continuation fp",6,0,156,156,77,"Unambiguous","Consistent",156
"5949",5,44,"continuation","fp","continuation fp",8,1,0,NA,77,"Unambiguous","Inconsistent",NA
"5951",5,45,"continuation","fp","continuation fp",5,0,182,182,77,"Ambiguous","Consistent",182
"5953",5,30,"continuation","fp","continuation fp",6,0,298,298,77,"Unambiguous","Consistent",298
"5955",5,32,"continuation","fp","continuation fp",8,0,306,306,77,"Unambiguous","Inconsistent",306
"5957",5,37,"continuation","fp","continuation fp",5,0,363,363,77,"Ambiguous","Consistent",363
"5959",5,34,"continuation","fp","continuation fp",6,0,284,284,70,"Unambiguous","Consistent",284
"5961",5,48,"continuation","fp","continuation fp",8,0,410,410,70,"Unambiguous","Inconsistent",410
"5963",5,35,"continuation","fp","continuation fp",7,0,315,315,70,"Ambiguous","Inconsistent",315
"5965",6,42,"continuation","fp","continuation fp",7,0,198,198,70,"Ambiguous","Inconsistent",198
"5967",6,36,"continuation","fp","continuation fp",5,0,520,520,70,"Ambiguous","Consistent",520
"5969",6,30,"continuation","fp","continuation fp",7,1,0,NA,70,"Ambiguous","Inconsistent",NA
"5971",6,26,"continuation","fp","continuation fp",7,0,218,218,70,"Ambiguous","Inconsistent",218
"5973",6,27,"continuation","fp","continuation fp",8,0,312,312,70,"Unambiguous","Inconsistent",312
"5975",6,28,"continuation","fp","continuation fp",5,0,186,186,70,"Ambiguous","Consistent",186
"5977",6,35,"continuation","fp","continuation fp",8,0,260,260,70,"Unambiguous","Inconsistent",260
"5979",6,47,"continuation","fp","continuation fp",8,0,228,228,70,"Unambiguous","Inconsistent",228
"5981",6,43,"continuation","fp","continuation fp",8,0,348,348,70,"Unambiguous","Inconsistent",348
"5983",6,34,"continuation","fp","continuation fp",7,0,194,194,70,"Ambiguous","Inconsistent",194
"5985",6,48,"continuation","fp","continuation fp",5,1,0,NA,70,"Ambiguous","Consistent",NA
"5987",6,39,"continuation","fp","continuation fp",8,1,0,NA,70,"Unambiguous","Inconsistent",NA
"5989",6,45,"continuation","fp","continuation fp",6,1,0,NA,70,"Unambiguous","Consistent",NA
"5991",6,33,"continuation","fp","continuation fp",6,0,246,246,70,"Unambiguous","Consistent",246
"5993",6,29,"continuation","fp","continuation fp",6,0,224,224,70,"Unambiguous","Consistent",224
"5995",6,32,"continuation","fp","continuation fp",5,0,324,324,70,"Ambiguous","Consistent",324
"5997",6,41,"continuation","fp","continuation fp",6,0,212,212,70,"Unambiguous","Consistent",212
"5999",6,31,"continuation","fp","continuation fp",8,0,312,312,70,"Unambiguous","Inconsistent",312
"6000",6,40,"continuation","fp","continuation fp",5,1,0,NA,70,"Ambiguous","Consistent",NA
"6002",6,25,"continuation","fp","continuation fp",6,1,0,NA,70,"Unambiguous","Consistent",NA
"6004",6,46,"continuation","fp","continuation fp",7,0,162,162,70,"Ambiguous","Inconsistent",162
"6006",6,44,"continuation","fp","continuation fp",5,0,164,164,70,"Ambiguous","Consistent",164
"6008",6,38,"continuation","fp","continuation fp",7,0,178,178,70,"Ambiguous","Inconsistent",178
"6010",6,37,"continuation","fp","continuation fp",6,0,444,444,70,"Unambiguous","Consistent",444
"6011",7,47,"continuation","fp","continuation fp",5,0,414,414,70,"Ambiguous","Consistent",414
"6013",7,31,"continuation","fp","continuation fp",5,0,385,385,70,"Ambiguous","Consistent",385
"6015",7,30,"continuation","fp","continuation fp",8,1,0,NA,70,"Unambiguous","Inconsistent",NA
"6017",7,44,"continuation","fp","continuation fp",6,0,318,318,70,"Unambiguous","Consistent",318
"6019",7,42,"continuation","fp","continuation fp",8,0,168,168,70,"Unambiguous","Inconsistent",168
"6021",7,38,"continuation","fp","continuation fp",8,0,339,339,70,"Unambiguous","Inconsistent",339
"6023",7,39,"continuation","fp","continuation fp",5,0,93,93,70,"Ambiguous","Consistent",93
"6025",7,37,"continuation","fp","continuation fp",7,0,238,238,70,"Ambiguous","Inconsistent",238
"6027",7,28,"continuation","fp","continuation fp",6,0,381,381,70,"Unambiguous","Consistent",381
"6029",7,27,"continuation","fp","continuation fp",5,0,286,286,70,"Ambiguous","Consistent",286
"6031",7,34,"continuation","fp","continuation fp",8,0,284,284,70,"Unambiguous","Inconsistent",284
"6033",7,32,"continuation","fp","continuation fp",6,0,221,221,70,"Unambiguous","Consistent",221
"6035",7,36,"continuation","fp","continuation fp",6,0,266,266,70,"Unambiguous","Consistent",266
"6037",7,35,"continuation","fp","continuation fp",5,0,391,391,70,"Ambiguous","Consistent",391
"6039",7,45,"continuation","fp","continuation fp",7,0,332,332,70,"Ambiguous","Inconsistent",332
"6041",7,33,"continuation","fp","continuation fp",7,0,217,217,70,"Ambiguous","Inconsistent",217
"6043",7,29,"continuation","fp","continuation fp",7,0,248,248,70,"Ambiguous","Inconsistent",248
"6045",7,48,"continuation","fp","continuation fp",6,1,0,NA,70,"Unambiguous","Consistent",NA
"6047",7,26,"continuation","fp","continuation fp",8,0,186,186,70,"Unambiguous","Inconsistent",186
"6049",7,41,"continuation","fp","continuation fp",7,0,460,460,70,"Ambiguous","Inconsistent",460
"6051",7,25,"continuation","fp","continuation fp",7,0,551,551,70,"Ambiguous","Inconsistent",551
"6053",7,40,"continuation","fp","continuation fp",6,0,632,632,70,"Unambiguous","Consistent",632
"6055",7,43,"continuation","fp","continuation fp",5,0,322,322,70,"Ambiguous","Consistent",322
"6057",7,46,"continuation","fp","continuation fp",8,0,196,196,70,"Unambiguous","Inconsistent",196
"6059",8,41,"continuation","fp","continuation fp",8,0,298,298,70,"Unambiguous","Inconsistent",298
"6061",8,43,"continuation","fp","continuation fp",6,0,306,306,70,"Unambiguous","Consistent",306
"6063",8,48,"continuation","fp","continuation fp",7,0,306,306,70,"Ambiguous","Inconsistent",306
"6065",8,44,"continuation","fp","continuation fp",7,0,274,274,70,"Ambiguous","Inconsistent",274
"6067",8,28,"continuation","fp","continuation fp",7,0,322,322,70,"Ambiguous","Inconsistent",322
"6069",8,45,"continuation","fp","continuation fp",8,0,180,180,70,"Unambiguous","Inconsistent",180
"6071",8,27,"continuation","fp","continuation fp",6,0,426,426,70,"Unambiguous","Consistent",426
"6073",8,47,"continuation","fp","continuation fp",6,0,318,318,70,"Unambiguous","Consistent",318
"6075",8,36,"continuation","fp","continuation fp",7,0,340,340,70,"Ambiguous","Inconsistent",340
"6077",8,35,"continuation","fp","continuation fp",6,0,300,300,70,"Unambiguous","Consistent",300
"6079",8,31,"continuation","fp","continuation fp",6,0,302,302,70,"Unambiguous","Consistent",302
"6081",8,33,"continuation","fp","continuation fp",8,0,164,164,70,"Unambiguous","Inconsistent",164
"6083",8,30,"continuation","fp","continuation fp",5,0,222,222,70,"Ambiguous","Consistent",222
"6085",8,29,"continuation","fp","continuation fp",8,0,166,166,70,"Unambiguous","Inconsistent",166
"6087",8,46,"continuation","fp","continuation fp",5,0,300,300,70,"Ambiguous","Consistent",300
"6089",8,40,"continuation","fp","continuation fp",7,0,502,502,70,"Ambiguous","Inconsistent",502
"6091",8,34,"continuation","fp","continuation fp",5,0,320,320,70,"Ambiguous","Consistent",320
"6093",8,25,"continuation","fp","continuation fp",8,0,212,212,70,"Unambiguous","Inconsistent",212
"6095",8,38,"continuation","fp","continuation fp",5,0,338,338,70,"Ambiguous","Consistent",338
"6097",8,26,"continuation","fp","continuation fp",5,0,394,394,70,"Ambiguous","Consistent",394
"6099",8,42,"continuation","fp","continuation fp",5,0,316,316,70,"Ambiguous","Consistent",316
"6101",8,37,"continuation","fp","continuation fp",8,0,348,348,70,"Unambiguous","Inconsistent",348
"6103",8,32,"continuation","fp","continuation fp",7,0,266,266,70,"Ambiguous","Inconsistent",266
"6105",8,39,"continuation","fp","continuation fp",6,0,330,330,70,"Unambiguous","Consistent",330
"6107",9,29,"continuation","fp","continuation fp",5,0,356,356,70,"Ambiguous","Consistent",356
"6109",9,31,"continuation","fp","continuation fp",7,0,312,312,70,"Ambiguous","Inconsistent",312
"6111",9,44,"continuation","fp","continuation fp",8,0,262,262,70,"Unambiguous","Inconsistent",262
"6113",9,32,"continuation","fp","continuation fp",8,0,374,374,70,"Unambiguous","Inconsistent",374
"6115",9,26,"continuation","fp","continuation fp",6,0,424,424,70,"Unambiguous","Consistent",424
"6117",9,33,"continuation","fp","continuation fp",5,0,406,406,70,"Ambiguous","Consistent",406
"6119",9,47,"continuation","fp","continuation fp",7,0,304,304,70,"Ambiguous","Inconsistent",304
"6121",9,45,"continuation","fp","continuation fp",5,0,378,378,70,"Ambiguous","Consistent",378
"6123",9,37,"continuation","fp","continuation fp",5,0,270,270,70,"Ambiguous","Consistent",270
"6125",9,46,"continuation","fp","continuation fp",6,0,280,280,70,"Unambiguous","Consistent",280
"6127",9,25,"continuation","fp","continuation fp",5,0,258,258,70,"Ambiguous","Consistent",258
"6129",9,40,"continuation","fp","continuation fp",8,0,376,376,70,"Unambiguous","Inconsistent",376
"6131",9,27,"continuation","fp","continuation fp",7,0,336,336,70,"Ambiguous","Inconsistent",336
"6133",9,41,"continuation","fp","continuation fp",5,0,286,286,70,"Ambiguous","Consistent",286
"6135",9,30,"continuation","fp","continuation fp",6,0,372,372,70,"Unambiguous","Consistent",372
"6137",9,38,"continuation","fp","continuation fp",6,0,242,242,70,"Unambiguous","Consistent",242
"6139",9,39,"continuation","fp","continuation fp",7,1,0,NA,70,"Ambiguous","Inconsistent",NA
"6141",9,43,"continuation","fp","continuation fp",7,0,186,186,70,"Ambiguous","Inconsistent",186
"6143",9,28,"continuation","fp","continuation fp",8,0,188,188,70,"Unambiguous","Inconsistent",188
"6145",9,34,"continuation","fp","continuation fp",6,0,224,224,70,"Unambiguous","Consistent",224
"6147",9,36,"continuation","fp","continuation fp",8,0,232,232,70,"Unambiguous","Inconsistent",232
"6149",9,35,"continuation","fp","continuation fp",7,0,246,246,70,"Ambiguous","Inconsistent",246
"6151",9,48,"continuation","fp","continuation fp",8,0,266,266,70,"Unambiguous","Inconsistent",266
"6153",9,42,"continuation","fp","continuation fp",6,0,246,246,70,"Unambiguous","Consistent",246
"6156",10,30,"continuation","fp","continuation fp",7,0,424,424,70,"Ambiguous","Inconsistent",424
"6158",10,32,"continuation","fp","continuation fp",5,0,510,510,70,"Ambiguous","Consistent",510
"6160",10,41,"continuation","fp","continuation fp",6,0,216,216,70,"Unambiguous","Consistent",216
"6162",10,36,"continuation","fp","continuation fp",5,0,240,240,70,"Ambiguous","Consistent",240
"6164",10,40,"continuation","fp","continuation fp",5,0,260,260,70,"Ambiguous","Consistent",260
"6166",10,27,"continuation","fp","continuation fp",8,0,422,422,70,"Unambiguous","Inconsistent",422
"6168",10,46,"continuation","fp","continuation fp",7,0,300,300,70,"Ambiguous","Inconsistent",300
"6170",10,42,"continuation","fp","continuation fp",7,0,304,304,70,"Ambiguous","Inconsistent",304
"6172",10,37,"continuation","fp","continuation fp",6,0,256,256,70,"Unambiguous","Consistent",256
"6174",10,28,"continuation","fp","continuation fp",5,0,220,220,70,"Ambiguous","Consistent",220
"6176",10,35,"continuation","fp","continuation fp",8,0,276,276,70,"Unambiguous","Inconsistent",276
"6178",10,48,"continuation","fp","continuation fp",5,0,412,412,70,"Ambiguous","Consistent",412
"6180",10,33,"continuation","fp","continuation fp",6,0,280,280,70,"Unambiguous","Consistent",280
"6182",10,25,"continuation","fp","continuation fp",6,0,280,280,70,"Unambiguous","Consistent",280
"6184",10,29,"continuation","fp","continuation fp",6,0,346,346,70,"Unambiguous","Consistent",346
"6186",10,31,"continuation","fp","continuation fp",8,0,250,250,70,"Unambiguous","Inconsistent",250
"6188",10,44,"continuation","fp","continuation fp",5,0,368,368,70,"Ambiguous","Consistent",368
"6190",10,34,"continuation","fp","continuation fp",7,0,322,322,70,"Ambiguous","Inconsistent",322
"6192",10,26,"continuation","fp","continuation fp",7,0,214,214,70,"Ambiguous","Inconsistent",214
"6194",10,39,"continuation","fp","continuation fp",8,0,232,232,70,"Unambiguous","Inconsistent",232
"6196",10,47,"continuation","fp","continuation fp",8,0,456,456,70,"Unambiguous","Inconsistent",456
"6198",10,38,"continuation","fp","continuation fp",7,0,196,196,70,"Ambiguous","Inconsistent",196
"6200",10,45,"continuation","fp","continuation fp",6,0,282,282,70,"Unambiguous","Consistent",282
"6202",10,43,"continuation","fp","continuation fp",8,0,362,362,70,"Unambiguous","Inconsistent",362
"6204",11,25,"continuation","fp","continuation fp",7,0,834,834,70,"Ambiguous","Inconsistent",834
"6206",11,45,"continuation","fp","continuation fp",7,0,424,424,70,"Ambiguous","Inconsistent",424
"6208",11,26,"continuation","fp","continuation fp",8,0,440,440,70,"Unambiguous","Inconsistent",440
"6210",11,46,"continuation","fp","continuation fp",8,0,414,414,70,"Unambiguous","Inconsistent",414
"6212",11,27,"continuation","fp","continuation fp",5,0,680,680,70,"Ambiguous","Consistent",680
"6214",11,31,"continuation","fp","continuation fp",5,0,434,434,70,"Ambiguous","Consistent",434
"6216",11,41,"continuation","fp","continuation fp",7,0,290,290,70,"Ambiguous","Inconsistent",290
"6218",11,30,"continuation","fp","continuation fp",8,0,194,194,70,"Unambiguous","Inconsistent",194
"6220",11,38,"continuation","fp","continuation fp",8,0,354,354,70,"Unambiguous","Inconsistent",354
"6222",11,47,"continuation","fp","continuation fp",5,0,266,266,70,"Ambiguous","Consistent",266
"6224",11,36,"continuation","fp","continuation fp",6,0,1016,1016,70,"Unambiguous","Consistent",1016
"6226",11,37,"continuation","fp","continuation fp",7,0,414,414,70,"Ambiguous","Inconsistent",414
"6228",11,32,"continuation","fp","continuation fp",6,0,414,414,70,"Unambiguous","Consistent",414
"6230",11,44,"continuation","fp","continuation fp",6,0,370,370,70,"Unambiguous","Consistent",370
"6232",11,43,"continuation","fp","continuation fp",5,0,364,364,70,"Ambiguous","Consistent",364
"6234",11,28,"continuation","fp","continuation fp",6,0,184,184,70,"Unambiguous","Consistent",184
"6236",11,48,"continuation","fp","continuation fp",6,0,484,484,70,"Unambiguous","Consistent",484
"6238",11,42,"continuation","fp","continuation fp",8,0,594,594,70,"Unambiguous","Inconsistent",594
"6240",11,40,"continuation","fp","continuation fp",6,0,452,452,70,"Unambiguous","Consistent",452
"6242",11,35,"continuation","fp","continuation fp",5,0,382,382,70,"Ambiguous","Consistent",382
"6244",11,33,"continuation","fp","continuation fp",7,0,388,388,70,"Ambiguous","Inconsistent",388
"6246",11,39,"continuation","fp","continuation fp",5,0,480,480,70,"Ambiguous","Consistent",480
"6248",11,29,"continuation","fp","continuation fp",7,0,348,348,70,"Ambiguous","Inconsistent",348
"6250",11,34,"continuation","fp","continuation fp",8,0,236,236,70,"Unambiguous","Inconsistent",236
"6252",12,33,"continuation","fp","continuation fp",6,0,411,411,70,"Unambiguous","Consistent",411
"6254",12,34,"continuation","fp","continuation fp",7,0,290,290,70,"Ambiguous","Inconsistent",290
"6256",12,43,"continuation","fp","continuation fp",8,0,159,159,70,"Unambiguous","Inconsistent",159
"6258",12,35,"continuation","fp","continuation fp",8,0,255,255,70,"Unambiguous","Inconsistent",255
"6260",12,38,"continuation","fp","continuation fp",7,0,177,177,70,"Ambiguous","Inconsistent",177
"6262",12,44,"continuation","fp","continuation fp",5,0,191,191,70,"Ambiguous","Consistent",191
"6264",12,25,"continuation","fp","continuation fp",6,0,174,174,70,"Unambiguous","Consistent",174
"6266",12,36,"continuation","fp","continuation fp",5,0,302,302,70,"Ambiguous","Consistent",302
"6268",12,28,"continuation","fp","continuation fp",5,0,231,231,70,"Ambiguous","Consistent",231
"6270",12,31,"continuation","fp","continuation fp",8,0,151,151,70,"Unambiguous","Inconsistent",151
"6272",12,29,"continuation","fp","continuation fp",6,0,534,534,70,"Unambiguous","Consistent",534
"6274",12,30,"continuation","fp","continuation fp",7,1,0,NA,70,"Ambiguous","Inconsistent",NA
"6276",12,45,"continuation","fp","continuation fp",6,0,232,232,70,"Unambiguous","Consistent",232
"6278",12,27,"continuation","fp","continuation fp",8,0,247,247,70,"Unambiguous","Inconsistent",247
"6280",12,46,"continuation","fp","continuation fp",7,0,218,218,70,"Ambiguous","Inconsistent",218
"6282",12,41,"continuation","fp","continuation fp",6,0,288,288,70,"Unambiguous","Consistent",288
"6284",12,37,"continuation","fp","continuation fp",6,0,190,190,70,"Unambiguous","Consistent",190
"6286",12,32,"continuation","fp","continuation fp",5,0,186,186,70,"Ambiguous","Consistent",186
"6288",12,42,"continuation","fp","continuation fp",7,1,0,NA,70,"Ambiguous","Inconsistent",NA
"6290",12,47,"continuation","fp","continuation fp",8,0,144,144,70,"Unambiguous","Inconsistent",144
"6292",12,48,"continuation","fp","continuation fp",5,0,305,305,70,"Ambiguous","Consistent",305
"6294",12,39,"continuation","fp","continuation fp",8,1,0,NA,70,"Unambiguous","Inconsistent",NA
"6296",12,26,"continuation","fp","continuation fp",7,0,293,293,70,"Ambiguous","Inconsistent",293
"6298",12,40,"continuation","fp","continuation fp",5,0,179,179,70,"Ambiguous","Consistent",179
"6299",13,47,"continuation","fp","continuation fp",6,0,458,458,70,"Unambiguous","Consistent",458
"6301",13,27,"continuation","fp","continuation fp",6,0,354,354,70,"Unambiguous","Consistent",354
"6303",13,41,"continuation","fp","continuation fp",8,0,222,222,70,"Unambiguous","Inconsistent",222
"6305",13,35,"continuation","fp","continuation fp",6,0,402,402,70,"Unambiguous","Consistent",402
"6307",13,37,"continuation","fp","continuation fp",8,0,230,230,70,"Unambiguous","Inconsistent",230
"6309",13,43,"continuation","fp","continuation fp",6,0,476,476,70,"Unambiguous","Consistent",476
"6311",13,44,"continuation","fp","continuation fp",7,0,434,434,70,"Ambiguous","Inconsistent",434
"6313",13,46,"continuation","fp","continuation fp",5,0,190,190,70,"Ambiguous","Consistent",190
"6315",13,25,"continuation","fp","continuation fp",8,0,476,476,70,"Unambiguous","Inconsistent",476
"6317",13,30,"continuation","fp","continuation fp",5,0,304,304,70,"Ambiguous","Consistent",304
"6319",13,29,"continuation","fp","continuation fp",8,0,292,292,70,"Unambiguous","Inconsistent",292
"6321",13,31,"continuation","fp","continuation fp",6,0,170,170,70,"Unambiguous","Consistent",170
"6323",13,38,"continuation","fp","continuation fp",5,0,438,438,70,"Ambiguous","Consistent",438
"6325",13,32,"continuation","fp","continuation fp",7,0,278,278,70,"Ambiguous","Inconsistent",278
"6327",13,34,"continuation","fp","continuation fp",5,0,400,400,70,"Ambiguous","Consistent",400
"6329",13,26,"continuation","fp","continuation fp",5,0,262,262,70,"Ambiguous","Consistent",262
"6331",13,39,"continuation","fp","continuation fp",6,0,890,890,70,"Unambiguous","Consistent",NA
"6333",13,33,"continuation","fp","continuation fp",8,0,386,386,70,"Unambiguous","Inconsistent",386
"6335",13,36,"continuation","fp","continuation fp",7,0,302,302,70,"Ambiguous","Inconsistent",302
"6337",13,48,"continuation","fp","continuation fp",7,0,488,488,70,"Ambiguous","Inconsistent",488
"6339",13,40,"continuation","fp","continuation fp",7,0,198,198,70,"Ambiguous","Inconsistent",198
"6341",13,45,"continuation","fp","continuation fp",8,0,368,368,70,"Unambiguous","Inconsistent",368
"6343",13,42,"continuation","fp","continuation fp",5,0,416,416,70,"Ambiguous","Consistent",416
"6345",13,28,"continuation","fp","continuation fp",7,0,400,400,70,"Ambiguous","Inconsistent",400
"6348",14,41,"continuation","fp","continuation fp",5,0,198,198,70,"Ambiguous","Consistent",198
"6350",14,34,"continuation","fp","continuation fp",6,0,244,244,70,"Unambiguous","Consistent",244
"6352",14,35,"continuation","fp","continuation fp",7,0,260,260,70,"Ambiguous","Inconsistent",260
"6354",14,27,"continuation","fp","continuation fp",7,0,388,388,70,"Ambiguous","Inconsistent",388
"6356",14,44,"continuation","fp","continuation fp",8,0,236,236,70,"Unambiguous","Inconsistent",236
"6358",14,33,"continuation","fp","continuation fp",5,0,246,246,70,"Ambiguous","Consistent",246
"6360",14,28,"continuation","fp","continuation fp",8,1,0,NA,70,"Unambiguous","Inconsistent",NA
"6362",14,26,"continuation","fp","continuation fp",6,0,388,388,70,"Unambiguous","Consistent",388
"6364",14,37,"continuation","fp","continuation fp",5,0,246,246,70,"Ambiguous","Consistent",246
"6366",14,36,"continuation","fp","continuation fp",8,0,236,236,70,"Unambiguous","Inconsistent",236
"6368",14,46,"continuation","fp","continuation fp",6,0,318,318,70,"Unambiguous","Consistent",318
"6370",14,29,"continuation","fp","continuation fp",5,0,284,284,70,"Ambiguous","Consistent",284
"6372",14,38,"continuation","fp","continuation fp",6,0,218,218,70,"Unambiguous","Consistent",218
"6374",14,39,"continuation","fp","continuation fp",7,0,190,190,70,"Ambiguous","Inconsistent",190
"6376",14,47,"continuation","fp","continuation fp",7,0,270,270,70,"Ambiguous","Inconsistent",270
"6378",14,25,"continuation","fp","continuation fp",5,0,220,220,70,"Ambiguous","Consistent",220
"6380",14,48,"continuation","fp","continuation fp",8,0,226,226,70,"Unambiguous","Inconsistent",226
"6382",14,42,"continuation","fp","continuation fp",6,0,288,288,70,"Unambiguous","Consistent",288
"6384",14,45,"continuation","fp","continuation fp",5,0,170,170,70,"Ambiguous","Consistent",170
"6386",14,43,"continuation","fp","continuation fp",7,0,402,402,70,"Ambiguous","Inconsistent",402
"6388",14,32,"continuation","fp","continuation fp",8,0,156,156,70,"Unambiguous","Inconsistent",156
"6390",14,40,"continuation","fp","continuation fp",8,0,490,490,70,"Unambiguous","Inconsistent",490
"6392",14,30,"continuation","fp","continuation fp",6,0,192,192,70,"Unambiguous","Consistent",192
"6394",14,31,"continuation","fp","continuation fp",7,0,150,150,70,"Ambiguous","Inconsistent",150
"6396",15,34,"continuation","fp","continuation fp",7,0,240,240,70,"Ambiguous","Inconsistent",240
"6398",15,30,"continuation","fp","continuation fp",7,0,266,266,70,"Ambiguous","Inconsistent",266
"6400",15,35,"continuation","fp","continuation fp",8,0,278,278,70,"Unambiguous","Inconsistent",278
"6402",15,38,"continuation","fp","continuation fp",7,0,406,406,70,"Ambiguous","Inconsistent",406
"6404",15,46,"continuation","fp","continuation fp",7,0,306,306,70,"Ambiguous","Inconsistent",306
"6405",15,36,"continuation","fp","continuation fp",5,0,540,540,70,"Ambiguous","Consistent",540
"6407",15,25,"continuation","fp","continuation fp",6,0,268,268,70,"Unambiguous","Consistent",268
"6409",15,28,"continuation","fp","continuation fp",5,0,162,162,70,"Ambiguous","Consistent",162
"6411",15,33,"continuation","fp","continuation fp",6,0,434,434,70,"Unambiguous","Consistent",434
"6413",15,42,"continuation","fp","continuation fp",7,0,248,248,70,"Ambiguous","Inconsistent",248
"6415",15,45,"continuation","fp","continuation fp",6,0,234,234,70,"Unambiguous","Consistent",234
"6417",15,29,"continuation","fp","continuation fp",6,0,148,148,70,"Unambiguous","Consistent",148
"6419",15,41,"continuation","fp","continuation fp",6,1,0,NA,70,"Unambiguous","Consistent",NA
"6421",15,31,"continuation","fp","continuation fp",8,0,284,284,70,"Unambiguous","Inconsistent",284
"6423",15,47,"continuation","fp","continuation fp",8,0,472,472,70,"Unambiguous","Inconsistent",472
"6424",15,37,"continuation","fp","continuation fp",6,0,340,340,70,"Unambiguous","Consistent",340
"6426",15,27,"continuation","fp","continuation fp",8,0,274,274,70,"Unambiguous","Inconsistent",274
"6427",15,48,"continuation","fp","continuation fp",5,0,504,504,70,"Ambiguous","Consistent",504
"6429",15,40,"continuation","fp","continuation fp",5,1,0,NA,70,"Ambiguous","Consistent",NA
"6431",15,43,"continuation","fp","continuation fp",8,0,376,376,70,"Unambiguous","Inconsistent",376
"6433",15,39,"continuation","fp","continuation fp",8,0,370,370,70,"Unambiguous","Inconsistent",370
"6435",15,26,"continuation","fp","continuation fp",7,0,240,240,70,"Ambiguous","Inconsistent",240
"6436",15,44,"continuation","fp","continuation fp",5,1,0,NA,70,"Ambiguous","Consistent",NA
"6438",15,32,"continuation","fp","continuation fp",5,0,136,136,70,"Ambiguous","Consistent",136
"6440",16,33,"continuation","fp","continuation fp",7,0,328,328,70,"Ambiguous","Inconsistent",328
"6442",16,25,"continuation","fp","continuation fp",7,0,242,242,70,"Ambiguous","Inconsistent",242
"6444",16,36,"continuation","fp","continuation fp",6,0,282,282,70,"Unambiguous","Consistent",282
"6446",16,47,"continuation","fp","continuation fp",5,0,384,384,70,"Ambiguous","Consistent",384
"6448",16,48,"continuation","fp","continuation fp",6,0,246,246,70,"Unambiguous","Consistent",246
"6450",16,30,"continuation","fp","continuation fp",8,0,218,218,70,"Unambiguous","Inconsistent",218
"6452",16,27,"continuation","fp","continuation fp",5,0,316,316,70,"Ambiguous","Consistent",316
"6454",16,41,"continuation","fp","continuation fp",7,0,192,192,70,"Ambiguous","Inconsistent",192
"6456",16,46,"continuation","fp","continuation fp",8,0,268,268,70,"Unambiguous","Inconsistent",268
"6458",16,38,"continuation","fp","continuation fp",8,0,284,284,70,"Unambiguous","Inconsistent",284
"6460",16,44,"continuation","fp","continuation fp",6,0,208,208,70,"Unambiguous","Consistent",208
"6462",16,28,"continuation","fp","continuation fp",6,0,304,304,70,"Unambiguous","Consistent",304
"6464",16,31,"continuation","fp","continuation fp",5,0,214,214,70,"Ambiguous","Consistent",214
"6466",16,29,"continuation","fp","continuation fp",7,0,358,358,70,"Ambiguous","Inconsistent",358
"6468",16,37,"continuation","fp","continuation fp",7,0,252,252,70,"Ambiguous","Inconsistent",252
"6470",16,32,"continuation","fp","continuation fp",6,0,218,218,70,"Unambiguous","Consistent",218
"6472",16,43,"continuation","fp","continuation fp",5,0,234,234,70,"Ambiguous","Consistent",234
"6474",16,26,"continuation","fp","continuation fp",8,0,314,314,70,"Unambiguous","Inconsistent",314
"6476",16,34,"continuation","fp","continuation fp",8,0,210,210,70,"Unambiguous","Inconsistent",210
"6478",16,35,"continuation","fp","continuation fp",5,0,234,234,70,"Ambiguous","Consistent",234
"6480",16,42,"continuation","fp","continuation fp",8,0,210,210,70,"Unambiguous","Inconsistent",210
"6482",16,45,"continuation","fp","continuation fp",7,0,332,332,70,"Ambiguous","Inconsistent",332
"6484",16,40,"continuation","fp","continuation fp",6,0,218,218,70,"Unambiguous","Consistent",218
"6486",16,39,"continuation","fp","continuation fp",5,0,192,192,70,"Ambiguous","Consistent",192
"6488",17,35,"continuation","fp","continuation fp",6,0,572,572,70,"Unambiguous","Consistent",572
"6490",17,40,"continuation","fp","continuation fp",7,0,314,314,70,"Ambiguous","Inconsistent",314
"6492",17,42,"continuation","fp","continuation fp",5,0,448,448,70,"Ambiguous","Consistent",448
"6494",17,31,"continuation","fp","continuation fp",6,0,318,318,70,"Unambiguous","Consistent",318
"6496",17,33,"continuation","fp","continuation fp",8,0,234,234,70,"Unambiguous","Inconsistent",234
"6498",17,29,"continuation","fp","continuation fp",8,0,116,116,70,"Unambiguous","Inconsistent",116
"6500",17,28,"continuation","fp","continuation fp",7,0,318,318,70,"Ambiguous","Inconsistent",318
"6502",17,41,"continuation","fp","continuation fp",8,0,616,616,70,"Unambiguous","Inconsistent",616
"6504",17,44,"continuation","fp","continuation fp",7,0,238,238,70,"Ambiguous","Inconsistent",238
"6506",17,37,"continuation","fp","continuation fp",8,0,442,442,70,"Unambiguous","Inconsistent",442
"6508",17,30,"continuation","fp","continuation fp",5,0,178,178,70,"Ambiguous","Consistent",178
"6510",17,38,"continuation","fp","continuation fp",5,0,368,368,70,"Ambiguous","Consistent",368
"6512",17,47,"continuation","fp","continuation fp",6,1,0,NA,70,"Unambiguous","Consistent",NA
"6514",17,32,"continuation","fp","continuation fp",7,0,252,252,70,"Ambiguous","Inconsistent",252
"6516",17,45,"continuation","fp","continuation fp",8,0,430,430,70,"Unambiguous","Inconsistent",430
"6518",17,39,"continuation","fp","continuation fp",6,0,272,272,70,"Unambiguous","Consistent",272
"6520",17,27,"continuation","fp","continuation fp",6,0,206,206,70,"Unambiguous","Consistent",206
"6522",17,43,"continuation","fp","continuation fp",6,0,192,192,70,"Unambiguous","Consistent",192
"6524",17,48,"continuation","fp","continuation fp",7,0,308,308,70,"Ambiguous","Inconsistent",308
"6526",17,34,"continuation","fp","continuation fp",5,0,258,258,70,"Ambiguous","Consistent",258
"6528",17,25,"continuation","fp","continuation fp",8,0,370,370,70,"Unambiguous","Inconsistent",370
"6530",17,36,"continuation","fp","continuation fp",7,0,254,254,70,"Ambiguous","Inconsistent",254
"6532",17,26,"continuation","fp","continuation fp",5,1,0,NA,70,"Ambiguous","Consistent",NA
"6534",17,46,"continuation","fp","continuation fp",5,1,0,NA,70,"Ambiguous","Consistent",NA
"6536",18,47,"continuation","fp","continuation fp",7,0,494,494,70,"Ambiguous","Inconsistent",494
"6538",18,28,"continuation","fp","continuation fp",8,0,352,352,70,"Unambiguous","Inconsistent",352
"6540",18,27,"continuation","fp","continuation fp",7,1,0,NA,70,"Ambiguous","Inconsistent",NA
"6542",18,38,"continuation","fp","continuation fp",6,0,352,352,70,"Unambiguous","Consistent",352
"6544",18,34,"continuation","fp","continuation fp",6,0,358,358,70,"Unambiguous","Consistent",358
"6546",18,39,"continuation","fp","continuation fp",7,1,0,NA,70,"Ambiguous","Inconsistent",NA
"6548",18,31,"continuation","fp","continuation fp",7,0,372,372,70,"Ambiguous","Inconsistent",372
"6550",18,37,"continuation","fp","continuation fp",5,0,268,268,70,"Ambiguous","Consistent",268
"6552",18,45,"continuation","fp","continuation fp",5,0,334,334,70,"Ambiguous","Consistent",334
"6554",18,40,"continuation","fp","continuation fp",8,0,716,716,70,"Unambiguous","Inconsistent",716
"6556",18,33,"continuation","fp","continuation fp",5,0,284,284,70,"Ambiguous","Consistent",284
"6558",18,48,"continuation","fp","continuation fp",8,0,326,326,70,"Unambiguous","Inconsistent",326
"6560",18,30,"continuation","fp","continuation fp",6,0,304,304,70,"Unambiguous","Consistent",304
"6562",18,42,"continuation","fp","continuation fp",6,0,432,432,70,"Unambiguous","Consistent",432
"6564",18,25,"continuation","fp","continuation fp",5,0,476,476,70,"Ambiguous","Consistent",476
"6566",18,32,"continuation","fp","continuation fp",8,0,130,130,70,"Unambiguous","Inconsistent",130
"6568",18,44,"continuation","fp","continuation fp",8,1,0,NA,70,"Unambiguous","Inconsistent",NA
"6570",18,29,"continuation","fp","continuation fp",5,0,288,288,70,"Ambiguous","Consistent",288
"6572",18,41,"continuation","fp","continuation fp",5,0,334,334,70,"Ambiguous","Consistent",334
"6574",18,35,"continuation","fp","continuation fp",7,0,296,296,70,"Ambiguous","Inconsistent",296
"6576",18,46,"continuation","fp","continuation fp",6,0,168,168,70,"Unambiguous","Consistent",168
"6578",18,26,"continuation","fp","continuation fp",6,1,0,NA,70,"Unambiguous","Consistent",NA
"6580",18,36,"continuation","fp","continuation fp",8,0,318,318,70,"Unambiguous","Inconsistent",318
"6582",18,43,"continuation","fp","continuation fp",7,0,382,382,70,"Ambiguous","Inconsistent",382
"6583",19,29,"continuation","fp","continuation fp",6,0,280,280,70,"Unambiguous","Consistent",280
"6585",19,45,"continuation","fp","continuation fp",6,0,304,304,70,"Unambiguous","Consistent",304
"6587",19,27,"continuation","fp","continuation fp",8,0,224,224,70,"Unambiguous","Inconsistent",224
"6589",19,46,"continuation","fp","continuation fp",7,0,226,226,70,"Ambiguous","Inconsistent",226
"6591",19,41,"continuation","fp","continuation fp",6,0,596,596,70,"Unambiguous","Consistent",596
"6593",19,30,"continuation","fp","continuation fp",7,0,398,398,70,"Ambiguous","Inconsistent",398
"6595",19,47,"continuation","fp","continuation fp",8,0,240,240,70,"Unambiguous","Inconsistent",240
"6597",19,33,"continuation","fp","continuation fp",6,0,282,282,70,"Unambiguous","Consistent",282
"6599",19,39,"continuation","fp","continuation fp",8,0,308,308,70,"Unambiguous","Inconsistent",308
"6601",19,40,"continuation","fp","continuation fp",5,0,308,308,70,"Ambiguous","Consistent",308
"6603",19,48,"continuation","fp","continuation fp",5,0,366,366,70,"Ambiguous","Consistent",366
"6605",19,32,"continuation","fp","continuation fp",5,0,298,298,70,"Ambiguous","Consistent",298
"6607",19,42,"continuation","fp","continuation fp",7,0,182,182,70,"Ambiguous","Inconsistent",182
"6609",19,31,"continuation","fp","continuation fp",8,0,358,358,70,"Unambiguous","Inconsistent",358
"6611",19,34,"continuation","fp","continuation fp",7,0,178,178,70,"Ambiguous","Inconsistent",178
"6613",19,35,"continuation","fp","continuation fp",8,0,166,166,70,"Unambiguous","Inconsistent",166
"6615",19,37,"continuation","fp","continuation fp",6,0,292,292,70,"Unambiguous","Consistent",292
"6617",19,26,"continuation","fp","continuation fp",7,0,278,278,70,"Ambiguous","Inconsistent",278
"6619",19,43,"continuation","fp","continuation fp",8,0,252,252,70,"Unambiguous","Inconsistent",252
"6621",19,25,"continuation","fp","continuation fp",6,0,180,180,70,"Unambiguous","Consistent",180
"6623",19,28,"continuation","fp","continuation fp",5,0,224,224,70,"Ambiguous","Consistent",224
"6625",19,44,"continuation","fp","continuation fp",5,0,358,358,70,"Ambiguous","Consistent",358
"6627",19,36,"continuation","fp","continuation fp",5,0,366,366,70,"Ambiguous","Consistent",366
"6629",19,38,"continuation","fp","continuation fp",7,0,182,182,70,"Ambiguous","Inconsistent",182
"6631",20,41,"continuation","fp","continuation fp",7,1,0,NA,70,"Ambiguous","Inconsistent",NA
"6633",20,37,"continuation","fp","continuation fp",7,0,346,346,70,"Ambiguous","Inconsistent",346
"6635",20,47,"continuation","fp","continuation fp",5,0,316,316,70,"Ambiguous","Consistent",316
"6637",20,25,"continuation","fp","continuation fp",7,0,278,278,70,"Ambiguous","Inconsistent",278
"6639",20,39,"continuation","fp","continuation fp",5,1,0,NA,70,"Ambiguous","Consistent",NA
"6641",20,40,"continuation","fp","continuation fp",6,0,316,316,70,"Unambiguous","Consistent",316
"6643",20,30,"continuation","fp","continuation fp",8,0,322,322,70,"Unambiguous","Inconsistent",322
"6645",20,34,"continuation","fp","continuation fp",8,0,378,378,70,"Unambiguous","Inconsistent",378
"6647",20,26,"continuation","fp","continuation fp",8,0,318,318,70,"Unambiguous","Inconsistent",318
"6649",20,28,"continuation","fp","continuation fp",6,0,362,362,70,"Unambiguous","Consistent",362
"6651",20,36,"continuation","fp","continuation fp",6,0,396,396,70,"Unambiguous","Consistent",396
"6653",20,45,"continuation","fp","continuation fp",7,0,382,382,70,"Ambiguous","Inconsistent",382
"6655",20,42,"continuation","fp","continuation fp",8,0,366,366,70,"Unambiguous","Inconsistent",366
"6657",20,29,"continuation","fp","continuation fp",7,0,222,222,70,"Ambiguous","Inconsistent",222
"6659",20,44,"continuation","fp","continuation fp",6,0,326,326,70,"Unambiguous","Consistent",326
"6661",20,46,"continuation","fp","continuation fp",8,0,170,170,70,"Unambiguous","Inconsistent",170
"6663",20,32,"continuation","fp","continuation fp",6,0,394,394,70,"Unambiguous","Consistent",394
"6665",20,38,"continuation","fp","continuation fp",8,0,360,360,70,"Unambiguous","Inconsistent",360
"6667",20,43,"continuation","fp","continuation fp",5,0,330,330,70,"Ambiguous","Consistent",330
"6669",20,33,"continuation","fp","continuation fp",7,0,210,210,70,"Ambiguous","Inconsistent",210
"6671",20,31,"continuation","fp","continuation fp",5,0,202,202,70,"Ambiguous","Consistent",202
"6673",20,35,"continuation","fp","continuation fp",5,0,302,302,70,"Ambiguous","Consistent",302
"6675",20,48,"continuation","fp","continuation fp",6,0,166,166,70,"Unambiguous","Consistent",166
"6677",20,27,"continuation","fp","continuation fp",5,0,254,254,70,"Ambiguous","Consistent",254
"6679",21,31,"continuation","fp","continuation fp",6,0,344,344,70,"Unambiguous","Consistent",344
"6681",21,37,"continuation","fp","continuation fp",8,0,412,412,70,"Unambiguous","Inconsistent",412
"6683",21,36,"continuation","fp","continuation fp",7,0,426,426,70,"Ambiguous","Inconsistent",426
"6685",21,46,"continuation","fp","continuation fp",5,0,408,408,70,"Ambiguous","Consistent",408
"6687",21,28,"continuation","fp","continuation fp",7,0,156,156,70,"Ambiguous","Inconsistent",156
"6689",21,34,"continuation","fp","continuation fp",5,0,326,326,70,"Ambiguous","Consistent",326
"6691",21,35,"continuation","fp","continuation fp",6,0,306,306,70,"Unambiguous","Consistent",306
"6693",21,48,"continuation","fp","continuation fp",7,0,754,754,70,"Ambiguous","Inconsistent",754
"6695",21,47,"continuation","fp","continuation fp",6,0,348,348,70,"Unambiguous","Consistent",348
"6697",21,40,"continuation","fp","continuation fp",7,0,344,344,70,"Ambiguous","Inconsistent",344
"6699",21,41,"continuation","fp","continuation fp",8,0,226,226,70,"Unambiguous","Inconsistent",226
"6701",21,44,"continuation","fp","continuation fp",7,0,368,368,70,"Ambiguous","Inconsistent",368
"6703",21,43,"continuation","fp","continuation fp",6,0,298,298,70,"Unambiguous","Consistent",298
"6705",21,25,"continuation","fp","continuation fp",8,0,442,442,70,"Unambiguous","Inconsistent",442
"6707",21,39,"continuation","fp","continuation fp",6,0,452,452,70,"Unambiguous","Consistent",452
"6709",21,32,"continuation","fp","continuation fp",7,0,672,672,70,"Ambiguous","Inconsistent",672
"6711",21,27,"continuation","fp","continuation fp",6,0,274,274,70,"Unambiguous","Consistent",274
"6713",21,26,"continuation","fp","continuation fp",5,0,550,550,70,"Ambiguous","Consistent",550
"6715",21,45,"continuation","fp","continuation fp",8,0,370,370,70,"Unambiguous","Inconsistent",370
"6717",21,38,"continuation","fp","continuation fp",5,0,176,176,70,"Ambiguous","Consistent",176
"6719",21,33,"continuation","fp","continuation fp",8,0,214,214,70,"Unambiguous","Inconsistent",214
"6721",21,30,"continuation","fp","continuation fp",5,0,256,256,70,"Ambiguous","Consistent",256
"6723",21,29,"continuation","fp","continuation fp",8,0,526,526,70,"Unambiguous","Inconsistent",526
"6725",21,42,"continuation","fp","continuation fp",5,0,294,294,70,"Ambiguous","Consistent",294
"6728",22,47,"continuation","fp","continuation fp",7,0,420,420,70,"Ambiguous","Inconsistent",420
"6730",22,36,"continuation","fp","continuation fp",8,0,512,512,70,"Unambiguous","Inconsistent",512
"6732",22,25,"continuation","fp","continuation fp",5,0,276,276,70,"Ambiguous","Consistent",276
"6734",22,43,"continuation","fp","continuation fp",7,0,334,334,70,"Ambiguous","Inconsistent",334
"6736",22,27,"continuation","fp","continuation fp",7,0,292,292,70,"Ambiguous","Inconsistent",292
"6738",22,38,"continuation","fp","continuation fp",6,0,282,282,70,"Unambiguous","Consistent",282
"6740",22,35,"continuation","fp","continuation fp",7,0,274,274,70,"Ambiguous","Inconsistent",274
"6742",22,40,"continuation","fp","continuation fp",8,0,302,302,70,"Unambiguous","Inconsistent",302
"6744",22,45,"continuation","fp","continuation fp",5,0,364,364,70,"Ambiguous","Consistent",364
"6746",22,39,"continuation","fp","continuation fp",7,0,282,282,70,"Ambiguous","Inconsistent",282
"6748",22,28,"continuation","fp","continuation fp",8,0,336,336,70,"Unambiguous","Inconsistent",336
"6750",22,42,"continuation","fp","continuation fp",6,0,358,358,70,"Unambiguous","Consistent",358
"6752",22,37,"continuation","fp","continuation fp",5,0,312,312,70,"Ambiguous","Consistent",312
"6754",22,30,"continuation","fp","continuation fp",6,0,404,404,70,"Unambiguous","Consistent",404
"6756",22,31,"continuation","fp","continuation fp",7,0,368,368,70,"Ambiguous","Inconsistent",368
"6758",22,32,"continuation","fp","continuation fp",8,0,266,266,70,"Unambiguous","Inconsistent",266
"6760",22,46,"continuation","fp","continuation fp",6,0,400,400,70,"Unambiguous","Consistent",400
"6762",22,34,"continuation","fp","continuation fp",6,0,340,340,70,"Unambiguous","Consistent",340
"6764",22,33,"continuation","fp","continuation fp",5,0,320,320,70,"Ambiguous","Consistent",320
"6766",22,26,"continuation","fp","continuation fp",6,0,236,236,70,"Unambiguous","Consistent",236
"6768",22,29,"continuation","fp","continuation fp",5,0,420,420,70,"Ambiguous","Consistent",420
"6770",22,41,"continuation","fp","continuation fp",5,0,220,220,70,"Ambiguous","Consistent",220
"6772",22,48,"continuation","fp","continuation fp",8,0,474,474,70,"Unambiguous","Inconsistent",474
"6774",22,44,"continuation","fp","continuation fp",8,0,372,372,70,"Unambiguous","Inconsistent",372
"6776",23,34,"continuation","fp","continuation fp",8,0,312,312,70,"Unambiguous","Inconsistent",312
"6778",23,28,"continuation","fp","continuation fp",6,0,347,347,70,"Unambiguous","Consistent",347
"6780",23,43,"continuation","fp","continuation fp",5,0,217,217,70,"Ambiguous","Consistent",217
"6782",23,33,"continuation","fp","continuation fp",7,0,591,591,70,"Ambiguous","Inconsistent",591
"6784",23,45,"continuation","fp","continuation fp",7,0,287,287,70,"Ambiguous","Inconsistent",287
"6786",23,35,"continuation","fp","continuation fp",5,0,234,234,70,"Ambiguous","Consistent",234
"6788",23,37,"continuation","fp","continuation fp",7,0,216,216,70,"Ambiguous","Inconsistent",216
"6790",23,29,"continuation","fp","continuation fp",7,0,188,188,70,"Ambiguous","Inconsistent",188
"6792",23,38,"continuation","fp","continuation fp",8,0,195,195,70,"Unambiguous","Inconsistent",195
"6794",23,32,"continuation","fp","continuation fp",6,0,274,274,70,"Unambiguous","Consistent",274
"6796",23,30,"continuation","fp","continuation fp",8,1,0,NA,70,"Unambiguous","Inconsistent",NA
"6798",23,44,"continuation","fp","continuation fp",6,0,240,240,70,"Unambiguous","Consistent",240
"6800",23,31,"continuation","fp","continuation fp",5,0,407,407,70,"Ambiguous","Consistent",407
"6802",23,41,"continuation","fp","continuation fp",7,0,269,269,70,"Ambiguous","Inconsistent",269
"6804",23,26,"continuation","fp","continuation fp",8,0,319,319,70,"Unambiguous","Inconsistent",319
"6806",23,36,"continuation","fp","continuation fp",6,0,250,250,70,"Unambiguous","Consistent",250
"6808",23,47,"continuation","fp","continuation fp",5,0,245,245,70,"Ambiguous","Consistent",245
"6810",23,40,"continuation","fp","continuation fp",6,0,271,271,70,"Unambiguous","Consistent",271
"6812",23,39,"continuation","fp","continuation fp",5,0,184,184,70,"Ambiguous","Consistent",184
"6814",23,46,"continuation","fp","continuation fp",8,0,267,267,70,"Unambiguous","Inconsistent",267
"6816",23,42,"continuation","fp","continuation fp",8,0,169,169,70,"Unambiguous","Inconsistent",169
"6818",23,25,"continuation","fp","continuation fp",7,0,238,238,70,"Ambiguous","Inconsistent",238
"6820",23,48,"continuation","fp","continuation fp",6,1,0,NA,70,"Unambiguous","Consistent",NA
"6822",23,27,"continuation","fp","continuation fp",5,0,164,164,70,"Ambiguous","Consistent",164
"6824",24,34,"continuation","fp","continuation fp",7,0,612,612,70,"Ambiguous","Inconsistent",612
"6825",24,39,"continuation","fp","continuation fp",8,0,300,300,70,"Unambiguous","Inconsistent",300
"6827",24,46,"continuation","fp","continuation fp",7,0,576,576,70,"Ambiguous","Inconsistent",576
"6829",24,44,"continuation","fp","continuation fp",5,0,390,390,70,"Ambiguous","Consistent",390
"6831",24,30,"continuation","fp","continuation fp",7,0,494,494,70,"Ambiguous","Inconsistent",494
"6833",24,40,"continuation","fp","continuation fp",5,0,514,514,70,"Ambiguous","Consistent",514
"6835",24,37,"continuation","fp","continuation fp",6,0,412,412,70,"Unambiguous","Consistent",412
"6837",24,31,"continuation","fp","continuation fp",8,0,326,326,70,"Unambiguous","Inconsistent",326
"6839",24,26,"continuation","fp","continuation fp",7,0,628,628,70,"Ambiguous","Inconsistent",628
"6841",24,42,"continuation","fp","continuation fp",7,0,360,360,70,"Ambiguous","Inconsistent",360
"6843",24,27,"continuation","fp","continuation fp",8,1,0,NA,70,"Unambiguous","Inconsistent",NA
"6845",24,35,"continuation","fp","continuation fp",8,0,1196,1196,70,"Unambiguous","Inconsistent",NA
"6847",24,48,"continuation","fp","continuation fp",5,0,492,492,70,"Ambiguous","Consistent",492
"6849",24,32,"continuation","fp","continuation fp",5,0,524,524,70,"Ambiguous","Consistent",524
"6851",24,36,"continuation","fp","continuation fp",5,0,364,364,70,"Ambiguous","Consistent",364
"6853",24,38,"continuation","fp","continuation fp",7,0,232,232,70,"Ambiguous","Inconsistent",232
"6855",24,45,"continuation","fp","continuation fp",6,0,388,388,70,"Unambiguous","Consistent",388
"6857",24,33,"continuation","fp","continuation fp",6,0,502,502,70,"Unambiguous","Consistent",502
"6859",24,28,"continuation","fp","continuation fp",5,0,422,422,70,"Ambiguous","Consistent",422
"6861",24,41,"continuation","fp","continuation fp",6,0,254,254,70,"Unambiguous","Consistent",254
"6863",24,43,"continuation","fp","continuation fp",8,0,350,350,70,"Unambiguous","Inconsistent",350
"6865",24,25,"continuation","fp","continuation fp",6,0,442,442,70,"Unambiguous","Consistent",442
"6867",24,29,"continuation","fp","continuation fp",6,0,614,614,70,"Unambiguous","Consistent",614
"6869",24,47,"continuation","fp","continuation fp",8,0,394,394,70,"Unambiguous","Inconsistent",394
"6870",25,29,"continuation","fp","continuation fp",7,0,204,204,70,"Ambiguous","Inconsistent",204
"6872",25,43,"continuation","fp","continuation fp",5,0,204,204,70,"Ambiguous","Consistent",204
"6874",25,34,"continuation","fp","continuation fp",8,0,246,246,70,"Unambiguous","Inconsistent",246
"6876",25,46,"continuation","fp","continuation fp",8,0,194,194,70,"Unambiguous","Inconsistent",194
"6878",25,26,"continuation","fp","continuation fp",8,0,328,328,70,"Unambiguous","Inconsistent",328
"6880",25,37,"continuation","fp","continuation fp",7,0,186,186,70,"Ambiguous","Inconsistent",186
"6882",25,45,"continuation","fp","continuation fp",7,0,206,206,70,"Ambiguous","Inconsistent",206
"6884",25,44,"continuation","fp","continuation fp",6,0,208,208,70,"Unambiguous","Consistent",208
"6886",25,35,"continuation","fp","continuation fp",5,0,328,328,70,"Ambiguous","Consistent",328
"6888",25,47,"continuation","fp","continuation fp",5,1,0,NA,70,"Ambiguous","Consistent",NA
"6890",25,27,"continuation","fp","continuation fp",5,0,202,202,70,"Ambiguous","Consistent",202
"6892",25,32,"continuation","fp","continuation fp",6,0,180,180,70,"Unambiguous","Consistent",180
"6894",25,25,"continuation","fp","continuation fp",7,0,212,212,70,"Ambiguous","Inconsistent",212
"6896",25,31,"continuation","fp","continuation fp",5,0,136,136,70,"Ambiguous","Consistent",136
"6898",25,38,"continuation","fp","continuation fp",8,0,150,150,70,"Unambiguous","Inconsistent",150
"6900",25,36,"continuation","fp","continuation fp",6,0,152,152,70,"Unambiguous","Consistent",152
"6902",25,48,"continuation","fp","continuation fp",6,0,150,150,70,"Unambiguous","Consistent",150
"6904",25,40,"continuation","fp","continuation fp",6,1,0,NA,70,"Unambiguous","Consistent",NA
"6906",25,42,"continuation","fp","continuation fp",8,0,144,144,70,"Unambiguous","Inconsistent",144
"6908",25,28,"continuation","fp","continuation fp",6,0,162,162,70,"Unambiguous","Consistent",162
"6910",25,33,"continuation","fp","continuation fp",7,0,162,162,70,"Ambiguous","Inconsistent",162
"6912",25,41,"continuation","fp","continuation fp",7,0,194,194,70,"Ambiguous","Inconsistent",194
"6914",25,30,"continuation","fp","continuation fp",8,0,162,162,70,"Unambiguous","Inconsistent",162
"6916",25,39,"continuation","fp","continuation fp",5,0,192,192,70,"Ambiguous","Consistent",192
"6918",26,42,"continuation","fp","continuation fp",5,0,474,474,70,"Ambiguous","Consistent",474
"6920",26,37,"continuation","fp","continuation fp",8,0,520,520,70,"Unambiguous","Inconsistent",520
"6922",26,26,"continuation","fp","continuation fp",5,0,378,378,70,"Ambiguous","Consistent",378
"6924",26,33,"continuation","fp","continuation fp",8,0,304,304,70,"Unambiguous","Inconsistent",304
"6926",26,31,"continuation","fp","continuation fp",6,0,414,414,70,"Unambiguous","Consistent",414
"6928",26,47,"continuation","fp","continuation fp",6,0,440,440,70,"Unambiguous","Consistent",440
"6930",26,43,"continuation","fp","continuation fp",6,0,368,368,70,"Unambiguous","Consistent",368
"6932",26,27,"continuation","fp","continuation fp",6,0,464,464,70,"Unambiguous","Consistent",464
"6934",26,38,"continuation","fp","continuation fp",5,0,396,396,70,"Ambiguous","Consistent",396
"6936",26,46,"continuation","fp","continuation fp",5,0,232,232,70,"Ambiguous","Consistent",232
"6938",26,34,"continuation","fp","continuation fp",5,0,262,262,70,"Ambiguous","Consistent",262
"6940",26,45,"continuation","fp","continuation fp",8,0,418,418,70,"Unambiguous","Inconsistent",418
"6942",26,44,"continuation","fp","continuation fp",7,0,692,692,70,"Ambiguous","Inconsistent",692
"6944",26,39,"continuation","fp","continuation fp",6,0,470,470,70,"Unambiguous","Consistent",470
"6946",26,25,"continuation","fp","continuation fp",8,0,620,620,70,"Unambiguous","Inconsistent",620
"6948",26,28,"continuation","fp","continuation fp",7,0,518,518,70,"Ambiguous","Inconsistent",518
"6950",26,35,"continuation","fp","continuation fp",6,0,462,462,70,"Unambiguous","Consistent",462
"6952",26,48,"continuation","fp","continuation fp",7,0,236,236,70,"Ambiguous","Inconsistent",236
"6954",26,41,"continuation","fp","continuation fp",8,0,294,294,70,"Unambiguous","Inconsistent",294
"6956",26,32,"continuation","fp","continuation fp",7,0,310,310,70,"Ambiguous","Inconsistent",310
"6958",26,40,"continuation","fp","continuation fp",7,0,694,694,70,"Ambiguous","Inconsistent",694
"6960",26,29,"continuation","fp","continuation fp",8,0,330,330,70,"Unambiguous","Inconsistent",330
"6962",26,30,"continuation","fp","continuation fp",5,0,452,452,70,"Ambiguous","Consistent",452
"6964",26,36,"continuation","fp","continuation fp",7,0,308,308,70,"Ambiguous","Inconsistent",308
"6966",27,46,"continuation","fp","continuation fp",6,0,250,250,70,"Unambiguous","Consistent",250
"6968",27,42,"continuation","fp","continuation fp",6,0,304,304,70,"Unambiguous","Consistent",304
"6970",27,36,"continuation","fp","continuation fp",8,0,368,368,70,"Unambiguous","Inconsistent",368
"6972",27,35,"continuation","fp","continuation fp",7,0,414,414,70,"Ambiguous","Inconsistent",414
"6974",27,39,"continuation","fp","continuation fp",7,0,430,430,70,"Ambiguous","Inconsistent",430
"6976",27,37,"continuation","fp","continuation fp",5,0,204,204,70,"Ambiguous","Consistent",204
"6978",27,45,"continuation","fp","continuation fp",5,0,354,354,70,"Ambiguous","Consistent",354
"6980",27,25,"continuation","fp","continuation fp",5,0,188,188,70,"Ambiguous","Consistent",188
"6982",27,28,"continuation","fp","continuation fp",8,0,280,280,70,"Unambiguous","Inconsistent",280
"6984",27,30,"continuation","fp","continuation fp",6,0,190,190,70,"Unambiguous","Consistent",190
"6986",27,31,"continuation","fp","continuation fp",7,0,388,388,70,"Ambiguous","Inconsistent",388
"6988",27,33,"continuation","fp","continuation fp",5,0,368,368,70,"Ambiguous","Consistent",368
"6990",27,27,"continuation","fp","continuation fp",7,0,408,408,70,"Ambiguous","Inconsistent",408
"6992",27,47,"continuation","fp","continuation fp",7,0,282,282,70,"Ambiguous","Inconsistent",282
"6994",27,38,"continuation","fp","continuation fp",6,0,362,362,70,"Unambiguous","Consistent",362
"6996",27,41,"continuation","fp","continuation fp",5,0,212,212,70,"Ambiguous","Consistent",212
"6998",27,29,"continuation","fp","continuation fp",5,0,374,374,70,"Ambiguous","Consistent",374
"7000",27,48,"continuation","fp","continuation fp",8,0,456,456,70,"Unambiguous","Inconsistent",456
"7002",27,26,"continuation","fp","continuation fp",6,0,520,520,70,"Unambiguous","Consistent",520
"7004",27,32,"continuation","fp","continuation fp",8,0,412,412,70,"Unambiguous","Inconsistent",412
"7006",27,44,"continuation","fp","continuation fp",8,0,180,180,70,"Unambiguous","Inconsistent",180
"7008",27,43,"continuation","fp","continuation fp",7,0,436,436,70,"Ambiguous","Inconsistent",436
"7010",27,34,"continuation","fp","continuation fp",6,0,206,206,70,"Unambiguous","Consistent",206
"7012",27,40,"continuation","fp","continuation fp",8,0,404,404,70,"Unambiguous","Inconsistent",404
"7014",28,27,"continuation","fp","continuation fp",8,0,376,376,70,"Unambiguous","Inconsistent",376
"7016",28,26,"continuation","fp","continuation fp",7,0,336,336,70,"Ambiguous","Inconsistent",336
"7018",28,28,"continuation","fp","continuation fp",5,0,280,280,70,"Ambiguous","Consistent",280
"7020",28,29,"continuation","fp","continuation fp",6,0,640,640,70,"Unambiguous","Consistent",640
"7022",28,33,"continuation","fp","continuation fp",6,0,304,304,70,"Unambiguous","Consistent",304
"7024",28,44,"continuation","fp","continuation fp",5,0,446,446,70,"Ambiguous","Consistent",446
"7026",28,45,"continuation","fp","continuation fp",6,0,316,316,70,"Unambiguous","Consistent",316
"7028",28,47,"continuation","fp","continuation fp",8,0,468,468,70,"Unambiguous","Inconsistent",468
"7030",28,48,"continuation","fp","continuation fp",5,0,372,372,70,"Ambiguous","Consistent",372
"7032",28,37,"continuation","fp","continuation fp",6,0,424,424,70,"Unambiguous","Consistent",424
"7034",28,38,"continuation","fp","continuation fp",7,0,290,290,70,"Ambiguous","Inconsistent",290
"7036",28,30,"continuation","fp","continuation fp",7,0,472,472,70,"Ambiguous","Inconsistent",472
"7038",28,40,"continuation","fp","continuation fp",5,0,548,548,70,"Ambiguous","Consistent",548
"7040",28,35,"continuation","fp","continuation fp",8,0,976,976,70,"Unambiguous","Inconsistent",976
"7042",28,25,"continuation","fp","continuation fp",6,0,302,302,70,"Unambiguous","Consistent",302
"7044",28,31,"continuation","fp","continuation fp",8,0,252,252,70,"Unambiguous","Inconsistent",252
"7046",28,32,"continuation","fp","continuation fp",5,0,1352,1352,70,"Ambiguous","Consistent",NA
"7048",28,39,"continuation","fp","continuation fp",8,0,302,302,70,"Unambiguous","Inconsistent",302
"7050",28,46,"continuation","fp","continuation fp",7,0,162,162,70,"Ambiguous","Inconsistent",162
"7052",28,34,"continuation","fp","continuation fp",7,0,332,332,70,"Ambiguous","Inconsistent",332
"7054",28,41,"continuation","fp","continuation fp",6,0,252,252,70,"Unambiguous","Consistent",252
"7056",28,43,"continuation","fp","continuation fp",8,0,130,130,70,"Unambiguous","Inconsistent",130
"7058",28,36,"continuation","fp","continuation fp",5,0,304,304,70,"Ambiguous","Consistent",304
"7060",28,42,"continuation","fp","continuation fp",7,0,410,410,70,"Ambiguous","Inconsistent",410
"7063",29,42,"continuation","fp","continuation fp",8,0,354,354,70,"Unambiguous","Inconsistent",354
"7065",29,39,"continuation","fp","continuation fp",5,0,258,258,70,"Ambiguous","Consistent",258
"7067",29,43,"continuation","fp","continuation fp",5,0,248,248,70,"Ambiguous","Consistent",248
"7069",29,46,"continuation","fp","continuation fp",8,0,508,508,70,"Unambiguous","Inconsistent",508
"7071",29,45,"continuation","fp","continuation fp",7,0,152,152,70,"Ambiguous","Inconsistent",152
"7073",29,29,"continuation","fp","continuation fp",7,0,390,390,70,"Ambiguous","Inconsistent",390
"7075",29,31,"continuation","fp","continuation fp",5,0,152,152,70,"Ambiguous","Consistent",152
"7077",29,38,"continuation","fp","continuation fp",8,0,286,286,70,"Unambiguous","Inconsistent",286
"7079",29,41,"continuation","fp","continuation fp",7,0,256,256,70,"Ambiguous","Inconsistent",256
"7081",29,28,"continuation","fp","continuation fp",6,0,300,300,70,"Unambiguous","Consistent",300
"7083",29,26,"continuation","fp","continuation fp",8,0,246,246,70,"Unambiguous","Inconsistent",246
"7085",29,32,"continuation","fp","continuation fp",6,0,284,284,70,"Unambiguous","Consistent",284
"7087",29,27,"continuation","fp","continuation fp",5,0,328,328,70,"Ambiguous","Consistent",328
"7089",29,36,"continuation","fp","continuation fp",6,0,190,190,70,"Unambiguous","Consistent",190
"7091",29,34,"continuation","fp","continuation fp",8,0,230,230,70,"Unambiguous","Inconsistent",230
"7093",29,35,"continuation","fp","continuation fp",5,0,278,278,70,"Ambiguous","Consistent",278
"7094",29,40,"continuation","fp","continuation fp",6,0,268,268,70,"Unambiguous","Consistent",268
"7096",29,44,"continuation","fp","continuation fp",6,0,220,220,70,"Unambiguous","Consistent",220
"7098",29,30,"continuation","fp","continuation fp",8,1,0,NA,70,"Unambiguous","Inconsistent",NA
"7100",29,25,"continuation","fp","continuation fp",7,0,232,232,70,"Ambiguous","Inconsistent",232
"7102",29,33,"continuation","fp","continuation fp",7,0,410,410,70,"Ambiguous","Inconsistent",410
"7104",29,37,"continuation","fp","continuation fp",7,0,1066,1066,70,"Ambiguous","Inconsistent",NA
"7106",29,47,"continuation","fp","continuation fp",5,0,238,238,70,"Ambiguous","Consistent",238
"7108",29,48,"continuation","fp","continuation fp",6,0,176,176,70,"Unambiguous","Consistent",176
"7110",30,36,"continuation","fp","continuation fp",7,0,236,236,70,"Ambiguous","Inconsistent",236
"7112",30,44,"continuation","fp","continuation fp",7,0,164,164,70,"Ambiguous","Inconsistent",164
"7114",30,32,"continuation","fp","continuation fp",7,0,230,230,70,"Ambiguous","Inconsistent",230
"7116",30,25,"continuation","fp","continuation fp",8,0,262,262,70,"Unambiguous","Inconsistent",262
"7118",30,27,"continuation","fp","continuation fp",6,0,480,480,70,"Unambiguous","Consistent",480
"7120",30,37,"continuation","fp","continuation fp",8,0,212,212,70,"Unambiguous","Inconsistent",212
"7122",30,38,"continuation","fp","continuation fp",5,0,232,232,70,"Ambiguous","Consistent",232
"7124",30,47,"continuation","fp","continuation fp",6,0,258,258,70,"Unambiguous","Consistent",258
"7126",30,33,"continuation","fp","continuation fp",8,0,474,474,70,"Unambiguous","Inconsistent",474
"7128",30,30,"continuation","fp","continuation fp",5,1,0,NA,70,"Ambiguous","Consistent",NA
"7130",30,48,"continuation","fp","continuation fp",7,0,226,226,70,"Ambiguous","Inconsistent",226
"7132",30,40,"continuation","fp","continuation fp",7,0,180,180,70,"Ambiguous","Inconsistent",180
"7134",30,46,"continuation","fp","continuation fp",5,1,0,NA,70,"Ambiguous","Consistent",NA
"7136",30,35,"continuation","fp","continuation fp",6,0,392,392,70,"Unambiguous","Consistent",392
"7138",30,43,"continuation","fp","continuation fp",6,0,248,248,70,"Unambiguous","Consistent",248
"7140",30,41,"continuation","fp","continuation fp",8,1,0,NA,70,"Unambiguous","Inconsistent",NA
"7142",30,39,"continuation","fp","continuation fp",6,0,234,234,70,"Unambiguous","Consistent",234
"7144",30,42,"continuation","fp","continuation fp",5,0,230,230,70,"Ambiguous","Consistent",230
"7146",30,31,"continuation","fp","continuation fp",6,0,408,408,70,"Unambiguous","Consistent",408
"7148",30,26,"continuation","fp","continuation fp",5,1,0,NA,70,"Ambiguous","Consistent",NA
"7150",30,34,"continuation","fp","continuation fp",5,0,218,218,70,"Ambiguous","Consistent",218
"7152",30,45,"continuation","fp","continuation fp",8,0,402,402,70,"Unambiguous","Inconsistent",402
"7154",30,29,"continuation","fp","continuation fp",8,0,174,174,70,"Unambiguous","Inconsistent",174
"7156",30,28,"continuation","fp","continuation fp",7,1,0,NA,70,"Ambiguous","Inconsistent",NA
"7158",31,34,"continuation","fp","continuation fp",6,0,456,456,70,"Unambiguous","Consistent",456
"7160",31,41,"continuation","fp","continuation fp",5,0,272,272,70,"Ambiguous","Consistent",272
"7162",31,40,"continuation","fp","continuation fp",8,0,754,754,70,"Unambiguous","Inconsistent",754
"7164",31,42,"continuation","fp","continuation fp",6,0,348,348,70,"Unambiguous","Consistent",348
"7166",31,31,"continuation","fp","continuation fp",7,0,438,438,70,"Ambiguous","Inconsistent",438
"7168",31,35,"continuation","fp","continuation fp",7,0,368,368,70,"Ambiguous","Inconsistent",368
"7170",31,38,"continuation","fp","continuation fp",6,0,356,356,70,"Unambiguous","Consistent",356
"7172",31,29,"continuation","fp","continuation fp",5,0,316,316,70,"Ambiguous","Consistent",316
"7174",31,37,"continuation","fp","continuation fp",5,0,360,360,70,"Ambiguous","Consistent",360
"7176",31,46,"continuation","fp","continuation fp",6,0,236,236,70,"Unambiguous","Consistent",236
"7178",31,44,"continuation","fp","continuation fp",8,0,500,500,70,"Unambiguous","Inconsistent",500
"7180",31,28,"continuation","fp","continuation fp",8,0,342,342,70,"Unambiguous","Inconsistent",342
"7182",31,30,"continuation","fp","continuation fp",6,0,544,544,70,"Unambiguous","Consistent",544
"7184",31,32,"continuation","fp","continuation fp",8,0,514,514,70,"Unambiguous","Inconsistent",514
"7186",31,39,"continuation","fp","continuation fp",7,0,486,486,70,"Ambiguous","Inconsistent",486
"7188",31,25,"continuation","fp","continuation fp",5,0,344,344,70,"Ambiguous","Consistent",344
"7190",31,33,"continuation","fp","continuation fp",5,0,358,358,70,"Ambiguous","Consistent",358
"7192",31,47,"continuation","fp","continuation fp",7,0,412,412,70,"Ambiguous","Inconsistent",412
"7194",31,45,"continuation","fp","continuation fp",5,0,218,218,70,"Ambiguous","Consistent",218
"7196",31,48,"continuation","fp","continuation fp",8,0,322,322,70,"Unambiguous","Inconsistent",322
"7198",31,36,"continuation","fp","continuation fp",8,0,226,226,70,"Unambiguous","Inconsistent",226
"7200",31,43,"continuation","fp","continuation fp",7,0,288,288,70,"Ambiguous","Inconsistent",288
"7202",31,26,"continuation","fp","continuation fp",6,0,284,284,70,"Unambiguous","Consistent",284
"7204",31,27,"continuation","fp","continuation fp",7,0,800,800,70,"Ambiguous","Inconsistent",800
"7205",32,44,"continuation","fp","continuation fp",5,0,364,364,70,"Ambiguous","Consistent",364
"7207",32,43,"continuation","fp","continuation fp",8,0,346,346,70,"Unambiguous","Inconsistent",346
"7209",32,40,"continuation","fp","continuation fp",5,0,360,360,70,"Ambiguous","Consistent",360
"7211",32,42,"continuation","fp","continuation fp",7,0,262,262,70,"Ambiguous","Inconsistent",262
"7213",32,39,"continuation","fp","continuation fp",8,0,228,228,70,"Unambiguous","Inconsistent",228
"7215",32,46,"continuation","fp","continuation fp",7,0,330,330,70,"Ambiguous","Inconsistent",330
"7217",32,48,"continuation","fp","continuation fp",5,0,366,366,70,"Ambiguous","Consistent",366
"7219",32,32,"continuation","fp","continuation fp",5,0,312,312,70,"Ambiguous","Consistent",312
"7221",32,26,"continuation","fp","continuation fp",7,0,406,406,70,"Ambiguous","Inconsistent",406
"7223",32,45,"continuation","fp","continuation fp",6,0,458,458,70,"Unambiguous","Consistent",458
"7225",32,25,"continuation","fp","continuation fp",6,0,408,408,70,"Unambiguous","Consistent",408
"7227",32,30,"continuation","fp","continuation fp",7,0,488,488,70,"Ambiguous","Inconsistent",488
"7229",32,33,"continuation","fp","continuation fp",6,0,340,340,70,"Unambiguous","Consistent",340
"7231",32,36,"continuation","fp","continuation fp",5,0,388,388,70,"Ambiguous","Consistent",388
"7233",32,35,"continuation","fp","continuation fp",8,0,234,234,70,"Unambiguous","Inconsistent",234
"7235",32,41,"continuation","fp","continuation fp",6,0,256,256,70,"Unambiguous","Consistent",256
"7237",32,27,"continuation","fp","continuation fp",8,0,510,510,70,"Unambiguous","Inconsistent",510
"7239",32,34,"continuation","fp","continuation fp",7,0,456,456,70,"Ambiguous","Inconsistent",456
"7241",32,28,"continuation","fp","continuation fp",5,0,350,350,70,"Ambiguous","Consistent",350
"7243",32,31,"continuation","fp","continuation fp",8,0,364,364,70,"Unambiguous","Inconsistent",364
"7245",32,29,"continuation","fp","continuation fp",6,0,216,216,70,"Unambiguous","Consistent",216
"7247",32,47,"continuation","fp","continuation fp",8,0,338,338,70,"Unambiguous","Inconsistent",338
"7249",32,37,"continuation","fp","continuation fp",6,0,196,196,70,"Unambiguous","Consistent",196
"7251",32,38,"continuation","fp","continuation fp",7,0,412,412,70,"Ambiguous","Inconsistent",412
"7254",33,33,"continuation","fp","continuation fp",7,0,322,322,70,"Ambiguous","Inconsistent",322
"7256",33,43,"continuation","fp","continuation fp",5,0,250,250,70,"Ambiguous","Consistent",250
"7258",33,31,"continuation","fp","continuation fp",5,0,272,272,70,"Ambiguous","Consistent",272
"7260",33,34,"continuation","fp","continuation fp",8,0,336,336,70,"Unambiguous","Inconsistent",336
"7262",33,42,"continuation","fp","continuation fp",8,0,536,536,70,"Unambiguous","Inconsistent",536
"7264",33,25,"continuation","fp","continuation fp",7,0,270,270,70,"Ambiguous","Inconsistent",270
"7266",33,26,"continuation","fp","continuation fp",8,0,244,244,70,"Unambiguous","Inconsistent",244
"7268",33,35,"continuation","fp","continuation fp",5,0,564,564,70,"Ambiguous","Consistent",564
"7270",33,47,"continuation","fp","continuation fp",5,0,342,342,70,"Ambiguous","Consistent",342
"7272",33,32,"continuation","fp","continuation fp",6,0,300,300,70,"Unambiguous","Consistent",300
"7274",33,40,"continuation","fp","continuation fp",6,0,484,484,70,"Unambiguous","Consistent",484
"7276",33,36,"continuation","fp","continuation fp",6,0,294,294,70,"Unambiguous","Consistent",294
"7278",33,48,"continuation","fp","continuation fp",6,0,330,330,70,"Unambiguous","Consistent",330
"7280",33,27,"continuation","fp","continuation fp",5,0,512,512,70,"Ambiguous","Consistent",512
"7282",33,41,"continuation","fp","continuation fp",7,0,240,240,70,"Ambiguous","Inconsistent",240
"7284",33,37,"continuation","fp","continuation fp",7,0,644,644,70,"Ambiguous","Inconsistent",644
"7286",33,45,"continuation","fp","continuation fp",7,0,290,290,70,"Ambiguous","Inconsistent",290
"7288",33,44,"continuation","fp","continuation fp",6,0,294,294,70,"Unambiguous","Consistent",294
"7290",33,29,"continuation","fp","continuation fp",7,0,202,202,70,"Ambiguous","Inconsistent",202
"7292",33,28,"continuation","fp","continuation fp",6,0,190,190,70,"Unambiguous","Consistent",190
"7294",33,30,"continuation","fp","continuation fp",8,0,326,326,70,"Unambiguous","Inconsistent",326
"7296",33,39,"continuation","fp","continuation fp",5,0,244,244,70,"Ambiguous","Consistent",244
"7298",33,38,"continuation","fp","continuation fp",8,0,218,218,70,"Unambiguous","Inconsistent",218
"7300",33,46,"continuation","fp","continuation fp",8,0,458,458,70,"Unambiguous","Inconsistent",458
"7301",34,37,"continuation","fp","continuation fp",8,0,516,516,70,"Unambiguous","Inconsistent",516
"7303",34,32,"continuation","fp","continuation fp",7,0,117,117,70,"Ambiguous","Inconsistent",117
"7305",34,30,"continuation","fp","continuation fp",5,0,418,418,70,"Ambiguous","Consistent",418
"7307",34,27,"continuation","fp","continuation fp",6,0,205,205,70,"Unambiguous","Consistent",205
"7309",34,34,"continuation","fp","continuation fp",5,0,285,285,70,"Ambiguous","Consistent",285
"7311",34,46,"continuation","fp","continuation fp",5,0,108,108,70,"Ambiguous","Consistent",108
"7313",34,38,"continuation","fp","continuation fp",5,0,360,360,70,"Ambiguous","Consistent",360
"7315",34,39,"continuation","fp","continuation fp",6,0,198,198,70,"Unambiguous","Consistent",198
"7317",34,45,"continuation","fp","continuation fp",8,0,271,271,70,"Unambiguous","Inconsistent",271
"7319",34,29,"continuation","fp","continuation fp",8,0,159,159,70,"Unambiguous","Inconsistent",159
"7321",34,33,"continuation","fp","continuation fp",8,0,208,208,70,"Unambiguous","Inconsistent",208
"7323",34,48,"continuation","fp","continuation fp",7,0,202,202,70,"Ambiguous","Inconsistent",202
"7325",34,41,"continuation","fp","continuation fp",8,0,451,451,70,"Unambiguous","Inconsistent",451
"7327",34,40,"continuation","fp","continuation fp",7,0,277,277,70,"Ambiguous","Inconsistent",277
"7329",34,31,"continuation","fp","continuation fp",6,0,368,368,70,"Unambiguous","Consistent",368
"7331",34,43,"continuation","fp","continuation fp",6,0,209,209,70,"Unambiguous","Consistent",209
"7333",34,25,"continuation","fp","continuation fp",8,0,165,165,70,"Unambiguous","Inconsistent",165
"7335",34,36,"continuation","fp","continuation fp",7,0,197,197,70,"Ambiguous","Inconsistent",197
"7337",34,47,"continuation","fp","continuation fp",6,1,0,NA,70,"Unambiguous","Consistent",NA
"7339",34,42,"continuation","fp","continuation fp",5,0,294,294,70,"Ambiguous","Consistent",294
"7341",34,44,"continuation","fp","continuation fp",7,1,0,NA,70,"Ambiguous","Inconsistent",NA
"7343",34,28,"continuation","fp","continuation fp",7,0,253,253,70,"Ambiguous","Inconsistent",253
"7345",34,26,"continuation","fp","continuation fp",5,0,202,202,70,"Ambiguous","Consistent",202
"7347",34,35,"continuation","fp","continuation fp",6,0,204,204,70,"Unambiguous","Consistent",204
"7349",35,47,"continuation","fp","continuation fp",6,0,364,364,70,"Unambiguous","Consistent",364
"7351",35,33,"continuation","fp","continuation fp",8,0,604,604,70,"Unambiguous","Inconsistent",604
"7353",35,43,"continuation","fp","continuation fp",6,0,298,298,70,"Unambiguous","Consistent",298
"7355",35,32,"continuation","fp","continuation fp",7,0,346,346,70,"Ambiguous","Inconsistent",346
"7357",35,42,"continuation","fp","continuation fp",5,0,886,886,70,"Ambiguous","Consistent",886
"7359",35,26,"continuation","fp","continuation fp",5,0,328,328,70,"Ambiguous","Consistent",328
"7361",35,39,"continuation","fp","continuation fp",6,1,0,NA,70,"Unambiguous","Consistent",NA
"7363",35,28,"continuation","fp","continuation fp",7,0,278,278,70,"Ambiguous","Inconsistent",278
"7365",35,36,"continuation","fp","continuation fp",7,0,950,950,70,"Ambiguous","Inconsistent",950
"7367",35,48,"continuation","fp","continuation fp",7,0,198,198,70,"Ambiguous","Inconsistent",198
"7369",35,34,"continuation","fp","continuation fp",5,0,540,540,70,"Ambiguous","Consistent",540
"7371",35,38,"continuation","fp","continuation fp",5,1,0,NA,70,"Ambiguous","Consistent",NA
"7373",35,46,"continuation","fp","continuation fp",5,1,0,NA,70,"Ambiguous","Consistent",NA
"7375",35,35,"continuation","fp","continuation fp",6,0,210,210,70,"Unambiguous","Consistent",210
"7377",35,44,"continuation","fp","continuation fp",7,1,0,NA,70,"Ambiguous","Inconsistent",NA
"7379",35,40,"continuation","fp","continuation fp",7,0,304,304,70,"Ambiguous","Inconsistent",304
"7381",35,31,"continuation","fp","continuation fp",6,1,0,NA,70,"Unambiguous","Consistent",NA
"7383",35,41,"continuation","fp","continuation fp",8,0,226,226,70,"Unambiguous","Inconsistent",226
"7385",35,27,"continuation","fp","continuation fp",6,0,190,190,70,"Unambiguous","Consistent",190
"7387",35,37,"continuation","fp","continuation fp",8,0,290,290,70,"Unambiguous","Inconsistent",290
"7389",35,30,"continuation","fp","continuation fp",5,1,0,NA,70,"Ambiguous","Consistent",NA
"7391",35,45,"continuation","fp","continuation fp",8,0,192,192,70,"Unambiguous","Inconsistent",192
"7393",35,29,"continuation","fp","continuation fp",8,0,244,244,70,"Unambiguous","Inconsistent",244
"7395",35,25,"continuation","fp","continuation fp",8,0,214,214,70,"Unambiguous","Inconsistent",214
"7398",36,41,"continuation","fp","continuation fp",5,0,312,312,70,"Ambiguous","Consistent",312
"7400",36,43,"continuation","fp","continuation fp",7,0,240,240,70,"Ambiguous","Inconsistent",240
"7402",36,26,"continuation","fp","continuation fp",6,0,196,196,70,"Unambiguous","Consistent",196
"7404",36,27,"continuation","fp","continuation fp",7,0,581,581,70,"Ambiguous","Inconsistent",NA
"7406",36,42,"continuation","fp","continuation fp",6,0,178,178,70,"Unambiguous","Consistent",178
"7408",36,33,"continuation","fp","continuation fp",5,0,198,198,70,"Ambiguous","Consistent",198
"7410",36,40,"continuation","fp","continuation fp",8,0,350,350,70,"Unambiguous","Inconsistent",350
"7412",36,47,"continuation","fp","continuation fp",7,0,339,339,70,"Ambiguous","Inconsistent",339
"7414",36,35,"continuation","fp","continuation fp",7,0,174,174,70,"Ambiguous","Inconsistent",174
"7416",36,46,"continuation","fp","continuation fp",6,0,301,301,70,"Unambiguous","Consistent",301
"7418",36,28,"continuation","fp","continuation fp",8,0,208,208,70,"Unambiguous","Inconsistent",208
"7420",36,34,"continuation","fp","continuation fp",6,0,180,180,70,"Unambiguous","Consistent",180
"7422",36,36,"continuation","fp","continuation fp",8,0,226,226,70,"Unambiguous","Inconsistent",226
"7424",36,38,"continuation","fp","continuation fp",6,0,304,304,70,"Unambiguous","Consistent",304
"7426",36,25,"continuation","fp","continuation fp",5,0,177,177,70,"Ambiguous","Consistent",177
"7428",36,37,"continuation","fp","continuation fp",5,0,285,285,70,"Ambiguous","Consistent",285
"7430",36,31,"continuation","fp","continuation fp",7,0,175,175,70,"Ambiguous","Inconsistent",175
"7432",36,45,"continuation","fp","continuation fp",5,0,241,241,70,"Ambiguous","Consistent",241
"7434",36,30,"continuation","fp","continuation fp",6,0,242,242,70,"Unambiguous","Consistent",242
"7436",36,32,"continuation","fp","continuation fp",8,0,199,199,70,"Unambiguous","Inconsistent",199
"7438",36,44,"continuation","fp","continuation fp",8,0,329,329,70,"Unambiguous","Inconsistent",329
"7440",36,48,"continuation","fp","continuation fp",8,0,283,283,70,"Unambiguous","Inconsistent",283
"7442",36,39,"continuation","fp","continuation fp",7,0,184,184,70,"Ambiguous","Inconsistent",184
"7444",36,29,"continuation","fp","continuation fp",5,0,136,136,70,"Ambiguous","Consistent",136
"7445",37,42,"continuation","fp","continuation fp",7,0,376,376,70,"Ambiguous","Inconsistent",376
"7447",37,36,"continuation","fp","continuation fp",5,0,214,214,70,"Ambiguous","Consistent",214
"7449",37,32,"continuation","fp","continuation fp",5,0,257,257,70,"Ambiguous","Consistent",257
"7451",37,48,"continuation","fp","continuation fp",5,0,154,154,70,"Ambiguous","Consistent",154
"7453",37,25,"continuation","fp","continuation fp",6,0,196,196,70,"Unambiguous","Consistent",196
"7455",37,30,"continuation","fp","continuation fp",7,0,259,259,70,"Ambiguous","Inconsistent",259
"7457",37,39,"continuation","fp","continuation fp",8,0,433,433,70,"Unambiguous","Inconsistent",433
"7459",37,35,"continuation","fp","continuation fp",8,0,361,361,70,"Unambiguous","Inconsistent",361
"7461",37,28,"continuation","fp","continuation fp",5,0,184,184,70,"Ambiguous","Consistent",184
"7463",37,34,"continuation","fp","continuation fp",7,0,193,193,70,"Ambiguous","Inconsistent",193
"7465",37,38,"continuation","fp","continuation fp",7,0,209,209,70,"Ambiguous","Inconsistent",209
"7467",37,26,"continuation","fp","continuation fp",7,0,206,206,70,"Ambiguous","Inconsistent",206
"7469",37,40,"continuation","fp","continuation fp",5,0,429,429,70,"Ambiguous","Consistent",429
"7471",37,47,"continuation","fp","continuation fp",8,0,572,572,70,"Unambiguous","Inconsistent",572
"7473",37,44,"continuation","fp","continuation fp",5,0,291,291,70,"Ambiguous","Consistent",291
"7475",37,43,"continuation","fp","continuation fp",8,0,266,266,70,"Unambiguous","Inconsistent",266
"7477",37,33,"continuation","fp","continuation fp",6,0,248,248,70,"Unambiguous","Consistent",248
"7479",37,29,"continuation","fp","continuation fp",6,0,425,425,70,"Unambiguous","Consistent",425
"7481",37,46,"continuation","fp","continuation fp",7,0,167,167,70,"Ambiguous","Inconsistent",167
"7483",37,41,"continuation","fp","continuation fp",6,0,198,198,70,"Unambiguous","Consistent",198
"7485",37,37,"continuation","fp","continuation fp",6,0,210,210,70,"Unambiguous","Consistent",210
"7487",37,31,"continuation","fp","continuation fp",8,0,255,255,70,"Unambiguous","Inconsistent",255
"7489",37,27,"continuation","fp","continuation fp",8,0,286,286,70,"Unambiguous","Inconsistent",286
"7491",37,45,"continuation","fp","continuation fp",6,0,505,505,70,"Unambiguous","Consistent",505
"7493",38,34,"continuation","fp","continuation fp",8,0,227,227,70,"Unambiguous","Inconsistent",227
"7495",38,28,"continuation","fp","continuation fp",6,0,255,255,70,"Unambiguous","Consistent",255
"7497",38,43,"continuation","fp","continuation fp",5,0,257,257,70,"Ambiguous","Consistent",257
"7499",38,38,"continuation","fp","continuation fp",8,0,240,240,70,"Unambiguous","Inconsistent",240
"7501",38,30,"continuation","fp","continuation fp",8,1,0,NA,70,"Unambiguous","Inconsistent",NA
"7503",38,47,"continuation","fp","continuation fp",5,0,302,302,70,"Ambiguous","Consistent",302
"7505",38,39,"continuation","fp","continuation fp",5,0,173,173,70,"Ambiguous","Consistent",173
"7507",38,45,"continuation","fp","continuation fp",7,0,188,188,70,"Ambiguous","Inconsistent",188
"7509",38,32,"continuation","fp","continuation fp",6,0,254,254,70,"Unambiguous","Consistent",254
"7511",38,29,"continuation","fp","continuation fp",7,0,175,175,70,"Ambiguous","Inconsistent",175
"7513",38,35,"continuation","fp","continuation fp",5,0,196,196,70,"Ambiguous","Consistent",196
"7515",38,41,"continuation","fp","continuation fp",7,0,150,150,70,"Ambiguous","Inconsistent",150
"7517",38,25,"continuation","fp","continuation fp",7,0,256,256,70,"Ambiguous","Inconsistent",256
"7519",38,31,"continuation","fp","continuation fp",5,0,172,172,70,"Ambiguous","Consistent",172
"7521",38,48,"continuation","fp","continuation fp",6,0,209,209,70,"Unambiguous","Consistent",209
"7523",38,44,"continuation","fp","continuation fp",6,0,420,420,70,"Unambiguous","Consistent",420
"7525",38,37,"continuation","fp","continuation fp",7,0,384,384,70,"Ambiguous","Inconsistent",384
"7527",38,36,"continuation","fp","continuation fp",6,1,0,NA,70,"Unambiguous","Consistent",NA
"7529",38,42,"continuation","fp","continuation fp",8,1,0,NA,70,"Unambiguous","Inconsistent",NA
"7531",38,26,"continuation","fp","continuation fp",8,0,178,178,70,"Unambiguous","Inconsistent",178
"7533",38,40,"continuation","fp","continuation fp",6,0,201,201,70,"Unambiguous","Consistent",201
"7535",38,46,"continuation","fp","continuation fp",8,0,220,220,70,"Unambiguous","Inconsistent",220
"7537",38,33,"continuation","fp","continuation fp",7,0,554,554,70,"Ambiguous","Inconsistent",554
"7539",38,27,"continuation","fp","continuation fp",5,0,211,211,70,"Ambiguous","Consistent",211
"7542",39,41,"continuation","fp","continuation fp",8,0,421,421,70,"Unambiguous","Inconsistent",421
"7544",39,33,"continuation","fp","continuation fp",8,0,413,413,70,"Unambiguous","Inconsistent",413
"7546",39,25,"continuation","fp","continuation fp",8,0,458,458,70,"Unambiguous","Inconsistent",458
"7548",39,37,"continuation","fp","continuation fp",8,0,838,838,70,"Unambiguous","Inconsistent",838
"7550",39,27,"continuation","fp","continuation fp",6,0,467,467,70,"Unambiguous","Consistent",467
"7552",39,31,"continuation","fp","continuation fp",6,0,378,378,70,"Unambiguous","Consistent",378
"7554",39,30,"continuation","fp","continuation fp",5,0,378,378,70,"Ambiguous","Consistent",378
"7556",39,42,"continuation","fp","continuation fp",5,0,287,287,70,"Ambiguous","Consistent",287
"7558",39,40,"continuation","fp","continuation fp",7,0,526,526,70,"Ambiguous","Inconsistent",526
"7560",39,39,"continuation","fp","continuation fp",6,0,218,218,70,"Unambiguous","Consistent",218
"7562",39,26,"continuation","fp","continuation fp",5,0,644,644,70,"Ambiguous","Consistent",644
"7564",39,43,"continuation","fp","continuation fp",6,0,114,114,70,"Unambiguous","Consistent",114
"7566",39,48,"continuation","fp","continuation fp",7,0,390,390,70,"Ambiguous","Inconsistent",390
"7568",39,44,"continuation","fp","continuation fp",7,0,275,275,70,"Ambiguous","Inconsistent",275
"7570",39,45,"continuation","fp","continuation fp",8,0,385,385,70,"Unambiguous","Inconsistent",385
"7572",39,46,"continuation","fp","continuation fp",5,0,277,277,70,"Ambiguous","Consistent",277
"7574",39,29,"continuation","fp","continuation fp",8,0,411,411,70,"Unambiguous","Inconsistent",411
"7576",39,36,"continuation","fp","continuation fp",7,0,608,608,70,"Ambiguous","Inconsistent",608
"7578",39,34,"continuation","fp","continuation fp",5,0,403,403,70,"Ambiguous","Consistent",403
"7580",39,28,"continuation","fp","continuation fp",7,0,490,490,70,"Ambiguous","Inconsistent",490
"7582",39,35,"continuation","fp","continuation fp",6,0,469,469,70,"Unambiguous","Consistent",469
"7584",39,38,"continuation","fp","continuation fp",5,0,541,541,70,"Ambiguous","Consistent",541
"7586",39,32,"continuation","fp","continuation fp",7,0,424,424,70,"Ambiguous","Inconsistent",424
"7588",39,47,"continuation","fp","continuation fp",6,0,250,250,70,"Unambiguous","Consistent",250
"7589",40,41,"continuation","fp","continuation fp",5,0,232,232,70,"Ambiguous","Consistent",232
"7591",40,42,"continuation","fp","continuation fp",6,0,274,274,70,"Unambiguous","Consistent",274
"7593",40,34,"continuation","fp","continuation fp",6,0,259,259,70,"Unambiguous","Consistent",259
"7595",40,43,"continuation","fp","continuation fp",7,0,347,347,70,"Ambiguous","Inconsistent",347
"7597",40,30,"continuation","fp","continuation fp",6,0,317,317,70,"Unambiguous","Consistent",317
"7599",40,29,"continuation","fp","continuation fp",5,0,353,353,70,"Ambiguous","Consistent",353
"7601",40,37,"continuation","fp","continuation fp",5,0,277,277,70,"Ambiguous","Consistent",277
"7603",40,28,"continuation","fp","continuation fp",8,0,373,373,70,"Unambiguous","Inconsistent",373
"7605",40,32,"continuation","fp","continuation fp",8,0,189,189,70,"Unambiguous","Inconsistent",189
"7607",40,40,"continuation","fp","continuation fp",8,0,320,320,70,"Unambiguous","Inconsistent",320
"7609",40,27,"continuation","fp","continuation fp",7,0,332,332,70,"Ambiguous","Inconsistent",332
"7611",40,35,"continuation","fp","continuation fp",7,0,252,252,70,"Ambiguous","Inconsistent",252
"7613",40,31,"continuation","fp","continuation fp",7,0,230,230,70,"Ambiguous","Inconsistent",230
"7615",40,33,"continuation","fp","continuation fp",5,0,300,300,70,"Ambiguous","Consistent",300
"7617",40,46,"continuation","fp","continuation fp",6,0,168,168,70,"Unambiguous","Consistent",168
"7619",40,47,"continuation","fp","continuation fp",7,0,317,317,70,"Ambiguous","Inconsistent",317
"7621",40,38,"continuation","fp","continuation fp",6,0,230,230,70,"Unambiguous","Consistent",230
"7623",40,39,"continuation","fp","continuation fp",7,0,259,259,70,"Ambiguous","Inconsistent",259
"7625",40,25,"continuation","fp","continuation fp",5,0,167,167,70,"Ambiguous","Consistent",167
"7627",40,48,"continuation","fp","continuation fp",8,1,0,NA,70,"Unambiguous","Inconsistent",NA
"7629",40,45,"continuation","fp","continuation fp",5,0,304,304,70,"Ambiguous","Consistent",304
"7631",40,26,"continuation","fp","continuation fp",6,0,196,196,70,"Unambiguous","Consistent",196
"7633",40,36,"continuation","fp","continuation fp",8,0,286,286,70,"Unambiguous","Inconsistent",286
"7635",40,44,"continuation","fp","continuation fp",8,1,0,NA,70,"Unambiguous","Inconsistent",NA
