"","subject","item","region","measure","proficiency","sort","condition","skips","rawdata","nozero","ambiguity","continuation"
"49",1,28,"spillover1","fp",71,"spillover1 fp",8,0,610,610,"Unambiguous","Inconsistent"
"51",1,46,"spillover1","fp",71,"spillover1 fp",6,0,269,269,"Unambiguous","Consistent"
"53",1,40,"spillover1","fp",71,"spillover1 fp",8,0,612,612,"Unambiguous","Inconsistent"
"55",1,25,"spillover1","fp",71,"spillover1 fp",5,0,1106,1106,"Ambiguous","Consistent"
"57",1,42,"spillover1","fp",71,"spillover1 fp",6,0,500,500,"Unambiguous","Consistent"
"59",1,37,"spillover1","fp",71,"spillover1 fp",5,0,667,667,"Ambiguous","Consistent"
"61",1,26,"spillover1","fp",71,"spillover1 fp",6,0,382,382,"Unambiguous","Consistent"
"63",1,30,"spillover1","fp",71,"spillover1 fp",6,0,651,651,"Unambiguous","Consistent"
"65",1,32,"spillover1","fp",71,"spillover1 fp",8,0,581,581,"Unambiguous","Inconsistent"
"67",1,31,"spillover1","fp",71,"spillover1 fp",7,0,558,558,"Ambiguous","Inconsistent"
"69",1,47,"spillover1","fp",71,"spillover1 fp",7,0,271,271,"Ambiguous","Inconsistent"
"71",1,44,"spillover1","fp",71,"spillover1 fp",8,0,550,550,"Unambiguous","Inconsistent"
"73",1,27,"spillover1","fp",71,"spillover1 fp",7,0,931,931,"Ambiguous","Inconsistent"
"75",1,33,"spillover1","fp",71,"spillover1 fp",5,0,651,651,"Ambiguous","Consistent"
"77",1,45,"spillover1","fp",71,"spillover1 fp",5,0,883,883,"Ambiguous","Consistent"
"79",1,34,"spillover1","fp",71,"spillover1 fp",6,0,390,390,"Unambiguous","Consistent"
"81",1,35,"spillover1","fp",71,"spillover1 fp",7,0,269,269,"Ambiguous","Inconsistent"
"83",1,29,"spillover1","fp",71,"spillover1 fp",5,0,802,802,"Ambiguous","Consistent"
"85",1,41,"spillover1","fp",71,"spillover1 fp",5,0,962,962,"Ambiguous","Consistent"
"87",1,38,"spillover1","fp",71,"spillover1 fp",6,0,377,377,"Unambiguous","Consistent"
"89",1,43,"spillover1","fp",71,"spillover1 fp",7,0,824,824,"Ambiguous","Inconsistent"
"91",1,39,"spillover1","fp",71,"spillover1 fp",7,0,982,982,"Ambiguous","Inconsistent"
"93",1,48,"spillover1","fp",71,"spillover1 fp",8,0,732,732,"Unambiguous","Inconsistent"
"95",1,36,"spillover1","fp",71,"spillover1 fp",8,0,298,298,"Unambiguous","Inconsistent"
"913",2,32,"spillover1","fp",71,"spillover1 fp",5,0,1577,1577,"Ambiguous","Consistent"
"915",2,48,"spillover1","fp",71,"spillover1 fp",5,0,1990,1990,"Ambiguous","Consistent"
"917",2,40,"spillover1","fp",71,"spillover1 fp",5,1,0,NA,"Ambiguous","Consistent"
"919",2,28,"spillover1","fp",71,"spillover1 fp",5,0,221,221,"Ambiguous","Consistent"
"921",2,38,"spillover1","fp",71,"spillover1 fp",7,0,1883,1883,"Ambiguous","Inconsistent"
"923",2,42,"spillover1","fp",71,"spillover1 fp",7,0,595,595,"Ambiguous","Inconsistent"
"925",2,37,"spillover1","fp",71,"spillover1 fp",6,0,733,733,"Unambiguous","Consistent"
"927",2,29,"spillover1","fp",71,"spillover1 fp",6,0,353,353,"Unambiguous","Consistent"
"929",2,45,"spillover1","fp",71,"spillover1 fp",6,0,504,504,"Unambiguous","Consistent"
"931",2,41,"spillover1","fp",71,"spillover1 fp",6,0,667,667,"Unambiguous","Consistent"
"933",2,35,"spillover1","fp",71,"spillover1 fp",8,0,300,300,"Unambiguous","Inconsistent"
"935",2,44,"spillover1","fp",71,"spillover1 fp",5,0,481,481,"Ambiguous","Consistent"
"937",2,46,"spillover1","fp",71,"spillover1 fp",7,0,200,200,"Ambiguous","Inconsistent"
"939",2,26,"spillover1","fp",71,"spillover1 fp",7,0,657,657,"Ambiguous","Inconsistent"
"941",2,25,"spillover1","fp",71,"spillover1 fp",6,1,0,NA,"Unambiguous","Consistent"
"943",2,47,"spillover1","fp",71,"spillover1 fp",8,0,270,270,"Unambiguous","Inconsistent"
"945",2,34,"spillover1","fp",71,"spillover1 fp",7,0,427,427,"Ambiguous","Inconsistent"
"947",2,43,"spillover1","fp",71,"spillover1 fp",8,0,423,423,"Unambiguous","Inconsistent"
"949",2,33,"spillover1","fp",71,"spillover1 fp",6,0,559,559,"Unambiguous","Consistent"
"951",2,39,"spillover1","fp",71,"spillover1 fp",8,0,692,692,"Unambiguous","Inconsistent"
"953",2,30,"spillover1","fp",71,"spillover1 fp",7,0,399,399,"Ambiguous","Inconsistent"
"955",2,31,"spillover1","fp",71,"spillover1 fp",8,0,482,482,"Unambiguous","Inconsistent"
"957",2,36,"spillover1","fp",71,"spillover1 fp",5,0,639,639,"Ambiguous","Consistent"
"959",2,27,"spillover1","fp",71,"spillover1 fp",8,0,200,200,"Unambiguous","Inconsistent"
"1777",3,36,"spillover1","fp",74,"spillover1 fp",6,0,582,582,"Unambiguous","Consistent"
"1779",3,27,"spillover1","fp",74,"spillover1 fp",5,0,1672,1672,"Ambiguous","Consistent"
"1781",3,37,"spillover1","fp",74,"spillover1 fp",7,0,1555,1555,"Ambiguous","Inconsistent"
"1783",3,41,"spillover1","fp",74,"spillover1 fp",7,0,1012,1012,"Ambiguous","Inconsistent"
"1785",3,26,"spillover1","fp",74,"spillover1 fp",8,0,272,272,"Unambiguous","Inconsistent"
"1787",3,45,"spillover1","fp",74,"spillover1 fp",7,0,173,173,"Ambiguous","Inconsistent"
"1789",3,42,"spillover1","fp",74,"spillover1 fp",8,0,480,480,"Unambiguous","Inconsistent"
"1791",3,47,"spillover1","fp",74,"spillover1 fp",5,0,1231,1231,"Ambiguous","Consistent"
"1793",3,29,"spillover1","fp",74,"spillover1 fp",7,0,977,977,"Ambiguous","Inconsistent"
"1795",3,34,"spillover1","fp",74,"spillover1 fp",8,0,863,863,"Unambiguous","Inconsistent"
"1797",3,39,"spillover1","fp",74,"spillover1 fp",5,0,1009,1009,"Ambiguous","Consistent"
"1799",3,48,"spillover1","fp",74,"spillover1 fp",6,0,958,958,"Unambiguous","Consistent"
"1801",3,44,"spillover1","fp",74,"spillover1 fp",6,0,742,742,"Unambiguous","Consistent"
"1803",3,43,"spillover1","fp",74,"spillover1 fp",5,0,1211,1211,"Ambiguous","Consistent"
"1805",3,28,"spillover1","fp",74,"spillover1 fp",6,0,580,580,"Unambiguous","Consistent"
"1807",3,40,"spillover1","fp",74,"spillover1 fp",6,0,642,642,"Unambiguous","Consistent"
"1809",3,30,"spillover1","fp",74,"spillover1 fp",8,0,532,532,"Unambiguous","Inconsistent"
"1811",3,32,"spillover1","fp",74,"spillover1 fp",6,0,385,385,"Unambiguous","Consistent"
"1813",3,25,"spillover1","fp",74,"spillover1 fp",7,0,99,99,"Ambiguous","Inconsistent"
"1815",3,38,"spillover1","fp",74,"spillover1 fp",8,0,149,149,"Unambiguous","Inconsistent"
"1817",3,33,"spillover1","fp",74,"spillover1 fp",7,0,717,717,"Ambiguous","Inconsistent"
"1819",3,31,"spillover1","fp",74,"spillover1 fp",5,0,1594,1594,"Ambiguous","Consistent"
"1821",3,46,"spillover1","fp",74,"spillover1 fp",8,0,136,136,"Unambiguous","Inconsistent"
"1823",3,35,"spillover1","fp",74,"spillover1 fp",5,0,1372,1372,"Ambiguous","Consistent"
"2637",4,28,"spillover1","fp",72,"spillover1 fp",7,0,493,493,"Ambiguous","Inconsistent"
"2639",4,31,"spillover1","fp",72,"spillover1 fp",6,0,2867,2867,"Unambiguous","Consistent"
"2641",4,44,"spillover1","fp",72,"spillover1 fp",7,0,709,709,"Ambiguous","Inconsistent"
"2643",4,26,"spillover1","fp",72,"spillover1 fp",5,0,1744,1744,"Ambiguous","Consistent"
"2645",4,37,"spillover1","fp",72,"spillover1 fp",8,0,1160,1160,"Unambiguous","Inconsistent"
"2647",4,32,"spillover1","fp",72,"spillover1 fp",7,0,2057,2057,"Ambiguous","Inconsistent"
"2649",4,36,"spillover1","fp",72,"spillover1 fp",7,0,1552,1552,"Ambiguous","Inconsistent"
"2651",4,38,"spillover1","fp",72,"spillover1 fp",5,0,1574,1574,"Ambiguous","Consistent"
"2653",4,46,"spillover1","fp",72,"spillover1 fp",5,0,1762,1762,"Ambiguous","Consistent"
"2654",4,29,"spillover1","fp",72,"spillover1 fp",8,0,686,686,"Unambiguous","Inconsistent"
"2656",4,43,"spillover1","fp",72,"spillover1 fp",6,0,1236,1236,"Unambiguous","Consistent"
"2658",4,33,"spillover1","fp",72,"spillover1 fp",8,0,1199,1199,"Unambiguous","Inconsistent"
"2660",4,45,"spillover1","fp",72,"spillover1 fp",8,0,821,821,"Unambiguous","Inconsistent"
"2662",4,30,"spillover1","fp",72,"spillover1 fp",5,0,2011,2011,"Ambiguous","Consistent"
"2663",4,40,"spillover1","fp",72,"spillover1 fp",7,0,1868,1868,"Ambiguous","Inconsistent"
"2665",4,41,"spillover1","fp",72,"spillover1 fp",8,0,1609,1609,"Unambiguous","Inconsistent"
"2667",4,48,"spillover1","fp",72,"spillover1 fp",7,0,2024,2024,"Ambiguous","Inconsistent"
"2669",4,42,"spillover1","fp",72,"spillover1 fp",5,0,864,864,"Ambiguous","Consistent"
"2670",4,25,"spillover1","fp",72,"spillover1 fp",8,0,151,151,"Unambiguous","Inconsistent"
"2672",4,27,"spillover1","fp",72,"spillover1 fp",6,0,723,723,"Unambiguous","Consistent"
"2674",4,47,"spillover1","fp",72,"spillover1 fp",6,0,1138,1138,"Unambiguous","Consistent"
"2676",4,39,"spillover1","fp",72,"spillover1 fp",6,0,1111,1111,"Unambiguous","Consistent"
"2678",4,34,"spillover1","fp",72,"spillover1 fp",5,0,1492,1492,"Ambiguous","Consistent"
"2679",4,35,"spillover1","fp",72,"spillover1 fp",6,0,763,763,"Unambiguous","Consistent"
"3434",5,42,"spillover1","fp",66,"spillover1 fp",6,0,402,402,"Unambiguous","Consistent"
"3436",5,47,"spillover1","fp",66,"spillover1 fp",7,0,2276,2276,"Ambiguous","Inconsistent"
"3438",5,25,"spillover1","fp",66,"spillover1 fp",5,0,918,918,"Ambiguous","Consistent"
"3440",5,43,"spillover1","fp",66,"spillover1 fp",7,0,1821,1821,"Ambiguous","Inconsistent"
"3442",5,33,"spillover1","fp",66,"spillover1 fp",5,0,531,531,"Ambiguous","Consistent"
"3444",5,41,"spillover1","fp",66,"spillover1 fp",5,0,2232,2232,"Ambiguous","Consistent"
"3446",5,29,"spillover1","fp",66,"spillover1 fp",5,0,1023,1023,"Ambiguous","Consistent"
"3448",5,39,"spillover1","fp",66,"spillover1 fp",7,0,1165,1165,"Ambiguous","Inconsistent"
"3450",5,40,"spillover1","fp",66,"spillover1 fp",8,0,884,884,"Unambiguous","Inconsistent"
"3452",5,28,"spillover1","fp",66,"spillover1 fp",8,0,784,784,"Unambiguous","Inconsistent"
"3454",5,46,"spillover1","fp",66,"spillover1 fp",6,0,907,907,"Unambiguous","Consistent"
"3456",5,31,"spillover1","fp",66,"spillover1 fp",7,0,378,378,"Ambiguous","Inconsistent"
"3458",5,36,"spillover1","fp",66,"spillover1 fp",8,0,499,499,"Unambiguous","Inconsistent"
"3460",5,27,"spillover1","fp",66,"spillover1 fp",7,0,3105,3105,"Ambiguous","Inconsistent"
"3462",5,38,"spillover1","fp",66,"spillover1 fp",6,0,1129,1129,"Unambiguous","Consistent"
"3464",5,26,"spillover1","fp",66,"spillover1 fp",6,0,276,276,"Unambiguous","Consistent"
"3466",5,44,"spillover1","fp",66,"spillover1 fp",8,0,1466,1466,"Unambiguous","Inconsistent"
"3468",5,45,"spillover1","fp",66,"spillover1 fp",5,0,157,157,"Ambiguous","Consistent"
"3470",5,30,"spillover1","fp",66,"spillover1 fp",6,0,406,406,"Unambiguous","Consistent"
"3472",5,32,"spillover1","fp",66,"spillover1 fp",8,0,1329,1329,"Unambiguous","Inconsistent"
"3474",5,37,"spillover1","fp",66,"spillover1 fp",5,0,1619,1619,"Ambiguous","Consistent"
"3476",5,34,"spillover1","fp",66,"spillover1 fp",6,0,492,492,"Unambiguous","Consistent"
"3478",5,48,"spillover1","fp",66,"spillover1 fp",8,0,457,457,"Unambiguous","Inconsistent"
"3480",5,35,"spillover1","fp",66,"spillover1 fp",7,0,975,975,"Ambiguous","Inconsistent"
"4297",6,42,"spillover1","fp",89,"spillover1 fp",7,0,1272,1272,"Ambiguous","Inconsistent"
"4299",6,36,"spillover1","fp",89,"spillover1 fp",5,0,612,612,"Ambiguous","Consistent"
"4301",6,30,"spillover1","fp",89,"spillover1 fp",7,0,494,494,"Ambiguous","Inconsistent"
"4303",6,26,"spillover1","fp",89,"spillover1 fp",7,0,2162,2162,"Ambiguous","Inconsistent"
"4305",6,27,"spillover1","fp",89,"spillover1 fp",8,0,242,242,"Unambiguous","Inconsistent"
"4307",6,28,"spillover1","fp",89,"spillover1 fp",5,0,440,440,"Ambiguous","Consistent"
"4309",6,35,"spillover1","fp",89,"spillover1 fp",8,0,532,532,"Unambiguous","Inconsistent"
"4311",6,47,"spillover1","fp",89,"spillover1 fp",8,0,174,174,"Unambiguous","Inconsistent"
"4313",6,43,"spillover1","fp",89,"spillover1 fp",8,0,386,386,"Unambiguous","Inconsistent"
"4315",6,34,"spillover1","fp",89,"spillover1 fp",7,0,188,188,"Ambiguous","Inconsistent"
"4317",6,48,"spillover1","fp",89,"spillover1 fp",5,0,648,648,"Ambiguous","Consistent"
"4319",6,39,"spillover1","fp",89,"spillover1 fp",8,0,228,228,"Unambiguous","Inconsistent"
"4321",6,45,"spillover1","fp",89,"spillover1 fp",6,0,206,206,"Unambiguous","Consistent"
"4323",6,33,"spillover1","fp",89,"spillover1 fp",6,0,248,248,"Unambiguous","Consistent"
"4325",6,29,"spillover1","fp",89,"spillover1 fp",6,0,396,396,"Unambiguous","Consistent"
"4327",6,32,"spillover1","fp",89,"spillover1 fp",5,0,1862,1862,"Ambiguous","Consistent"
"4329",6,41,"spillover1","fp",89,"spillover1 fp",6,0,332,332,"Unambiguous","Consistent"
"4331",6,31,"spillover1","fp",89,"spillover1 fp",8,0,408,408,"Unambiguous","Inconsistent"
"4332",6,40,"spillover1","fp",89,"spillover1 fp",5,0,168,168,"Ambiguous","Consistent"
"4334",6,25,"spillover1","fp",89,"spillover1 fp",6,0,594,594,"Unambiguous","Consistent"
"4336",6,46,"spillover1","fp",89,"spillover1 fp",7,0,840,840,"Ambiguous","Inconsistent"
"4338",6,44,"spillover1","fp",89,"spillover1 fp",5,0,1164,1164,"Ambiguous","Consistent"
"4340",6,38,"spillover1","fp",89,"spillover1 fp",7,0,1472,1472,"Ambiguous","Inconsistent"
"4342",6,37,"spillover1","fp",89,"spillover1 fp",6,0,480,480,"Unambiguous","Consistent"
"5143",7,47,"spillover1","fp",77,"spillover1 fp",5,0,1009,1009,"Ambiguous","Consistent"
"5145",7,31,"spillover1","fp",77,"spillover1 fp",5,0,186,186,"Ambiguous","Consistent"
"5147",7,30,"spillover1","fp",77,"spillover1 fp",8,0,325,325,"Unambiguous","Inconsistent"
"5149",7,44,"spillover1","fp",77,"spillover1 fp",6,0,309,309,"Unambiguous","Consistent"
"5151",7,42,"spillover1","fp",77,"spillover1 fp",8,0,236,236,"Unambiguous","Inconsistent"
"5153",7,38,"spillover1","fp",77,"spillover1 fp",8,0,491,491,"Unambiguous","Inconsistent"
"5155",7,39,"spillover1","fp",77,"spillover1 fp",5,0,293,293,"Ambiguous","Consistent"
"5157",7,37,"spillover1","fp",77,"spillover1 fp",7,0,385,385,"Ambiguous","Inconsistent"
"5159",7,28,"spillover1","fp",77,"spillover1 fp",6,0,415,415,"Unambiguous","Consistent"
"5161",7,27,"spillover1","fp",77,"spillover1 fp",5,0,211,211,"Ambiguous","Consistent"
"5163",7,34,"spillover1","fp",77,"spillover1 fp",8,0,257,257,"Unambiguous","Inconsistent"
"5165",7,32,"spillover1","fp",77,"spillover1 fp",6,0,408,408,"Unambiguous","Consistent"
"5167",7,36,"spillover1","fp",77,"spillover1 fp",6,0,156,156,"Unambiguous","Consistent"
"5169",7,35,"spillover1","fp",77,"spillover1 fp",5,0,468,468,"Ambiguous","Consistent"
"5171",7,45,"spillover1","fp",77,"spillover1 fp",7,0,528,528,"Ambiguous","Inconsistent"
"5173",7,33,"spillover1","fp",77,"spillover1 fp",7,0,191,191,"Ambiguous","Inconsistent"
"5175",7,29,"spillover1","fp",77,"spillover1 fp",7,0,567,567,"Ambiguous","Inconsistent"
"5177",7,48,"spillover1","fp",77,"spillover1 fp",6,0,332,332,"Unambiguous","Consistent"
"5179",7,26,"spillover1","fp",77,"spillover1 fp",8,0,580,580,"Unambiguous","Inconsistent"
"5181",7,41,"spillover1","fp",77,"spillover1 fp",7,0,478,478,"Ambiguous","Inconsistent"
"5183",7,25,"spillover1","fp",77,"spillover1 fp",7,0,277,277,"Ambiguous","Inconsistent"
"5185",7,40,"spillover1","fp",77,"spillover1 fp",6,0,222,222,"Unambiguous","Consistent"
"5187",7,43,"spillover1","fp",77,"spillover1 fp",5,0,618,618,"Ambiguous","Consistent"
"5189",7,46,"spillover1","fp",77,"spillover1 fp",8,0,187,187,"Unambiguous","Inconsistent"
"6007",8,41,"spillover1","fp",70,"spillover1 fp",8,0,926,926,"Unambiguous","Inconsistent"
"6009",8,43,"spillover1","fp",70,"spillover1 fp",6,0,388,388,"Unambiguous","Consistent"
"6011",8,48,"spillover1","fp",70,"spillover1 fp",7,0,140,140,"Ambiguous","Inconsistent"
"6013",8,44,"spillover1","fp",70,"spillover1 fp",7,0,368,368,"Ambiguous","Inconsistent"
"6015",8,28,"spillover1","fp",70,"spillover1 fp",7,0,1374,1374,"Ambiguous","Inconsistent"
"6017",8,45,"spillover1","fp",70,"spillover1 fp",8,0,386,386,"Unambiguous","Inconsistent"
"6019",8,27,"spillover1","fp",70,"spillover1 fp",6,0,624,624,"Unambiguous","Consistent"
"6021",8,47,"spillover1","fp",70,"spillover1 fp",6,0,160,160,"Unambiguous","Consistent"
"6023",8,36,"spillover1","fp",70,"spillover1 fp",7,0,140,140,"Ambiguous","Inconsistent"
"6025",8,35,"spillover1","fp",70,"spillover1 fp",6,0,806,806,"Unambiguous","Consistent"
"6027",8,31,"spillover1","fp",70,"spillover1 fp",6,0,166,166,"Unambiguous","Consistent"
"6029",8,33,"spillover1","fp",70,"spillover1 fp",8,0,638,638,"Unambiguous","Inconsistent"
"6031",8,30,"spillover1","fp",70,"spillover1 fp",5,0,1076,1076,"Ambiguous","Consistent"
"6033",8,29,"spillover1","fp",70,"spillover1 fp",8,0,612,612,"Unambiguous","Inconsistent"
"6035",8,46,"spillover1","fp",70,"spillover1 fp",5,0,148,148,"Ambiguous","Consistent"
"6037",8,40,"spillover1","fp",70,"spillover1 fp",7,0,886,886,"Ambiguous","Inconsistent"
"6039",8,34,"spillover1","fp",70,"spillover1 fp",5,0,1968,1968,"Ambiguous","Consistent"
"6041",8,25,"spillover1","fp",70,"spillover1 fp",8,0,284,284,"Unambiguous","Inconsistent"
"6043",8,38,"spillover1","fp",70,"spillover1 fp",5,0,1746,1746,"Ambiguous","Consistent"
"6045",8,26,"spillover1","fp",70,"spillover1 fp",5,0,1010,1010,"Ambiguous","Consistent"
"6047",8,42,"spillover1","fp",70,"spillover1 fp",5,0,756,756,"Ambiguous","Consistent"
"6049",8,37,"spillover1","fp",70,"spillover1 fp",8,0,546,546,"Unambiguous","Inconsistent"
"6051",8,32,"spillover1","fp",70,"spillover1 fp",7,0,1294,1294,"Ambiguous","Inconsistent"
"6053",8,39,"spillover1","fp",70,"spillover1 fp",6,0,1202,1202,"Unambiguous","Consistent"
"6871",9,29,"spillover1","fp",70,"spillover1 fp",5,0,1472,1472,"Ambiguous","Consistent"
"6873",9,31,"spillover1","fp",70,"spillover1 fp",7,0,286,286,"Ambiguous","Inconsistent"
"6875",9,44,"spillover1","fp",70,"spillover1 fp",8,0,432,432,"Unambiguous","Inconsistent"
"6877",9,32,"spillover1","fp",70,"spillover1 fp",8,0,706,706,"Unambiguous","Inconsistent"
"6879",9,26,"spillover1","fp",70,"spillover1 fp",6,0,706,706,"Unambiguous","Consistent"
"6881",9,33,"spillover1","fp",70,"spillover1 fp",5,0,1478,1478,"Ambiguous","Consistent"
"6883",9,47,"spillover1","fp",70,"spillover1 fp",7,0,2172,2172,"Ambiguous","Inconsistent"
"6885",9,45,"spillover1","fp",70,"spillover1 fp",5,0,1320,1320,"Ambiguous","Consistent"
"6887",9,37,"spillover1","fp",70,"spillover1 fp",5,0,764,764,"Ambiguous","Consistent"
"6889",9,46,"spillover1","fp",70,"spillover1 fp",6,0,790,790,"Unambiguous","Consistent"
"6891",9,25,"spillover1","fp",70,"spillover1 fp",5,0,1546,1546,"Ambiguous","Consistent"
"6893",9,40,"spillover1","fp",70,"spillover1 fp",8,0,1336,1336,"Unambiguous","Inconsistent"
"6895",9,27,"spillover1","fp",70,"spillover1 fp",7,0,1334,1334,"Ambiguous","Inconsistent"
"6897",9,41,"spillover1","fp",70,"spillover1 fp",5,0,324,324,"Ambiguous","Consistent"
"6899",9,30,"spillover1","fp",70,"spillover1 fp",6,0,1300,1300,"Unambiguous","Consistent"
"6901",9,38,"spillover1","fp",70,"spillover1 fp",6,0,448,448,"Unambiguous","Consistent"
"6903",9,39,"spillover1","fp",70,"spillover1 fp",7,0,1154,1154,"Ambiguous","Inconsistent"
"6905",9,43,"spillover1","fp",70,"spillover1 fp",7,0,384,384,"Ambiguous","Inconsistent"
"6907",9,28,"spillover1","fp",70,"spillover1 fp",8,0,702,702,"Unambiguous","Inconsistent"
"6909",9,34,"spillover1","fp",70,"spillover1 fp",6,0,550,550,"Unambiguous","Consistent"
"6911",9,36,"spillover1","fp",70,"spillover1 fp",8,0,982,982,"Unambiguous","Inconsistent"
"6913",9,35,"spillover1","fp",70,"spillover1 fp",7,0,928,928,"Ambiguous","Inconsistent"
"6915",9,48,"spillover1","fp",70,"spillover1 fp",8,0,600,600,"Unambiguous","Inconsistent"
"6917",9,42,"spillover1","fp",70,"spillover1 fp",6,0,272,272,"Unambiguous","Consistent"
"7736",10,30,"spillover1","fp",63,"spillover1 fp",7,0,1558,1558,"Ambiguous","Inconsistent"
"7738",10,32,"spillover1","fp",63,"spillover1 fp",5,0,516,516,"Ambiguous","Consistent"
"7740",10,41,"spillover1","fp",63,"spillover1 fp",6,0,602,602,"Unambiguous","Consistent"
"7742",10,36,"spillover1","fp",63,"spillover1 fp",5,0,316,316,"Ambiguous","Consistent"
"7744",10,40,"spillover1","fp",63,"spillover1 fp",5,0,202,202,"Ambiguous","Consistent"
"7746",10,27,"spillover1","fp",63,"spillover1 fp",8,0,304,304,"Unambiguous","Inconsistent"
"7748",10,46,"spillover1","fp",63,"spillover1 fp",7,0,900,900,"Ambiguous","Inconsistent"
"7750",10,42,"spillover1","fp",63,"spillover1 fp",7,0,1206,1206,"Ambiguous","Inconsistent"
"7752",10,37,"spillover1","fp",63,"spillover1 fp",6,0,264,264,"Unambiguous","Consistent"
"7754",10,28,"spillover1","fp",63,"spillover1 fp",5,0,1052,1052,"Ambiguous","Consistent"
"7756",10,35,"spillover1","fp",63,"spillover1 fp",8,0,660,660,"Unambiguous","Inconsistent"
"7758",10,48,"spillover1","fp",63,"spillover1 fp",5,0,2264,2264,"Ambiguous","Consistent"
"7760",10,33,"spillover1","fp",63,"spillover1 fp",6,0,640,640,"Unambiguous","Consistent"
"7762",10,25,"spillover1","fp",63,"spillover1 fp",6,0,184,184,"Unambiguous","Consistent"
"7764",10,29,"spillover1","fp",63,"spillover1 fp",6,0,1014,1014,"Unambiguous","Consistent"
"7766",10,31,"spillover1","fp",63,"spillover1 fp",8,0,420,420,"Unambiguous","Inconsistent"
"7768",10,44,"spillover1","fp",63,"spillover1 fp",5,0,654,654,"Ambiguous","Consistent"
"7770",10,34,"spillover1","fp",63,"spillover1 fp",7,0,274,274,"Ambiguous","Inconsistent"
"7772",10,26,"spillover1","fp",63,"spillover1 fp",7,0,950,950,"Ambiguous","Inconsistent"
"7774",10,39,"spillover1","fp",63,"spillover1 fp",8,0,368,368,"Unambiguous","Inconsistent"
"7776",10,47,"spillover1","fp",63,"spillover1 fp",8,0,486,486,"Unambiguous","Inconsistent"
"7778",10,38,"spillover1","fp",63,"spillover1 fp",7,0,290,290,"Ambiguous","Inconsistent"
"7780",10,45,"spillover1","fp",63,"spillover1 fp",6,0,342,342,"Unambiguous","Consistent"
"7782",10,43,"spillover1","fp",63,"spillover1 fp",8,0,172,172,"Unambiguous","Inconsistent"
"8600",11,25,"spillover1","fp",75,"spillover1 fp",7,0,1282,1282,"Ambiguous","Inconsistent"
"8602",11,45,"spillover1","fp",75,"spillover1 fp",7,0,1142,1142,"Ambiguous","Inconsistent"
"8604",11,26,"spillover1","fp",75,"spillover1 fp",8,0,214,214,"Unambiguous","Inconsistent"
"8606",11,46,"spillover1","fp",75,"spillover1 fp",8,0,674,674,"Unambiguous","Inconsistent"
"8608",11,27,"spillover1","fp",75,"spillover1 fp",5,0,1486,1486,"Ambiguous","Consistent"
"8610",11,31,"spillover1","fp",75,"spillover1 fp",5,0,958,958,"Ambiguous","Consistent"
"8612",11,41,"spillover1","fp",75,"spillover1 fp",7,0,1964,1964,"Ambiguous","Inconsistent"
"8614",11,30,"spillover1","fp",75,"spillover1 fp",8,0,990,990,"Unambiguous","Inconsistent"
"8616",11,38,"spillover1","fp",75,"spillover1 fp",8,0,1002,1002,"Unambiguous","Inconsistent"
"8618",11,47,"spillover1","fp",75,"spillover1 fp",5,0,130,130,"Ambiguous","Consistent"
"8620",11,36,"spillover1","fp",75,"spillover1 fp",6,0,576,576,"Unambiguous","Consistent"
"8622",11,37,"spillover1","fp",75,"spillover1 fp",7,0,1366,1366,"Ambiguous","Inconsistent"
"8624",11,32,"spillover1","fp",75,"spillover1 fp",6,0,1218,1218,"Unambiguous","Consistent"
"8626",11,44,"spillover1","fp",75,"spillover1 fp",6,0,438,438,"Unambiguous","Consistent"
"8628",11,43,"spillover1","fp",75,"spillover1 fp",5,0,2706,2706,"Ambiguous","Consistent"
"8630",11,28,"spillover1","fp",75,"spillover1 fp",6,0,284,284,"Unambiguous","Consistent"
"8632",11,48,"spillover1","fp",75,"spillover1 fp",6,0,1476,1476,"Unambiguous","Consistent"
"8634",11,42,"spillover1","fp",75,"spillover1 fp",8,0,284,284,"Unambiguous","Inconsistent"
"8636",11,40,"spillover1","fp",75,"spillover1 fp",6,0,630,630,"Unambiguous","Consistent"
"8638",11,35,"spillover1","fp",75,"spillover1 fp",5,0,1826,1826,"Ambiguous","Consistent"
"8640",11,33,"spillover1","fp",75,"spillover1 fp",7,0,1152,1152,"Ambiguous","Inconsistent"
"8642",11,39,"spillover1","fp",75,"spillover1 fp",5,0,1978,1978,"Ambiguous","Consistent"
"8644",11,29,"spillover1","fp",75,"spillover1 fp",7,0,1444,1444,"Ambiguous","Inconsistent"
"8646",11,34,"spillover1","fp",75,"spillover1 fp",8,0,416,416,"Unambiguous","Inconsistent"
"9464",12,33,"spillover1","fp",63,"spillover1 fp",6,0,618,618,"Unambiguous","Consistent"
"9466",12,34,"spillover1","fp",63,"spillover1 fp",7,0,678,678,"Ambiguous","Inconsistent"
"9468",12,43,"spillover1","fp",63,"spillover1 fp",8,0,795,795,"Unambiguous","Inconsistent"
"9470",12,35,"spillover1","fp",63,"spillover1 fp",8,0,177,177,"Unambiguous","Inconsistent"
"9472",12,38,"spillover1","fp",63,"spillover1 fp",7,0,589,589,"Ambiguous","Inconsistent"
"9474",12,44,"spillover1","fp",63,"spillover1 fp",5,0,578,578,"Ambiguous","Consistent"
"9476",12,25,"spillover1","fp",63,"spillover1 fp",6,0,241,241,"Unambiguous","Consistent"
"9478",12,36,"spillover1","fp",63,"spillover1 fp",5,0,1017,1017,"Ambiguous","Consistent"
"9480",12,28,"spillover1","fp",63,"spillover1 fp",5,0,881,881,"Ambiguous","Consistent"
"9482",12,31,"spillover1","fp",63,"spillover1 fp",8,0,190,190,"Unambiguous","Inconsistent"
"9484",12,29,"spillover1","fp",63,"spillover1 fp",6,0,251,251,"Unambiguous","Consistent"
"9486",12,30,"spillover1","fp",63,"spillover1 fp",7,0,424,424,"Ambiguous","Inconsistent"
"9488",12,45,"spillover1","fp",63,"spillover1 fp",6,0,363,363,"Unambiguous","Consistent"
"9490",12,27,"spillover1","fp",63,"spillover1 fp",8,0,571,571,"Unambiguous","Inconsistent"
"9492",12,46,"spillover1","fp",63,"spillover1 fp",7,0,686,686,"Ambiguous","Inconsistent"
"9494",12,41,"spillover1","fp",63,"spillover1 fp",6,0,114,114,"Unambiguous","Consistent"
"9496",12,37,"spillover1","fp",63,"spillover1 fp",6,0,555,555,"Unambiguous","Consistent"
"9498",12,32,"spillover1","fp",63,"spillover1 fp",5,0,288,288,"Ambiguous","Consistent"
"9500",12,42,"spillover1","fp",63,"spillover1 fp",7,0,545,545,"Ambiguous","Inconsistent"
"9502",12,47,"spillover1","fp",63,"spillover1 fp",8,0,565,565,"Unambiguous","Inconsistent"
"9504",12,48,"spillover1","fp",63,"spillover1 fp",5,0,146,146,"Ambiguous","Consistent"
"9506",12,39,"spillover1","fp",63,"spillover1 fp",8,0,172,172,"Unambiguous","Inconsistent"
"9508",12,26,"spillover1","fp",63,"spillover1 fp",7,0,840,840,"Ambiguous","Inconsistent"
"9510",12,40,"spillover1","fp",63,"spillover1 fp",5,0,1559,1559,"Ambiguous","Consistent"
"10327",13,47,"spillover1","fp",70,"spillover1 fp",6,0,1084,1084,"Unambiguous","Consistent"
"10329",13,27,"spillover1","fp",70,"spillover1 fp",6,0,532,532,"Unambiguous","Consistent"
"10331",13,41,"spillover1","fp",70,"spillover1 fp",8,0,592,592,"Unambiguous","Inconsistent"
"10333",13,35,"spillover1","fp",70,"spillover1 fp",6,0,188,188,"Unambiguous","Consistent"
"10335",13,37,"spillover1","fp",70,"spillover1 fp",8,0,614,614,"Unambiguous","Inconsistent"
"10337",13,43,"spillover1","fp",70,"spillover1 fp",6,0,874,874,"Unambiguous","Consistent"
"10339",13,44,"spillover1","fp",70,"spillover1 fp",7,0,1456,1456,"Ambiguous","Inconsistent"
"10341",13,46,"spillover1","fp",70,"spillover1 fp",5,0,1210,1210,"Ambiguous","Consistent"
"10343",13,25,"spillover1","fp",70,"spillover1 fp",8,0,584,584,"Unambiguous","Inconsistent"
"10345",13,30,"spillover1","fp",70,"spillover1 fp",5,0,928,928,"Ambiguous","Consistent"
"10347",13,29,"spillover1","fp",70,"spillover1 fp",8,0,644,644,"Unambiguous","Inconsistent"
"10349",13,31,"spillover1","fp",70,"spillover1 fp",6,0,544,544,"Unambiguous","Consistent"
"10351",13,38,"spillover1","fp",70,"spillover1 fp",5,0,1930,1930,"Ambiguous","Consistent"
"10353",13,32,"spillover1","fp",70,"spillover1 fp",7,0,2374,2374,"Ambiguous","Inconsistent"
"10355",13,34,"spillover1","fp",70,"spillover1 fp",5,0,772,772,"Ambiguous","Consistent"
"10357",13,26,"spillover1","fp",70,"spillover1 fp",5,0,296,296,"Ambiguous","Consistent"
"10359",13,39,"spillover1","fp",70,"spillover1 fp",6,0,344,344,"Unambiguous","Consistent"
"10361",13,33,"spillover1","fp",70,"spillover1 fp",8,0,456,456,"Unambiguous","Inconsistent"
"10363",13,36,"spillover1","fp",70,"spillover1 fp",7,0,200,200,"Ambiguous","Inconsistent"
"10365",13,48,"spillover1","fp",70,"spillover1 fp",7,0,862,862,"Ambiguous","Inconsistent"
"10367",13,40,"spillover1","fp",70,"spillover1 fp",7,0,648,648,"Ambiguous","Inconsistent"
"10369",13,45,"spillover1","fp",70,"spillover1 fp",8,0,402,402,"Unambiguous","Inconsistent"
"10371",13,42,"spillover1","fp",70,"spillover1 fp",5,0,452,452,"Ambiguous","Consistent"
"10373",13,28,"spillover1","fp",70,"spillover1 fp",7,0,1862,1862,"Ambiguous","Inconsistent"
"11192",14,41,"spillover1","fp",72,"spillover1 fp",5,0,770,770,"Ambiguous","Consistent"
"11194",14,34,"spillover1","fp",72,"spillover1 fp",6,0,616,616,"Unambiguous","Consistent"
"11196",14,35,"spillover1","fp",72,"spillover1 fp",7,0,162,162,"Ambiguous","Inconsistent"
"11198",14,27,"spillover1","fp",72,"spillover1 fp",7,0,996,996,"Ambiguous","Inconsistent"
"11200",14,44,"spillover1","fp",72,"spillover1 fp",8,0,476,476,"Unambiguous","Inconsistent"
"11202",14,33,"spillover1","fp",72,"spillover1 fp",5,0,1056,1056,"Ambiguous","Consistent"
"11204",14,28,"spillover1","fp",72,"spillover1 fp",8,0,706,706,"Unambiguous","Inconsistent"
"11206",14,26,"spillover1","fp",72,"spillover1 fp",6,0,220,220,"Unambiguous","Consistent"
"11208",14,37,"spillover1","fp",72,"spillover1 fp",5,0,128,128,"Ambiguous","Consistent"
"11210",14,36,"spillover1","fp",72,"spillover1 fp",8,0,640,640,"Unambiguous","Inconsistent"
"11212",14,46,"spillover1","fp",72,"spillover1 fp",6,0,378,378,"Unambiguous","Consistent"
"11214",14,29,"spillover1","fp",72,"spillover1 fp",5,0,1190,1190,"Ambiguous","Consistent"
"11216",14,38,"spillover1","fp",72,"spillover1 fp",6,0,536,536,"Unambiguous","Consistent"
"11218",14,39,"spillover1","fp",72,"spillover1 fp",7,0,938,938,"Ambiguous","Inconsistent"
"11220",14,47,"spillover1","fp",72,"spillover1 fp",7,0,1330,1330,"Ambiguous","Inconsistent"
"11222",14,25,"spillover1","fp",72,"spillover1 fp",5,0,722,722,"Ambiguous","Consistent"
"11224",14,48,"spillover1","fp",72,"spillover1 fp",8,0,614,614,"Unambiguous","Inconsistent"
"11226",14,42,"spillover1","fp",72,"spillover1 fp",6,0,546,546,"Unambiguous","Consistent"
"11228",14,45,"spillover1","fp",72,"spillover1 fp",5,0,1390,1390,"Ambiguous","Consistent"
"11230",14,43,"spillover1","fp",72,"spillover1 fp",7,0,616,616,"Ambiguous","Inconsistent"
"11232",14,32,"spillover1","fp",72,"spillover1 fp",8,0,650,650,"Unambiguous","Inconsistent"
"11234",14,40,"spillover1","fp",72,"spillover1 fp",8,0,484,484,"Unambiguous","Inconsistent"
"11236",14,30,"spillover1","fp",72,"spillover1 fp",6,0,330,330,"Unambiguous","Consistent"
"11238",14,31,"spillover1","fp",72,"spillover1 fp",7,0,216,216,"Ambiguous","Inconsistent"
"12052",15,34,"spillover1","fp",73,"spillover1 fp",7,0,654,654,"Ambiguous","Inconsistent"
"12054",15,30,"spillover1","fp",73,"spillover1 fp",7,0,704,704,"Ambiguous","Inconsistent"
"12056",15,35,"spillover1","fp",73,"spillover1 fp",8,0,484,484,"Unambiguous","Inconsistent"
"12058",15,38,"spillover1","fp",73,"spillover1 fp",7,0,1194,1194,"Ambiguous","Inconsistent"
"12060",15,46,"spillover1","fp",73,"spillover1 fp",7,0,838,838,"Ambiguous","Inconsistent"
"12061",15,36,"spillover1","fp",73,"spillover1 fp",5,0,918,918,"Ambiguous","Consistent"
"12063",15,25,"spillover1","fp",73,"spillover1 fp",6,0,460,460,"Unambiguous","Consistent"
"12065",15,28,"spillover1","fp",73,"spillover1 fp",5,0,1004,1004,"Ambiguous","Consistent"
"12067",15,33,"spillover1","fp",73,"spillover1 fp",6,0,534,534,"Unambiguous","Consistent"
"12069",15,42,"spillover1","fp",73,"spillover1 fp",7,0,560,560,"Ambiguous","Inconsistent"
"12071",15,45,"spillover1","fp",73,"spillover1 fp",6,0,368,368,"Unambiguous","Consistent"
"12073",15,29,"spillover1","fp",73,"spillover1 fp",6,0,466,466,"Unambiguous","Consistent"
"12075",15,41,"spillover1","fp",73,"spillover1 fp",6,0,796,796,"Unambiguous","Consistent"
"12077",15,31,"spillover1","fp",73,"spillover1 fp",8,0,468,468,"Unambiguous","Inconsistent"
"12079",15,47,"spillover1","fp",73,"spillover1 fp",8,0,666,666,"Unambiguous","Inconsistent"
"12080",15,37,"spillover1","fp",73,"spillover1 fp",6,0,640,640,"Unambiguous","Consistent"
"12082",15,27,"spillover1","fp",73,"spillover1 fp",8,0,298,298,"Unambiguous","Inconsistent"
"12083",15,48,"spillover1","fp",73,"spillover1 fp",5,0,1068,1068,"Ambiguous","Consistent"
"12085",15,40,"spillover1","fp",73,"spillover1 fp",5,0,574,574,"Ambiguous","Consistent"
"12087",15,43,"spillover1","fp",73,"spillover1 fp",8,0,1178,1178,"Unambiguous","Inconsistent"
"12089",15,39,"spillover1","fp",73,"spillover1 fp",8,0,718,718,"Unambiguous","Inconsistent"
"12091",15,26,"spillover1","fp",73,"spillover1 fp",7,0,820,820,"Ambiguous","Inconsistent"
"12092",15,44,"spillover1","fp",73,"spillover1 fp",5,0,440,440,"Ambiguous","Consistent"
"12094",15,32,"spillover1","fp",73,"spillover1 fp",5,0,914,914,"Ambiguous","Consistent"
"12848",16,33,"spillover1","fp",69,"spillover1 fp",7,0,594,594,"Ambiguous","Inconsistent"
"12850",16,25,"spillover1","fp",69,"spillover1 fp",7,0,384,384,"Ambiguous","Inconsistent"
"12852",16,36,"spillover1","fp",69,"spillover1 fp",6,0,240,240,"Unambiguous","Consistent"
"12854",16,47,"spillover1","fp",69,"spillover1 fp",5,0,750,750,"Ambiguous","Consistent"
"12856",16,48,"spillover1","fp",69,"spillover1 fp",6,0,680,680,"Unambiguous","Consistent"
"12858",16,30,"spillover1","fp",69,"spillover1 fp",8,0,440,440,"Unambiguous","Inconsistent"
"12860",16,27,"spillover1","fp",69,"spillover1 fp",5,0,1166,1166,"Ambiguous","Consistent"
"12862",16,41,"spillover1","fp",69,"spillover1 fp",7,0,150,150,"Ambiguous","Inconsistent"
"12864",16,46,"spillover1","fp",69,"spillover1 fp",8,0,174,174,"Unambiguous","Inconsistent"
"12866",16,38,"spillover1","fp",69,"spillover1 fp",8,0,556,556,"Unambiguous","Inconsistent"
"12868",16,44,"spillover1","fp",69,"spillover1 fp",6,0,386,386,"Unambiguous","Consistent"
"12870",16,28,"spillover1","fp",69,"spillover1 fp",6,0,536,536,"Unambiguous","Consistent"
"12872",16,31,"spillover1","fp",69,"spillover1 fp",5,0,264,264,"Ambiguous","Consistent"
"12874",16,29,"spillover1","fp",69,"spillover1 fp",7,0,952,952,"Ambiguous","Inconsistent"
"12876",16,37,"spillover1","fp",69,"spillover1 fp",7,0,600,600,"Ambiguous","Inconsistent"
"12878",16,32,"spillover1","fp",69,"spillover1 fp",6,0,558,558,"Unambiguous","Consistent"
"12880",16,43,"spillover1","fp",69,"spillover1 fp",5,0,134,134,"Ambiguous","Consistent"
"12882",16,26,"spillover1","fp",69,"spillover1 fp",8,0,352,352,"Unambiguous","Inconsistent"
"12884",16,34,"spillover1","fp",69,"spillover1 fp",8,0,410,410,"Unambiguous","Inconsistent"
"12886",16,35,"spillover1","fp",69,"spillover1 fp",5,0,588,588,"Ambiguous","Consistent"
"12888",16,42,"spillover1","fp",69,"spillover1 fp",8,0,354,354,"Unambiguous","Inconsistent"
"12890",16,45,"spillover1","fp",69,"spillover1 fp",7,0,538,538,"Ambiguous","Inconsistent"
"12892",16,40,"spillover1","fp",69,"spillover1 fp",6,0,202,202,"Unambiguous","Consistent"
"12894",16,39,"spillover1","fp",69,"spillover1 fp",5,0,556,556,"Ambiguous","Consistent"
"13712",17,35,"spillover1","fp",82,"spillover1 fp",6,0,542,542,"Unambiguous","Consistent"
"13714",17,40,"spillover1","fp",82,"spillover1 fp",7,0,156,156,"Ambiguous","Inconsistent"
"13716",17,42,"spillover1","fp",82,"spillover1 fp",5,0,676,676,"Ambiguous","Consistent"
"13718",17,31,"spillover1","fp",82,"spillover1 fp",6,0,140,140,"Unambiguous","Consistent"
"13720",17,33,"spillover1","fp",82,"spillover1 fp",8,0,700,700,"Unambiguous","Inconsistent"
"13722",17,29,"spillover1","fp",82,"spillover1 fp",8,0,602,602,"Unambiguous","Inconsistent"
"13724",17,28,"spillover1","fp",82,"spillover1 fp",7,0,1714,1714,"Ambiguous","Inconsistent"
"13726",17,41,"spillover1","fp",82,"spillover1 fp",8,0,818,818,"Unambiguous","Inconsistent"
"13728",17,44,"spillover1","fp",82,"spillover1 fp",7,0,344,344,"Ambiguous","Inconsistent"
"13730",17,37,"spillover1","fp",82,"spillover1 fp",8,0,1688,1688,"Unambiguous","Inconsistent"
"13732",17,30,"spillover1","fp",82,"spillover1 fp",5,0,1350,1350,"Ambiguous","Consistent"
"13734",17,38,"spillover1","fp",82,"spillover1 fp",5,0,1358,1358,"Ambiguous","Consistent"
"13736",17,47,"spillover1","fp",82,"spillover1 fp",6,0,1132,1132,"Unambiguous","Consistent"
"13738",17,32,"spillover1","fp",82,"spillover1 fp",7,0,1400,1400,"Ambiguous","Inconsistent"
"13740",17,45,"spillover1","fp",82,"spillover1 fp",8,0,742,742,"Unambiguous","Inconsistent"
"13742",17,39,"spillover1","fp",82,"spillover1 fp",6,0,790,790,"Unambiguous","Consistent"
"13744",17,27,"spillover1","fp",82,"spillover1 fp",6,0,708,708,"Unambiguous","Consistent"
"13746",17,43,"spillover1","fp",82,"spillover1 fp",6,0,998,998,"Unambiguous","Consistent"
"13748",17,48,"spillover1","fp",82,"spillover1 fp",7,0,322,322,"Ambiguous","Inconsistent"
"13750",17,34,"spillover1","fp",82,"spillover1 fp",5,0,212,212,"Ambiguous","Consistent"
"13752",17,25,"spillover1","fp",82,"spillover1 fp",8,0,608,608,"Unambiguous","Inconsistent"
"13754",17,36,"spillover1","fp",82,"spillover1 fp",7,0,144,144,"Ambiguous","Inconsistent"
"13756",17,26,"spillover1","fp",82,"spillover1 fp",5,0,158,158,"Ambiguous","Consistent"
"13758",17,46,"spillover1","fp",82,"spillover1 fp",5,0,206,206,"Ambiguous","Consistent"
"14576",18,47,"spillover1","fp",89,"spillover1 fp",7,0,706,706,"Ambiguous","Inconsistent"
"14578",18,28,"spillover1","fp",89,"spillover1 fp",8,0,666,666,"Unambiguous","Inconsistent"
"14580",18,27,"spillover1","fp",89,"spillover1 fp",7,0,172,172,"Ambiguous","Inconsistent"
"14582",18,38,"spillover1","fp",89,"spillover1 fp",6,0,704,704,"Unambiguous","Consistent"
"14584",18,34,"spillover1","fp",89,"spillover1 fp",6,0,216,216,"Unambiguous","Consistent"
"14586",18,39,"spillover1","fp",89,"spillover1 fp",7,0,188,188,"Ambiguous","Inconsistent"
"14588",18,31,"spillover1","fp",89,"spillover1 fp",7,0,198,198,"Ambiguous","Inconsistent"
"14590",18,37,"spillover1","fp",89,"spillover1 fp",5,0,796,796,"Ambiguous","Consistent"
"14592",18,45,"spillover1","fp",89,"spillover1 fp",5,0,196,196,"Ambiguous","Consistent"
"14594",18,40,"spillover1","fp",89,"spillover1 fp",8,0,448,448,"Unambiguous","Inconsistent"
"14596",18,33,"spillover1","fp",89,"spillover1 fp",5,0,318,318,"Ambiguous","Consistent"
"14598",18,48,"spillover1","fp",89,"spillover1 fp",8,0,252,252,"Unambiguous","Inconsistent"
"14600",18,30,"spillover1","fp",89,"spillover1 fp",6,0,260,260,"Unambiguous","Consistent"
"14602",18,42,"spillover1","fp",89,"spillover1 fp",6,0,230,230,"Unambiguous","Consistent"
"14604",18,25,"spillover1","fp",89,"spillover1 fp",5,0,486,486,"Ambiguous","Consistent"
"14606",18,32,"spillover1","fp",89,"spillover1 fp",8,0,934,934,"Unambiguous","Inconsistent"
"14608",18,44,"spillover1","fp",89,"spillover1 fp",8,0,194,194,"Unambiguous","Inconsistent"
"14610",18,29,"spillover1","fp",89,"spillover1 fp",5,0,472,472,"Ambiguous","Consistent"
"14612",18,41,"spillover1","fp",89,"spillover1 fp",5,0,1112,1112,"Ambiguous","Consistent"
"14614",18,35,"spillover1","fp",89,"spillover1 fp",7,0,286,286,"Ambiguous","Inconsistent"
"14616",18,46,"spillover1","fp",89,"spillover1 fp",6,0,460,460,"Unambiguous","Consistent"
"14618",18,26,"spillover1","fp",89,"spillover1 fp",6,0,410,410,"Unambiguous","Consistent"
"14620",18,36,"spillover1","fp",89,"spillover1 fp",8,0,336,336,"Unambiguous","Inconsistent"
"14622",18,43,"spillover1","fp",89,"spillover1 fp",7,0,2040,2040,"Ambiguous","Inconsistent"
"15439",19,29,"spillover1","fp",53,"spillover1 fp",6,0,408,408,"Unambiguous","Consistent"
"15441",19,45,"spillover1","fp",53,"spillover1 fp",6,0,466,466,"Unambiguous","Consistent"
"15443",19,27,"spillover1","fp",53,"spillover1 fp",8,0,744,744,"Unambiguous","Inconsistent"
"15445",19,46,"spillover1","fp",53,"spillover1 fp",7,0,606,606,"Ambiguous","Inconsistent"
"15447",19,41,"spillover1","fp",53,"spillover1 fp",6,0,476,476,"Unambiguous","Consistent"
"15449",19,30,"spillover1","fp",53,"spillover1 fp",7,0,1278,1278,"Ambiguous","Inconsistent"
"15451",19,47,"spillover1","fp",53,"spillover1 fp",8,0,596,596,"Unambiguous","Inconsistent"
"15453",19,33,"spillover1","fp",53,"spillover1 fp",6,0,368,368,"Unambiguous","Consistent"
"15455",19,39,"spillover1","fp",53,"spillover1 fp",8,0,708,708,"Unambiguous","Inconsistent"
"15457",19,40,"spillover1","fp",53,"spillover1 fp",5,0,1156,1156,"Ambiguous","Consistent"
"15459",19,48,"spillover1","fp",53,"spillover1 fp",5,0,978,978,"Ambiguous","Consistent"
"15461",19,32,"spillover1","fp",53,"spillover1 fp",5,0,1066,1066,"Ambiguous","Consistent"
"15463",19,42,"spillover1","fp",53,"spillover1 fp",7,0,438,438,"Ambiguous","Inconsistent"
"15465",19,31,"spillover1","fp",53,"spillover1 fp",8,0,800,800,"Unambiguous","Inconsistent"
"15467",19,34,"spillover1","fp",53,"spillover1 fp",7,0,414,414,"Ambiguous","Inconsistent"
"15469",19,35,"spillover1","fp",53,"spillover1 fp",8,0,654,654,"Unambiguous","Inconsistent"
"15471",19,37,"spillover1","fp",53,"spillover1 fp",6,0,1170,1170,"Unambiguous","Consistent"
"15473",19,26,"spillover1","fp",53,"spillover1 fp",7,0,1234,1234,"Ambiguous","Inconsistent"
"15475",19,43,"spillover1","fp",53,"spillover1 fp",8,0,666,666,"Unambiguous","Inconsistent"
"15477",19,25,"spillover1","fp",53,"spillover1 fp",6,0,534,534,"Unambiguous","Consistent"
"15479",19,28,"spillover1","fp",53,"spillover1 fp",5,0,1736,1736,"Ambiguous","Consistent"
"15481",19,44,"spillover1","fp",53,"spillover1 fp",5,0,280,280,"Ambiguous","Consistent"
"15483",19,36,"spillover1","fp",53,"spillover1 fp",5,0,474,474,"Ambiguous","Consistent"
"15485",19,38,"spillover1","fp",53,"spillover1 fp",7,0,1022,1022,"Ambiguous","Inconsistent"
"16303",20,41,"spillover1","fp",81,"spillover1 fp",7,0,906,906,"Ambiguous","Inconsistent"
"16305",20,37,"spillover1","fp",81,"spillover1 fp",7,0,158,158,"Ambiguous","Inconsistent"
"16307",20,47,"spillover1","fp",81,"spillover1 fp",5,0,1118,1118,"Ambiguous","Consistent"
"16309",20,25,"spillover1","fp",81,"spillover1 fp",7,0,194,194,"Ambiguous","Inconsistent"
"16311",20,39,"spillover1","fp",81,"spillover1 fp",5,0,142,142,"Ambiguous","Consistent"
"16313",20,40,"spillover1","fp",81,"spillover1 fp",6,0,608,608,"Unambiguous","Consistent"
"16315",20,30,"spillover1","fp",81,"spillover1 fp",8,0,158,158,"Unambiguous","Inconsistent"
"16317",20,34,"spillover1","fp",81,"spillover1 fp",8,0,808,808,"Unambiguous","Inconsistent"
"16319",20,26,"spillover1","fp",81,"spillover1 fp",8,0,96,96,"Unambiguous","Inconsistent"
"16321",20,28,"spillover1","fp",81,"spillover1 fp",6,0,490,490,"Unambiguous","Consistent"
"16323",20,36,"spillover1","fp",81,"spillover1 fp",6,0,440,440,"Unambiguous","Consistent"
"16325",20,45,"spillover1","fp",81,"spillover1 fp",7,0,850,850,"Ambiguous","Inconsistent"
"16327",20,42,"spillover1","fp",81,"spillover1 fp",8,0,546,546,"Unambiguous","Inconsistent"
"16329",20,29,"spillover1","fp",81,"spillover1 fp",7,0,802,802,"Ambiguous","Inconsistent"
"16331",20,44,"spillover1","fp",81,"spillover1 fp",6,0,946,946,"Unambiguous","Consistent"
"16333",20,46,"spillover1","fp",81,"spillover1 fp",8,0,164,164,"Unambiguous","Inconsistent"
"16335",20,32,"spillover1","fp",81,"spillover1 fp",6,0,1294,1294,"Unambiguous","Consistent"
"16337",20,38,"spillover1","fp",81,"spillover1 fp",8,0,594,594,"Unambiguous","Inconsistent"
"16339",20,43,"spillover1","fp",81,"spillover1 fp",5,0,822,822,"Ambiguous","Consistent"
"16341",20,33,"spillover1","fp",81,"spillover1 fp",7,0,874,874,"Ambiguous","Inconsistent"
"16343",20,31,"spillover1","fp",81,"spillover1 fp",5,0,1606,1606,"Ambiguous","Consistent"
"16345",20,35,"spillover1","fp",81,"spillover1 fp",5,0,514,514,"Ambiguous","Consistent"
"16347",20,48,"spillover1","fp",81,"spillover1 fp",6,0,196,196,"Unambiguous","Consistent"
"16349",20,27,"spillover1","fp",81,"spillover1 fp",5,0,1228,1228,"Ambiguous","Consistent"
"17167",21,31,"spillover1","fp",86,"spillover1 fp",6,0,1036,1036,"Unambiguous","Consistent"
"17169",21,37,"spillover1","fp",86,"spillover1 fp",8,0,1320,1320,"Unambiguous","Inconsistent"
"17171",21,36,"spillover1","fp",86,"spillover1 fp",7,0,286,286,"Ambiguous","Inconsistent"
"17173",21,46,"spillover1","fp",86,"spillover1 fp",5,0,800,800,"Ambiguous","Consistent"
"17175",21,28,"spillover1","fp",86,"spillover1 fp",7,0,1646,1646,"Ambiguous","Inconsistent"
"17177",21,34,"spillover1","fp",86,"spillover1 fp",5,0,712,712,"Ambiguous","Consistent"
"17179",21,35,"spillover1","fp",86,"spillover1 fp",6,0,662,662,"Unambiguous","Consistent"
"17181",21,48,"spillover1","fp",86,"spillover1 fp",7,0,160,160,"Ambiguous","Inconsistent"
"17183",21,47,"spillover1","fp",86,"spillover1 fp",6,0,320,320,"Unambiguous","Consistent"
"17185",21,40,"spillover1","fp",86,"spillover1 fp",7,0,438,438,"Ambiguous","Inconsistent"
"17187",21,41,"spillover1","fp",86,"spillover1 fp",8,0,1940,1940,"Unambiguous","Inconsistent"
"17189",21,44,"spillover1","fp",86,"spillover1 fp",7,0,680,680,"Ambiguous","Inconsistent"
"17191",21,43,"spillover1","fp",86,"spillover1 fp",6,0,320,320,"Unambiguous","Consistent"
"17193",21,25,"spillover1","fp",86,"spillover1 fp",8,0,618,618,"Unambiguous","Inconsistent"
"17195",21,39,"spillover1","fp",86,"spillover1 fp",6,0,608,608,"Unambiguous","Consistent"
"17197",21,32,"spillover1","fp",86,"spillover1 fp",7,0,138,138,"Ambiguous","Inconsistent"
"17199",21,27,"spillover1","fp",86,"spillover1 fp",6,0,864,864,"Unambiguous","Consistent"
"17201",21,26,"spillover1","fp",86,"spillover1 fp",5,0,1432,1432,"Ambiguous","Consistent"
"17203",21,45,"spillover1","fp",86,"spillover1 fp",8,0,454,454,"Unambiguous","Inconsistent"
"17205",21,38,"spillover1","fp",86,"spillover1 fp",5,0,264,264,"Ambiguous","Consistent"
"17207",21,33,"spillover1","fp",86,"spillover1 fp",8,0,656,656,"Unambiguous","Inconsistent"
"17209",21,30,"spillover1","fp",86,"spillover1 fp",5,0,738,738,"Ambiguous","Consistent"
"17211",21,29,"spillover1","fp",86,"spillover1 fp",8,0,758,758,"Unambiguous","Inconsistent"
"17213",21,42,"spillover1","fp",86,"spillover1 fp",5,0,1374,1374,"Ambiguous","Consistent"
"18032",22,47,"spillover1","fp",53,"spillover1 fp",7,0,1602,1602,"Ambiguous","Inconsistent"
"18034",22,36,"spillover1","fp",53,"spillover1 fp",8,0,594,594,"Unambiguous","Inconsistent"
"18036",22,25,"spillover1","fp",53,"spillover1 fp",5,0,730,730,"Ambiguous","Consistent"
"18038",22,43,"spillover1","fp",53,"spillover1 fp",7,0,654,654,"Ambiguous","Inconsistent"
"18040",22,27,"spillover1","fp",53,"spillover1 fp",7,0,376,376,"Ambiguous","Inconsistent"
"18042",22,38,"spillover1","fp",53,"spillover1 fp",6,0,604,604,"Unambiguous","Consistent"
"18044",22,35,"spillover1","fp",53,"spillover1 fp",7,0,1288,1288,"Ambiguous","Inconsistent"
"18046",22,40,"spillover1","fp",53,"spillover1 fp",8,0,478,478,"Unambiguous","Inconsistent"
"18048",22,45,"spillover1","fp",53,"spillover1 fp",5,0,892,892,"Ambiguous","Consistent"
"18050",22,39,"spillover1","fp",53,"spillover1 fp",7,0,1436,1436,"Ambiguous","Inconsistent"
"18052",22,28,"spillover1","fp",53,"spillover1 fp",8,0,702,702,"Unambiguous","Inconsistent"
"18054",22,42,"spillover1","fp",53,"spillover1 fp",6,0,310,310,"Unambiguous","Consistent"
"18056",22,37,"spillover1","fp",53,"spillover1 fp",5,0,1152,1152,"Ambiguous","Consistent"
"18058",22,30,"spillover1","fp",53,"spillover1 fp",6,0,558,558,"Unambiguous","Consistent"
"18060",22,31,"spillover1","fp",53,"spillover1 fp",7,0,1080,1080,"Ambiguous","Inconsistent"
"18062",22,32,"spillover1","fp",53,"spillover1 fp",8,0,226,226,"Unambiguous","Inconsistent"
"18064",22,46,"spillover1","fp",53,"spillover1 fp",6,0,446,446,"Unambiguous","Consistent"
"18066",22,34,"spillover1","fp",53,"spillover1 fp",6,0,800,800,"Unambiguous","Consistent"
"18068",22,33,"spillover1","fp",53,"spillover1 fp",5,0,740,740,"Ambiguous","Consistent"
"18070",22,26,"spillover1","fp",53,"spillover1 fp",6,0,664,664,"Unambiguous","Consistent"
"18072",22,29,"spillover1","fp",53,"spillover1 fp",5,0,644,644,"Ambiguous","Consistent"
"18074",22,41,"spillover1","fp",53,"spillover1 fp",5,0,850,850,"Ambiguous","Consistent"
"18076",22,48,"spillover1","fp",53,"spillover1 fp",8,0,162,162,"Unambiguous","Inconsistent"
"18078",22,44,"spillover1","fp",53,"spillover1 fp",8,0,530,530,"Unambiguous","Inconsistent"
"18896",23,34,"spillover1","fp",79,"spillover1 fp",8,0,173,173,"Unambiguous","Inconsistent"
"18898",23,28,"spillover1","fp",79,"spillover1 fp",6,0,151,151,"Unambiguous","Consistent"
"18900",23,43,"spillover1","fp",79,"spillover1 fp",5,0,1005,1005,"Ambiguous","Consistent"
"18902",23,33,"spillover1","fp",79,"spillover1 fp",7,0,1151,1151,"Ambiguous","Inconsistent"
"18904",23,45,"spillover1","fp",79,"spillover1 fp",7,0,785,785,"Ambiguous","Inconsistent"
"18906",23,35,"spillover1","fp",79,"spillover1 fp",5,0,553,553,"Ambiguous","Consistent"
"18908",23,37,"spillover1","fp",79,"spillover1 fp",7,0,1618,1618,"Ambiguous","Inconsistent"
"18910",23,29,"spillover1","fp",79,"spillover1 fp",7,0,194,194,"Ambiguous","Inconsistent"
"18912",23,38,"spillover1","fp",79,"spillover1 fp",8,0,295,295,"Unambiguous","Inconsistent"
"18914",23,32,"spillover1","fp",79,"spillover1 fp",6,0,768,768,"Unambiguous","Consistent"
"18916",23,30,"spillover1","fp",79,"spillover1 fp",8,0,160,160,"Unambiguous","Inconsistent"
"18918",23,44,"spillover1","fp",79,"spillover1 fp",6,0,115,115,"Unambiguous","Consistent"
"18920",23,31,"spillover1","fp",79,"spillover1 fp",5,0,1083,1083,"Ambiguous","Consistent"
"18922",23,41,"spillover1","fp",79,"spillover1 fp",7,0,1206,1206,"Ambiguous","Inconsistent"
"18924",23,26,"spillover1","fp",79,"spillover1 fp",8,0,621,621,"Unambiguous","Inconsistent"
"18926",23,36,"spillover1","fp",79,"spillover1 fp",6,0,431,431,"Unambiguous","Consistent"
"18928",23,47,"spillover1","fp",79,"spillover1 fp",5,0,216,216,"Ambiguous","Consistent"
"18930",23,40,"spillover1","fp",79,"spillover1 fp",6,0,378,378,"Unambiguous","Consistent"
"18932",23,39,"spillover1","fp",79,"spillover1 fp",5,0,491,491,"Ambiguous","Consistent"
"18934",23,46,"spillover1","fp",79,"spillover1 fp",8,0,284,284,"Unambiguous","Inconsistent"
"18936",23,42,"spillover1","fp",79,"spillover1 fp",8,0,510,510,"Unambiguous","Inconsistent"
"18938",23,25,"spillover1","fp",79,"spillover1 fp",7,0,333,333,"Ambiguous","Inconsistent"
"18940",23,48,"spillover1","fp",79,"spillover1 fp",6,0,214,214,"Unambiguous","Consistent"
"18942",23,27,"spillover1","fp",79,"spillover1 fp",5,0,518,518,"Ambiguous","Consistent"
"19759",24,34,"spillover1","fp",86,"spillover1 fp",7,0,1042,1042,"Ambiguous","Inconsistent"
"19760",24,39,"spillover1","fp",86,"spillover1 fp",8,0,1530,1530,"Unambiguous","Inconsistent"
"19762",24,46,"spillover1","fp",86,"spillover1 fp",7,0,848,848,"Ambiguous","Inconsistent"
"19764",24,44,"spillover1","fp",86,"spillover1 fp",5,0,1024,1024,"Ambiguous","Consistent"
"19766",24,30,"spillover1","fp",86,"spillover1 fp",7,0,1006,1006,"Ambiguous","Inconsistent"
"19768",24,40,"spillover1","fp",86,"spillover1 fp",5,0,1198,1198,"Ambiguous","Consistent"
"19770",24,37,"spillover1","fp",86,"spillover1 fp",6,0,646,646,"Unambiguous","Consistent"
"19772",24,31,"spillover1","fp",86,"spillover1 fp",8,0,1214,1214,"Unambiguous","Inconsistent"
"19774",24,26,"spillover1","fp",86,"spillover1 fp",7,0,1330,1330,"Ambiguous","Inconsistent"
"19776",24,42,"spillover1","fp",86,"spillover1 fp",7,0,984,984,"Ambiguous","Inconsistent"
"19778",24,27,"spillover1","fp",86,"spillover1 fp",8,0,614,614,"Unambiguous","Inconsistent"
"19780",24,35,"spillover1","fp",86,"spillover1 fp",8,0,710,710,"Unambiguous","Inconsistent"
"19782",24,48,"spillover1","fp",86,"spillover1 fp",5,0,360,360,"Ambiguous","Consistent"
"19784",24,32,"spillover1","fp",86,"spillover1 fp",5,0,1520,1520,"Ambiguous","Consistent"
"19786",24,36,"spillover1","fp",86,"spillover1 fp",5,0,892,892,"Ambiguous","Consistent"
"19788",24,38,"spillover1","fp",86,"spillover1 fp",7,0,1494,1494,"Ambiguous","Inconsistent"
"19790",24,45,"spillover1","fp",86,"spillover1 fp",6,0,604,604,"Unambiguous","Consistent"
"19792",24,33,"spillover1","fp",86,"spillover1 fp",6,0,942,942,"Unambiguous","Consistent"
"19794",24,28,"spillover1","fp",86,"spillover1 fp",5,0,1530,1530,"Ambiguous","Consistent"
"19796",24,41,"spillover1","fp",86,"spillover1 fp",6,0,1066,1066,"Unambiguous","Consistent"
"19798",24,43,"spillover1","fp",86,"spillover1 fp",8,0,608,608,"Unambiguous","Inconsistent"
"19800",24,25,"spillover1","fp",86,"spillover1 fp",6,0,588,588,"Unambiguous","Consistent"
"19802",24,29,"spillover1","fp",86,"spillover1 fp",6,0,732,732,"Unambiguous","Consistent"
"19804",24,47,"spillover1","fp",86,"spillover1 fp",8,0,908,908,"Unambiguous","Inconsistent"
"20605",25,29,"spillover1","fp",52,"spillover1 fp",7,0,722,722,"Ambiguous","Inconsistent"
"20607",25,43,"spillover1","fp",52,"spillover1 fp",5,0,892,892,"Ambiguous","Consistent"
"20609",25,34,"spillover1","fp",52,"spillover1 fp",8,0,380,380,"Unambiguous","Inconsistent"
"20611",25,46,"spillover1","fp",52,"spillover1 fp",8,0,160,160,"Unambiguous","Inconsistent"
"20613",25,26,"spillover1","fp",52,"spillover1 fp",8,0,616,616,"Unambiguous","Inconsistent"
"20615",25,37,"spillover1","fp",52,"spillover1 fp",7,0,484,484,"Ambiguous","Inconsistent"
"20617",25,45,"spillover1","fp",52,"spillover1 fp",7,0,168,168,"Ambiguous","Inconsistent"
"20619",25,44,"spillover1","fp",52,"spillover1 fp",6,0,292,292,"Unambiguous","Consistent"
"20621",25,35,"spillover1","fp",52,"spillover1 fp",5,0,808,808,"Ambiguous","Consistent"
"20623",25,47,"spillover1","fp",52,"spillover1 fp",5,0,1042,1042,"Ambiguous","Consistent"
"20625",25,27,"spillover1","fp",52,"spillover1 fp",5,0,858,858,"Ambiguous","Consistent"
"20627",25,32,"spillover1","fp",52,"spillover1 fp",6,0,300,300,"Unambiguous","Consistent"
"20629",25,25,"spillover1","fp",52,"spillover1 fp",7,0,524,524,"Ambiguous","Inconsistent"
"20631",25,31,"spillover1","fp",52,"spillover1 fp",5,0,720,720,"Ambiguous","Consistent"
"20633",25,38,"spillover1","fp",52,"spillover1 fp",8,0,472,472,"Unambiguous","Inconsistent"
"20635",25,36,"spillover1","fp",52,"spillover1 fp",6,0,366,366,"Unambiguous","Consistent"
"20637",25,48,"spillover1","fp",52,"spillover1 fp",6,0,568,568,"Unambiguous","Consistent"
"20639",25,40,"spillover1","fp",52,"spillover1 fp",6,0,402,402,"Unambiguous","Consistent"
"20641",25,42,"spillover1","fp",52,"spillover1 fp",8,0,238,238,"Unambiguous","Inconsistent"
"20643",25,28,"spillover1","fp",52,"spillover1 fp",6,0,422,422,"Unambiguous","Consistent"
"20645",25,33,"spillover1","fp",52,"spillover1 fp",7,0,652,652,"Ambiguous","Inconsistent"
"20647",25,41,"spillover1","fp",52,"spillover1 fp",7,0,660,660,"Ambiguous","Inconsistent"
"20649",25,30,"spillover1","fp",52,"spillover1 fp",8,0,528,528,"Unambiguous","Inconsistent"
"20651",25,39,"spillover1","fp",52,"spillover1 fp",5,0,620,620,"Ambiguous","Consistent"
"21469",26,42,"spillover1","fp",83,"spillover1 fp",5,0,634,634,"Ambiguous","Consistent"
"21471",26,37,"spillover1","fp",83,"spillover1 fp",8,0,576,576,"Unambiguous","Inconsistent"
"21473",26,26,"spillover1","fp",83,"spillover1 fp",5,0,816,816,"Ambiguous","Consistent"
"21475",26,33,"spillover1","fp",83,"spillover1 fp",8,0,568,568,"Unambiguous","Inconsistent"
"21477",26,31,"spillover1","fp",83,"spillover1 fp",6,0,778,778,"Unambiguous","Consistent"
"21479",26,47,"spillover1","fp",83,"spillover1 fp",6,0,156,156,"Unambiguous","Consistent"
"21481",26,43,"spillover1","fp",83,"spillover1 fp",6,0,522,522,"Unambiguous","Consistent"
"21483",26,27,"spillover1","fp",83,"spillover1 fp",6,0,488,488,"Unambiguous","Consistent"
"21485",26,38,"spillover1","fp",83,"spillover1 fp",5,0,96,96,"Ambiguous","Consistent"
"21487",26,46,"spillover1","fp",83,"spillover1 fp",5,0,716,716,"Ambiguous","Consistent"
"21489",26,34,"spillover1","fp",83,"spillover1 fp",5,0,560,560,"Ambiguous","Consistent"
"21491",26,45,"spillover1","fp",83,"spillover1 fp",8,0,532,532,"Unambiguous","Inconsistent"
"21493",26,44,"spillover1","fp",83,"spillover1 fp",7,0,754,754,"Ambiguous","Inconsistent"
"21495",26,39,"spillover1","fp",83,"spillover1 fp",6,0,554,554,"Unambiguous","Consistent"
"21497",26,25,"spillover1","fp",83,"spillover1 fp",8,0,474,474,"Unambiguous","Inconsistent"
"21499",26,28,"spillover1","fp",83,"spillover1 fp",7,0,776,776,"Ambiguous","Inconsistent"
"21501",26,35,"spillover1","fp",83,"spillover1 fp",6,0,496,496,"Unambiguous","Consistent"
"21503",26,48,"spillover1","fp",83,"spillover1 fp",7,0,836,836,"Ambiguous","Inconsistent"
"21505",26,41,"spillover1","fp",83,"spillover1 fp",8,0,832,832,"Unambiguous","Inconsistent"
"21507",26,32,"spillover1","fp",83,"spillover1 fp",7,0,1472,1472,"Ambiguous","Inconsistent"
"21509",26,40,"spillover1","fp",83,"spillover1 fp",7,0,1398,1398,"Ambiguous","Inconsistent"
"21511",26,29,"spillover1","fp",83,"spillover1 fp",8,0,478,478,"Unambiguous","Inconsistent"
"21513",26,30,"spillover1","fp",83,"spillover1 fp",5,0,1194,1194,"Ambiguous","Consistent"
"21515",26,36,"spillover1","fp",83,"spillover1 fp",7,0,818,818,"Ambiguous","Inconsistent"
"22333",27,46,"spillover1","fp",85,"spillover1 fp",6,0,346,346,"Unambiguous","Consistent"
"22335",27,42,"spillover1","fp",85,"spillover1 fp",6,0,524,524,"Unambiguous","Consistent"
"22337",27,36,"spillover1","fp",85,"spillover1 fp",8,0,532,532,"Unambiguous","Inconsistent"
"22339",27,35,"spillover1","fp",85,"spillover1 fp",7,0,370,370,"Ambiguous","Inconsistent"
"22341",27,39,"spillover1","fp",85,"spillover1 fp",7,0,350,350,"Ambiguous","Inconsistent"
"22343",27,37,"spillover1","fp",85,"spillover1 fp",5,0,876,876,"Ambiguous","Consistent"
"22345",27,45,"spillover1","fp",85,"spillover1 fp",5,0,516,516,"Ambiguous","Consistent"
"22347",27,25,"spillover1","fp",85,"spillover1 fp",5,0,772,772,"Ambiguous","Consistent"
"22349",27,28,"spillover1","fp",85,"spillover1 fp",8,0,624,624,"Unambiguous","Inconsistent"
"22351",27,30,"spillover1","fp",85,"spillover1 fp",6,0,574,574,"Unambiguous","Consistent"
"22353",27,31,"spillover1","fp",85,"spillover1 fp",7,0,862,862,"Ambiguous","Inconsistent"
"22355",27,33,"spillover1","fp",85,"spillover1 fp",5,0,962,962,"Ambiguous","Consistent"
"22357",27,27,"spillover1","fp",85,"spillover1 fp",7,0,1196,1196,"Ambiguous","Inconsistent"
"22359",27,47,"spillover1","fp",85,"spillover1 fp",7,0,250,250,"Ambiguous","Inconsistent"
"22361",27,38,"spillover1","fp",85,"spillover1 fp",6,0,592,592,"Unambiguous","Consistent"
"22363",27,41,"spillover1","fp",85,"spillover1 fp",5,0,982,982,"Ambiguous","Consistent"
"22365",27,29,"spillover1","fp",85,"spillover1 fp",5,0,1046,1046,"Ambiguous","Consistent"
"22367",27,48,"spillover1","fp",85,"spillover1 fp",8,0,250,250,"Unambiguous","Inconsistent"
"22369",27,26,"spillover1","fp",85,"spillover1 fp",6,0,800,800,"Unambiguous","Consistent"
"22371",27,32,"spillover1","fp",85,"spillover1 fp",8,0,782,782,"Unambiguous","Inconsistent"
"22373",27,44,"spillover1","fp",85,"spillover1 fp",8,0,146,146,"Unambiguous","Inconsistent"
"22375",27,43,"spillover1","fp",85,"spillover1 fp",7,0,1182,1182,"Ambiguous","Inconsistent"
"22377",27,34,"spillover1","fp",85,"spillover1 fp",6,0,696,696,"Unambiguous","Consistent"
"22379",27,40,"spillover1","fp",85,"spillover1 fp",8,0,230,230,"Unambiguous","Inconsistent"
"23197",28,27,"spillover1","fp",63,"spillover1 fp",8,0,442,442,"Unambiguous","Inconsistent"
"23199",28,26,"spillover1","fp",63,"spillover1 fp",7,0,2746,2746,"Ambiguous","Inconsistent"
"23201",28,28,"spillover1","fp",63,"spillover1 fp",5,0,1064,1064,"Ambiguous","Consistent"
"23203",28,29,"spillover1","fp",63,"spillover1 fp",6,0,928,928,"Unambiguous","Consistent"
"23205",28,33,"spillover1","fp",63,"spillover1 fp",6,0,646,646,"Unambiguous","Consistent"
"23207",28,44,"spillover1","fp",63,"spillover1 fp",5,0,442,442,"Ambiguous","Consistent"
"23209",28,45,"spillover1","fp",63,"spillover1 fp",6,0,754,754,"Unambiguous","Consistent"
"23211",28,47,"spillover1","fp",63,"spillover1 fp",8,0,1166,1166,"Unambiguous","Inconsistent"
"23213",28,48,"spillover1","fp",63,"spillover1 fp",5,0,560,560,"Ambiguous","Consistent"
"23215",28,37,"spillover1","fp",63,"spillover1 fp",6,0,220,220,"Unambiguous","Consistent"
"23217",28,38,"spillover1","fp",63,"spillover1 fp",7,0,984,984,"Ambiguous","Inconsistent"
"23219",28,30,"spillover1","fp",63,"spillover1 fp",7,0,334,334,"Ambiguous","Inconsistent"
"23221",28,40,"spillover1","fp",63,"spillover1 fp",5,0,336,336,"Ambiguous","Consistent"
"23223",28,35,"spillover1","fp",63,"spillover1 fp",8,0,166,166,"Unambiguous","Inconsistent"
"23225",28,25,"spillover1","fp",63,"spillover1 fp",6,0,594,594,"Unambiguous","Consistent"
"23227",28,31,"spillover1","fp",63,"spillover1 fp",8,0,494,494,"Unambiguous","Inconsistent"
"23229",28,32,"spillover1","fp",63,"spillover1 fp",5,0,954,954,"Ambiguous","Consistent"
"23231",28,39,"spillover1","fp",63,"spillover1 fp",8,0,972,972,"Unambiguous","Inconsistent"
"23233",28,46,"spillover1","fp",63,"spillover1 fp",7,0,600,600,"Ambiguous","Inconsistent"
"23235",28,34,"spillover1","fp",63,"spillover1 fp",7,0,654,654,"Ambiguous","Inconsistent"
"23237",28,41,"spillover1","fp",63,"spillover1 fp",6,0,408,408,"Unambiguous","Consistent"
"23239",28,43,"spillover1","fp",63,"spillover1 fp",8,0,1280,1280,"Unambiguous","Inconsistent"
"23241",28,36,"spillover1","fp",63,"spillover1 fp",5,0,1000,1000,"Ambiguous","Consistent"
"23243",28,42,"spillover1","fp",63,"spillover1 fp",7,0,808,808,"Ambiguous","Inconsistent"
"24061",29,42,"spillover1","fp",65,"spillover1 fp",8,0,134,134,"Unambiguous","Inconsistent"
"24063",29,39,"spillover1","fp",65,"spillover1 fp",5,0,136,136,"Ambiguous","Consistent"
"24065",29,43,"spillover1","fp",65,"spillover1 fp",5,0,1864,1864,"Ambiguous","Consistent"
"24067",29,46,"spillover1","fp",65,"spillover1 fp",8,0,292,292,"Unambiguous","Inconsistent"
"24069",29,45,"spillover1","fp",65,"spillover1 fp",7,0,1096,1096,"Ambiguous","Inconsistent"
"24071",29,29,"spillover1","fp",65,"spillover1 fp",7,0,172,172,"Ambiguous","Inconsistent"
"24073",29,31,"spillover1","fp",65,"spillover1 fp",5,0,930,930,"Ambiguous","Consistent"
"24075",29,38,"spillover1","fp",65,"spillover1 fp",8,0,292,292,"Unambiguous","Inconsistent"
"24077",29,41,"spillover1","fp",65,"spillover1 fp",7,0,280,280,"Ambiguous","Inconsistent"
"24079",29,28,"spillover1","fp",65,"spillover1 fp",6,0,262,262,"Unambiguous","Consistent"
"24081",29,26,"spillover1","fp",65,"spillover1 fp",8,0,116,116,"Unambiguous","Inconsistent"
"24083",29,32,"spillover1","fp",65,"spillover1 fp",6,0,698,698,"Unambiguous","Consistent"
"24085",29,27,"spillover1","fp",65,"spillover1 fp",5,0,648,648,"Ambiguous","Consistent"
"24087",29,36,"spillover1","fp",65,"spillover1 fp",6,0,348,348,"Unambiguous","Consistent"
"24089",29,34,"spillover1","fp",65,"spillover1 fp",8,0,552,552,"Unambiguous","Inconsistent"
"24091",29,35,"spillover1","fp",65,"spillover1 fp",5,0,2076,2076,"Ambiguous","Consistent"
"24092",29,40,"spillover1","fp",65,"spillover1 fp",6,0,250,250,"Unambiguous","Consistent"
"24094",29,44,"spillover1","fp",65,"spillover1 fp",6,0,214,214,"Unambiguous","Consistent"
"24096",29,30,"spillover1","fp",65,"spillover1 fp",8,0,420,420,"Unambiguous","Inconsistent"
"24098",29,25,"spillover1","fp",65,"spillover1 fp",7,0,834,834,"Ambiguous","Inconsistent"
"24100",29,33,"spillover1","fp",65,"spillover1 fp",7,0,180,180,"Ambiguous","Inconsistent"
"24102",29,37,"spillover1","fp",65,"spillover1 fp",7,0,252,252,"Ambiguous","Inconsistent"
"24104",29,47,"spillover1","fp",65,"spillover1 fp",5,0,194,194,"Ambiguous","Consistent"
"24106",29,48,"spillover1","fp",65,"spillover1 fp",6,0,316,316,"Unambiguous","Consistent"
"24908",30,36,"spillover1","fp",60,"spillover1 fp",7,0,216,216,"Ambiguous","Inconsistent"
"24910",30,44,"spillover1","fp",60,"spillover1 fp",7,0,732,732,"Ambiguous","Inconsistent"
"24912",30,32,"spillover1","fp",60,"spillover1 fp",7,0,604,604,"Ambiguous","Inconsistent"
"24914",30,25,"spillover1","fp",60,"spillover1 fp",8,0,470,470,"Unambiguous","Inconsistent"
"24916",30,27,"spillover1","fp",60,"spillover1 fp",6,0,384,384,"Unambiguous","Consistent"
"24918",30,37,"spillover1","fp",60,"spillover1 fp",8,0,342,342,"Unambiguous","Inconsistent"
"24920",30,38,"spillover1","fp",60,"spillover1 fp",5,0,306,306,"Ambiguous","Consistent"
"24922",30,47,"spillover1","fp",60,"spillover1 fp",6,0,202,202,"Unambiguous","Consistent"
"24924",30,33,"spillover1","fp",60,"spillover1 fp",8,0,406,406,"Unambiguous","Inconsistent"
"24926",30,30,"spillover1","fp",60,"spillover1 fp",5,0,242,242,"Ambiguous","Consistent"
"24928",30,48,"spillover1","fp",60,"spillover1 fp",7,0,540,540,"Ambiguous","Inconsistent"
"24930",30,40,"spillover1","fp",60,"spillover1 fp",7,0,198,198,"Ambiguous","Inconsistent"
"24932",30,46,"spillover1","fp",60,"spillover1 fp",5,0,836,836,"Ambiguous","Consistent"
"24934",30,35,"spillover1","fp",60,"spillover1 fp",6,0,178,178,"Unambiguous","Consistent"
"24936",30,43,"spillover1","fp",60,"spillover1 fp",6,0,1074,1074,"Unambiguous","Consistent"
"24938",30,41,"spillover1","fp",60,"spillover1 fp",8,0,554,554,"Unambiguous","Inconsistent"
"24940",30,39,"spillover1","fp",60,"spillover1 fp",6,0,1114,1114,"Unambiguous","Consistent"
"24942",30,42,"spillover1","fp",60,"spillover1 fp",5,0,220,220,"Ambiguous","Consistent"
"24944",30,31,"spillover1","fp",60,"spillover1 fp",6,0,198,198,"Unambiguous","Consistent"
"24946",30,26,"spillover1","fp",60,"spillover1 fp",5,0,388,388,"Ambiguous","Consistent"
"24948",30,34,"spillover1","fp",60,"spillover1 fp",5,0,228,228,"Ambiguous","Consistent"
"24950",30,45,"spillover1","fp",60,"spillover1 fp",8,0,200,200,"Unambiguous","Inconsistent"
"24952",30,29,"spillover1","fp",60,"spillover1 fp",8,0,402,402,"Unambiguous","Inconsistent"
"24954",30,28,"spillover1","fp",60,"spillover1 fp",7,0,340,340,"Ambiguous","Inconsistent"
"25772",31,34,"spillover1","fp",85,"spillover1 fp",6,0,594,594,"Unambiguous","Consistent"
"25774",31,41,"spillover1","fp",85,"spillover1 fp",5,0,1076,1076,"Ambiguous","Consistent"
"25776",31,40,"spillover1","fp",85,"spillover1 fp",8,0,378,378,"Unambiguous","Inconsistent"
"25778",31,42,"spillover1","fp",85,"spillover1 fp",6,0,364,364,"Unambiguous","Consistent"
"25780",31,31,"spillover1","fp",85,"spillover1 fp",7,0,1136,1136,"Ambiguous","Inconsistent"
"25782",31,35,"spillover1","fp",85,"spillover1 fp",7,0,132,132,"Ambiguous","Inconsistent"
"25784",31,38,"spillover1","fp",85,"spillover1 fp",6,0,838,838,"Unambiguous","Consistent"
"25786",31,29,"spillover1","fp",85,"spillover1 fp",5,0,700,700,"Ambiguous","Consistent"
"25788",31,37,"spillover1","fp",85,"spillover1 fp",5,0,774,774,"Ambiguous","Consistent"
"25790",31,46,"spillover1","fp",85,"spillover1 fp",6,0,384,384,"Unambiguous","Consistent"
"25792",31,44,"spillover1","fp",85,"spillover1 fp",8,0,872,872,"Unambiguous","Inconsistent"
"25794",31,28,"spillover1","fp",85,"spillover1 fp",8,0,504,504,"Unambiguous","Inconsistent"
"25796",31,30,"spillover1","fp",85,"spillover1 fp",6,0,258,258,"Unambiguous","Consistent"
"25798",31,32,"spillover1","fp",85,"spillover1 fp",8,0,830,830,"Unambiguous","Inconsistent"
"25800",31,39,"spillover1","fp",85,"spillover1 fp",7,0,864,864,"Ambiguous","Inconsistent"
"25802",31,25,"spillover1","fp",85,"spillover1 fp",5,0,1486,1486,"Ambiguous","Consistent"
"25804",31,33,"spillover1","fp",85,"spillover1 fp",5,0,1138,1138,"Ambiguous","Consistent"
"25806",31,47,"spillover1","fp",85,"spillover1 fp",7,0,1276,1276,"Ambiguous","Inconsistent"
"25808",31,45,"spillover1","fp",85,"spillover1 fp",5,0,734,734,"Ambiguous","Consistent"
"25810",31,48,"spillover1","fp",85,"spillover1 fp",8,0,374,374,"Unambiguous","Inconsistent"
"25812",31,36,"spillover1","fp",85,"spillover1 fp",8,0,920,920,"Unambiguous","Inconsistent"
"25814",31,43,"spillover1","fp",85,"spillover1 fp",7,0,934,934,"Ambiguous","Inconsistent"
"25816",31,26,"spillover1","fp",85,"spillover1 fp",6,0,708,708,"Unambiguous","Consistent"
"25818",31,27,"spillover1","fp",85,"spillover1 fp",7,0,568,568,"Ambiguous","Inconsistent"
"26635",32,44,"spillover1","fp",59,"spillover1 fp",5,0,1450,1450,"Ambiguous","Consistent"
"26637",32,43,"spillover1","fp",59,"spillover1 fp",8,0,1534,1534,"Unambiguous","Inconsistent"
"26639",32,40,"spillover1","fp",59,"spillover1 fp",5,0,1760,1760,"Ambiguous","Consistent"
"26641",32,42,"spillover1","fp",59,"spillover1 fp",7,0,998,998,"Ambiguous","Inconsistent"
"26643",32,39,"spillover1","fp",59,"spillover1 fp",8,0,1166,1166,"Unambiguous","Inconsistent"
"26645",32,46,"spillover1","fp",59,"spillover1 fp",7,0,362,362,"Ambiguous","Inconsistent"
"26647",32,48,"spillover1","fp",59,"spillover1 fp",5,0,412,412,"Ambiguous","Consistent"
"26649",32,32,"spillover1","fp",59,"spillover1 fp",5,0,1466,1466,"Ambiguous","Consistent"
"26651",32,26,"spillover1","fp",59,"spillover1 fp",7,0,1834,1834,"Ambiguous","Inconsistent"
"26653",32,45,"spillover1","fp",59,"spillover1 fp",6,0,572,572,"Unambiguous","Consistent"
"26655",32,25,"spillover1","fp",59,"spillover1 fp",6,0,198,198,"Unambiguous","Consistent"
"26657",32,30,"spillover1","fp",59,"spillover1 fp",7,0,1102,1102,"Ambiguous","Inconsistent"
"26659",32,33,"spillover1","fp",59,"spillover1 fp",6,0,942,942,"Unambiguous","Consistent"
"26661",32,36,"spillover1","fp",59,"spillover1 fp",5,0,1256,1256,"Ambiguous","Consistent"
"26663",32,35,"spillover1","fp",59,"spillover1 fp",8,0,508,508,"Unambiguous","Inconsistent"
"26665",32,41,"spillover1","fp",59,"spillover1 fp",6,0,558,558,"Unambiguous","Consistent"
"26667",32,27,"spillover1","fp",59,"spillover1 fp",8,0,416,416,"Unambiguous","Inconsistent"
"26669",32,34,"spillover1","fp",59,"spillover1 fp",7,0,766,766,"Ambiguous","Inconsistent"
"26671",32,28,"spillover1","fp",59,"spillover1 fp",5,0,932,932,"Ambiguous","Consistent"
"26673",32,31,"spillover1","fp",59,"spillover1 fp",8,0,1454,1454,"Unambiguous","Inconsistent"
"26675",32,29,"spillover1","fp",59,"spillover1 fp",6,0,722,722,"Unambiguous","Consistent"
"26677",32,47,"spillover1","fp",59,"spillover1 fp",8,0,850,850,"Unambiguous","Inconsistent"
"26679",32,37,"spillover1","fp",59,"spillover1 fp",6,0,610,610,"Unambiguous","Consistent"
"26681",32,38,"spillover1","fp",59,"spillover1 fp",7,0,1240,1240,"Ambiguous","Inconsistent"
"27500",33,33,"spillover1","fp",71,"spillover1 fp",7,0,1338,1338,"Ambiguous","Inconsistent"
"27502",33,43,"spillover1","fp",71,"spillover1 fp",5,0,2232,2232,"Ambiguous","Consistent"
"27504",33,31,"spillover1","fp",71,"spillover1 fp",5,0,1084,1084,"Ambiguous","Consistent"
"27506",33,34,"spillover1","fp",71,"spillover1 fp",8,0,438,438,"Unambiguous","Inconsistent"
"27508",33,42,"spillover1","fp",71,"spillover1 fp",8,0,600,600,"Unambiguous","Inconsistent"
"27510",33,25,"spillover1","fp",71,"spillover1 fp",7,0,996,996,"Ambiguous","Inconsistent"
"27512",33,26,"spillover1","fp",71,"spillover1 fp",8,0,1572,1572,"Unambiguous","Inconsistent"
"27514",33,35,"spillover1","fp",71,"spillover1 fp",5,0,288,288,"Ambiguous","Consistent"
"27516",33,47,"spillover1","fp",71,"spillover1 fp",5,0,1978,1978,"Ambiguous","Consistent"
"27518",33,32,"spillover1","fp",71,"spillover1 fp",6,0,1000,1000,"Unambiguous","Consistent"
"27520",33,40,"spillover1","fp",71,"spillover1 fp",6,0,168,168,"Unambiguous","Consistent"
"27522",33,36,"spillover1","fp",71,"spillover1 fp",6,0,768,768,"Unambiguous","Consistent"
"27524",33,48,"spillover1","fp",71,"spillover1 fp",6,0,640,640,"Unambiguous","Consistent"
"27526",33,27,"spillover1","fp",71,"spillover1 fp",5,1,0,NA,"Ambiguous","Consistent"
"27528",33,41,"spillover1","fp",71,"spillover1 fp",7,0,584,584,"Ambiguous","Inconsistent"
"27530",33,37,"spillover1","fp",71,"spillover1 fp",7,0,2588,2588,"Ambiguous","Inconsistent"
"27532",33,45,"spillover1","fp",71,"spillover1 fp",7,0,688,688,"Ambiguous","Inconsistent"
"27534",33,44,"spillover1","fp",71,"spillover1 fp",6,0,402,402,"Unambiguous","Consistent"
"27536",33,29,"spillover1","fp",71,"spillover1 fp",7,0,1140,1140,"Ambiguous","Inconsistent"
"27538",33,28,"spillover1","fp",71,"spillover1 fp",6,0,920,920,"Unambiguous","Consistent"
"27540",33,30,"spillover1","fp",71,"spillover1 fp",8,0,202,202,"Unambiguous","Inconsistent"
"27542",33,39,"spillover1","fp",71,"spillover1 fp",5,0,1906,1906,"Ambiguous","Consistent"
"27544",33,38,"spillover1","fp",71,"spillover1 fp",8,1,0,NA,"Unambiguous","Inconsistent"
"27546",33,46,"spillover1","fp",71,"spillover1 fp",8,0,1720,1720,"Unambiguous","Inconsistent"
"28363",34,37,"spillover1","fp",74,"spillover1 fp",8,0,449,449,"Unambiguous","Inconsistent"
"28365",34,32,"spillover1","fp",74,"spillover1 fp",7,0,107,107,"Ambiguous","Inconsistent"
"28367",34,30,"spillover1","fp",74,"spillover1 fp",5,0,333,333,"Ambiguous","Consistent"
"28369",34,27,"spillover1","fp",74,"spillover1 fp",6,0,286,286,"Unambiguous","Consistent"
"28371",34,34,"spillover1","fp",74,"spillover1 fp",5,0,587,587,"Ambiguous","Consistent"
"28373",34,46,"spillover1","fp",74,"spillover1 fp",5,0,1120,1120,"Ambiguous","Consistent"
"28375",34,38,"spillover1","fp",74,"spillover1 fp",5,0,1040,1040,"Ambiguous","Consistent"
"28377",34,39,"spillover1","fp",74,"spillover1 fp",6,0,642,642,"Unambiguous","Consistent"
"28379",34,45,"spillover1","fp",74,"spillover1 fp",8,0,289,289,"Unambiguous","Inconsistent"
"28381",34,29,"spillover1","fp",74,"spillover1 fp",8,0,158,158,"Unambiguous","Inconsistent"
"28383",34,33,"spillover1","fp",74,"spillover1 fp",8,0,368,368,"Unambiguous","Inconsistent"
"28385",34,48,"spillover1","fp",74,"spillover1 fp",7,0,1837,1837,"Ambiguous","Inconsistent"
"28387",34,41,"spillover1","fp",74,"spillover1 fp",8,0,353,353,"Unambiguous","Inconsistent"
"28389",34,40,"spillover1","fp",74,"spillover1 fp",7,0,284,284,"Ambiguous","Inconsistent"
"28391",34,31,"spillover1","fp",74,"spillover1 fp",6,0,87,87,"Unambiguous","Consistent"
"28393",34,43,"spillover1","fp",74,"spillover1 fp",6,0,221,221,"Unambiguous","Consistent"
"28395",34,25,"spillover1","fp",74,"spillover1 fp",8,0,310,310,"Unambiguous","Inconsistent"
"28397",34,36,"spillover1","fp",74,"spillover1 fp",7,0,447,447,"Ambiguous","Inconsistent"
"28399",34,47,"spillover1","fp",74,"spillover1 fp",6,0,347,347,"Unambiguous","Consistent"
"28401",34,42,"spillover1","fp",74,"spillover1 fp",5,0,574,574,"Ambiguous","Consistent"
"28403",34,44,"spillover1","fp",74,"spillover1 fp",7,0,295,295,"Ambiguous","Inconsistent"
"28405",34,28,"spillover1","fp",74,"spillover1 fp",7,0,1313,1313,"Ambiguous","Inconsistent"
"28407",34,26,"spillover1","fp",74,"spillover1 fp",5,0,1044,1044,"Ambiguous","Consistent"
"28409",34,35,"spillover1","fp",74,"spillover1 fp",6,0,164,164,"Unambiguous","Consistent"
"29227",35,47,"spillover1","fp",60,"spillover1 fp",6,0,696,696,"Unambiguous","Consistent"
"29229",35,33,"spillover1","fp",60,"spillover1 fp",8,0,1050,1050,"Unambiguous","Inconsistent"
"29231",35,43,"spillover1","fp",60,"spillover1 fp",6,0,840,840,"Unambiguous","Consistent"
"29233",35,32,"spillover1","fp",60,"spillover1 fp",7,0,178,178,"Ambiguous","Inconsistent"
"29235",35,42,"spillover1","fp",60,"spillover1 fp",5,0,1104,1104,"Ambiguous","Consistent"
"29237",35,26,"spillover1","fp",60,"spillover1 fp",5,0,146,146,"Ambiguous","Consistent"
"29239",35,39,"spillover1","fp",60,"spillover1 fp",6,0,1390,1390,"Unambiguous","Consistent"
"29241",35,28,"spillover1","fp",60,"spillover1 fp",7,0,292,292,"Ambiguous","Inconsistent"
"29243",35,36,"spillover1","fp",60,"spillover1 fp",7,0,624,624,"Ambiguous","Inconsistent"
"29245",35,48,"spillover1","fp",60,"spillover1 fp",7,0,190,190,"Ambiguous","Inconsistent"
"29247",35,34,"spillover1","fp",60,"spillover1 fp",5,0,372,372,"Ambiguous","Consistent"
"29249",35,38,"spillover1","fp",60,"spillover1 fp",5,0,594,594,"Ambiguous","Consistent"
"29251",35,46,"spillover1","fp",60,"spillover1 fp",5,0,864,864,"Ambiguous","Consistent"
"29253",35,35,"spillover1","fp",60,"spillover1 fp",6,0,584,584,"Unambiguous","Consistent"
"29255",35,44,"spillover1","fp",60,"spillover1 fp",7,0,328,328,"Ambiguous","Inconsistent"
"29257",35,40,"spillover1","fp",60,"spillover1 fp",7,0,240,240,"Ambiguous","Inconsistent"
"29259",35,31,"spillover1","fp",60,"spillover1 fp",6,0,174,174,"Unambiguous","Consistent"
"29261",35,41,"spillover1","fp",60,"spillover1 fp",8,0,208,208,"Unambiguous","Inconsistent"
"29263",35,27,"spillover1","fp",60,"spillover1 fp",6,0,266,266,"Unambiguous","Consistent"
"29265",35,37,"spillover1","fp",60,"spillover1 fp",8,0,250,250,"Unambiguous","Inconsistent"
"29267",35,30,"spillover1","fp",60,"spillover1 fp",5,0,1318,1318,"Ambiguous","Consistent"
"29269",35,45,"spillover1","fp",60,"spillover1 fp",8,0,146,146,"Unambiguous","Inconsistent"
"29271",35,29,"spillover1","fp",60,"spillover1 fp",8,0,482,482,"Unambiguous","Inconsistent"
"29273",35,25,"spillover1","fp",60,"spillover1 fp",8,0,654,654,"Unambiguous","Inconsistent"
"30092",36,41,"spillover1","fp",57,"spillover1 fp",5,0,852,852,"Ambiguous","Consistent"
"30094",36,43,"spillover1","fp",57,"spillover1 fp",7,0,102,102,"Ambiguous","Inconsistent"
"30096",36,26,"spillover1","fp",57,"spillover1 fp",6,0,398,398,"Unambiguous","Consistent"
"30098",36,27,"spillover1","fp",57,"spillover1 fp",7,0,431,431,"Ambiguous","Inconsistent"
"30100",36,42,"spillover1","fp",57,"spillover1 fp",6,0,353,353,"Unambiguous","Consistent"
"30102",36,33,"spillover1","fp",57,"spillover1 fp",5,0,1137,1137,"Ambiguous","Consistent"
"30104",36,40,"spillover1","fp",57,"spillover1 fp",8,0,214,214,"Unambiguous","Inconsistent"
"30106",36,47,"spillover1","fp",57,"spillover1 fp",7,0,1140,1140,"Ambiguous","Inconsistent"
"30108",36,35,"spillover1","fp",57,"spillover1 fp",7,0,776,776,"Ambiguous","Inconsistent"
"30110",36,46,"spillover1","fp",57,"spillover1 fp",6,0,174,174,"Unambiguous","Consistent"
"30112",36,28,"spillover1","fp",57,"spillover1 fp",8,0,656,656,"Unambiguous","Inconsistent"
"30114",36,34,"spillover1","fp",57,"spillover1 fp",6,0,297,297,"Unambiguous","Consistent"
"30116",36,36,"spillover1","fp",57,"spillover1 fp",8,0,101,101,"Unambiguous","Inconsistent"
"30118",36,38,"spillover1","fp",57,"spillover1 fp",6,0,455,455,"Unambiguous","Consistent"
"30120",36,25,"spillover1","fp",57,"spillover1 fp",5,0,343,343,"Ambiguous","Consistent"
"30122",36,37,"spillover1","fp",57,"spillover1 fp",5,0,580,580,"Ambiguous","Consistent"
"30124",36,31,"spillover1","fp",57,"spillover1 fp",7,0,207,207,"Ambiguous","Inconsistent"
"30126",36,45,"spillover1","fp",57,"spillover1 fp",5,0,357,357,"Ambiguous","Consistent"
"30128",36,30,"spillover1","fp",57,"spillover1 fp",6,0,210,210,"Unambiguous","Consistent"
"30130",36,32,"spillover1","fp",57,"spillover1 fp",8,0,780,780,"Unambiguous","Inconsistent"
"30132",36,44,"spillover1","fp",57,"spillover1 fp",8,0,468,468,"Unambiguous","Inconsistent"
"30134",36,48,"spillover1","fp",57,"spillover1 fp",8,0,345,345,"Unambiguous","Inconsistent"
"30136",36,39,"spillover1","fp",57,"spillover1 fp",7,0,1240,1240,"Ambiguous","Inconsistent"
"30138",36,29,"spillover1","fp",57,"spillover1 fp",5,0,690,690,"Ambiguous","Consistent"
"30955",37,42,"spillover1","fp",80,"spillover1 fp",7,0,1556,1556,"Ambiguous","Inconsistent"
"30957",37,36,"spillover1","fp",80,"spillover1 fp",5,0,818,818,"Ambiguous","Consistent"
"30959",37,32,"spillover1","fp",80,"spillover1 fp",5,0,1031,1031,"Ambiguous","Consistent"
"30961",37,48,"spillover1","fp",80,"spillover1 fp",5,0,1466,1466,"Ambiguous","Consistent"
"30963",37,25,"spillover1","fp",80,"spillover1 fp",6,0,333,333,"Unambiguous","Consistent"
"30965",37,30,"spillover1","fp",80,"spillover1 fp",7,0,155,155,"Ambiguous","Inconsistent"
"30967",37,39,"spillover1","fp",80,"spillover1 fp",8,0,884,884,"Unambiguous","Inconsistent"
"30969",37,35,"spillover1","fp",80,"spillover1 fp",8,0,105,105,"Unambiguous","Inconsistent"
"30971",37,28,"spillover1","fp",80,"spillover1 fp",5,0,144,144,"Ambiguous","Consistent"
"30973",37,34,"spillover1","fp",80,"spillover1 fp",7,0,802,802,"Ambiguous","Inconsistent"
"30975",37,38,"spillover1","fp",80,"spillover1 fp",7,0,934,934,"Ambiguous","Inconsistent"
"30977",37,26,"spillover1","fp",80,"spillover1 fp",7,0,879,879,"Ambiguous","Inconsistent"
"30979",37,40,"spillover1","fp",80,"spillover1 fp",5,0,1817,1817,"Ambiguous","Consistent"
"30981",37,47,"spillover1","fp",80,"spillover1 fp",8,0,713,713,"Unambiguous","Inconsistent"
"30983",37,44,"spillover1","fp",80,"spillover1 fp",5,0,128,128,"Ambiguous","Consistent"
"30985",37,43,"spillover1","fp",80,"spillover1 fp",8,0,834,834,"Unambiguous","Inconsistent"
"30987",37,33,"spillover1","fp",80,"spillover1 fp",6,0,873,873,"Unambiguous","Consistent"
"30989",37,29,"spillover1","fp",80,"spillover1 fp",6,0,608,608,"Unambiguous","Consistent"
"30991",37,46,"spillover1","fp",80,"spillover1 fp",7,0,725,725,"Ambiguous","Inconsistent"
"30993",37,41,"spillover1","fp",80,"spillover1 fp",6,0,541,541,"Unambiguous","Consistent"
"30995",37,37,"spillover1","fp",80,"spillover1 fp",6,0,258,258,"Unambiguous","Consistent"
"30997",37,31,"spillover1","fp",80,"spillover1 fp",8,0,1855,1855,"Unambiguous","Inconsistent"
"30999",37,27,"spillover1","fp",80,"spillover1 fp",8,0,533,533,"Unambiguous","Inconsistent"
"31001",37,45,"spillover1","fp",80,"spillover1 fp",6,0,702,702,"Unambiguous","Consistent"
"31819",38,34,"spillover1","fp",64,"spillover1 fp",8,0,533,533,"Unambiguous","Inconsistent"
"31821",38,28,"spillover1","fp",64,"spillover1 fp",6,0,1444,1444,"Unambiguous","Consistent"
"31823",38,43,"spillover1","fp",64,"spillover1 fp",5,0,1082,1082,"Ambiguous","Consistent"
"31825",38,38,"spillover1","fp",64,"spillover1 fp",8,0,473,473,"Unambiguous","Inconsistent"
"31827",38,30,"spillover1","fp",64,"spillover1 fp",8,0,183,183,"Unambiguous","Inconsistent"
"31829",38,47,"spillover1","fp",64,"spillover1 fp",5,0,506,506,"Ambiguous","Consistent"
"31831",38,39,"spillover1","fp",64,"spillover1 fp",5,0,1478,1478,"Ambiguous","Consistent"
"31833",38,45,"spillover1","fp",64,"spillover1 fp",7,0,484,484,"Ambiguous","Inconsistent"
"31835",38,32,"spillover1","fp",64,"spillover1 fp",6,0,866,866,"Unambiguous","Consistent"
"31837",38,29,"spillover1","fp",64,"spillover1 fp",7,0,514,514,"Ambiguous","Inconsistent"
"31839",38,35,"spillover1","fp",64,"spillover1 fp",5,0,1365,1365,"Ambiguous","Consistent"
"31841",38,41,"spillover1","fp",64,"spillover1 fp",7,0,710,710,"Ambiguous","Inconsistent"
"31843",38,25,"spillover1","fp",64,"spillover1 fp",7,0,552,552,"Ambiguous","Inconsistent"
"31845",38,31,"spillover1","fp",64,"spillover1 fp",5,0,1960,1960,"Ambiguous","Consistent"
"31847",38,48,"spillover1","fp",64,"spillover1 fp",6,0,474,474,"Unambiguous","Consistent"
"31849",38,44,"spillover1","fp",64,"spillover1 fp",6,0,757,757,"Unambiguous","Consistent"
"31851",38,37,"spillover1","fp",64,"spillover1 fp",7,0,1124,1124,"Ambiguous","Inconsistent"
"31853",38,36,"spillover1","fp",64,"spillover1 fp",6,0,335,335,"Unambiguous","Consistent"
"31855",38,42,"spillover1","fp",64,"spillover1 fp",8,0,400,400,"Unambiguous","Inconsistent"
"31857",38,26,"spillover1","fp",64,"spillover1 fp",8,0,755,755,"Unambiguous","Inconsistent"
"31859",38,40,"spillover1","fp",64,"spillover1 fp",6,0,559,559,"Unambiguous","Consistent"
"31861",38,46,"spillover1","fp",64,"spillover1 fp",8,0,451,451,"Unambiguous","Inconsistent"
"31863",38,33,"spillover1","fp",64,"spillover1 fp",7,0,492,492,"Ambiguous","Inconsistent"
"31865",38,27,"spillover1","fp",64,"spillover1 fp",5,0,393,393,"Ambiguous","Consistent"
"32684",39,41,"spillover1","fp",75,"spillover1 fp",8,0,802,802,"Unambiguous","Inconsistent"
"32686",39,33,"spillover1","fp",75,"spillover1 fp",8,0,876,876,"Unambiguous","Inconsistent"
"32688",39,25,"spillover1","fp",75,"spillover1 fp",8,0,792,792,"Unambiguous","Inconsistent"
"32690",39,37,"spillover1","fp",75,"spillover1 fp",8,0,634,634,"Unambiguous","Inconsistent"
"32692",39,27,"spillover1","fp",75,"spillover1 fp",6,0,852,852,"Unambiguous","Consistent"
"32694",39,31,"spillover1","fp",75,"spillover1 fp",6,0,900,900,"Unambiguous","Consistent"
"32696",39,30,"spillover1","fp",75,"spillover1 fp",5,0,1022,1022,"Ambiguous","Consistent"
"32698",39,42,"spillover1","fp",75,"spillover1 fp",5,0,253,253,"Ambiguous","Consistent"
"32700",39,40,"spillover1","fp",75,"spillover1 fp",7,0,2061,2061,"Ambiguous","Inconsistent"
"32702",39,39,"spillover1","fp",75,"spillover1 fp",6,0,1568,1568,"Unambiguous","Consistent"
"32704",39,26,"spillover1","fp",75,"spillover1 fp",5,0,2011,2011,"Ambiguous","Consistent"
"32706",39,43,"spillover1","fp",75,"spillover1 fp",6,0,756,756,"Unambiguous","Consistent"
"32708",39,48,"spillover1","fp",75,"spillover1 fp",7,0,938,938,"Ambiguous","Inconsistent"
"32710",39,44,"spillover1","fp",75,"spillover1 fp",7,0,411,411,"Ambiguous","Inconsistent"
"32712",39,45,"spillover1","fp",75,"spillover1 fp",8,0,730,730,"Unambiguous","Inconsistent"
"32714",39,46,"spillover1","fp",75,"spillover1 fp",5,0,1139,1139,"Ambiguous","Consistent"
"32716",39,29,"spillover1","fp",75,"spillover1 fp",8,0,492,492,"Unambiguous","Inconsistent"
"32718",39,36,"spillover1","fp",75,"spillover1 fp",7,0,480,480,"Ambiguous","Inconsistent"
"32720",39,34,"spillover1","fp",75,"spillover1 fp",5,0,991,991,"Ambiguous","Consistent"
"32722",39,28,"spillover1","fp",75,"spillover1 fp",7,0,2024,2024,"Ambiguous","Inconsistent"
"32724",39,35,"spillover1","fp",75,"spillover1 fp",6,0,514,514,"Unambiguous","Consistent"
"32726",39,38,"spillover1","fp",75,"spillover1 fp",5,0,273,273,"Ambiguous","Consistent"
"32728",39,32,"spillover1","fp",75,"spillover1 fp",7,0,3856,3856,"Ambiguous","Inconsistent"
"32730",39,47,"spillover1","fp",75,"spillover1 fp",6,0,177,177,"Unambiguous","Consistent"
"33547",40,41,"spillover1","fp",83,"spillover1 fp",5,0,1226,1226,"Ambiguous","Consistent"
"33549",40,42,"spillover1","fp",83,"spillover1 fp",6,0,307,307,"Unambiguous","Consistent"
"33551",40,34,"spillover1","fp",83,"spillover1 fp",6,0,629,629,"Unambiguous","Consistent"
"33553",40,43,"spillover1","fp",83,"spillover1 fp",7,0,850,850,"Ambiguous","Inconsistent"
"33555",40,30,"spillover1","fp",83,"spillover1 fp",6,0,285,285,"Unambiguous","Consistent"
"33557",40,29,"spillover1","fp",83,"spillover1 fp",5,0,599,599,"Ambiguous","Consistent"
"33559",40,37,"spillover1","fp",83,"spillover1 fp",5,0,318,318,"Ambiguous","Consistent"
"33561",40,28,"spillover1","fp",83,"spillover1 fp",8,0,560,560,"Unambiguous","Inconsistent"
"33563",40,32,"spillover1","fp",83,"spillover1 fp",8,0,1422,1422,"Unambiguous","Inconsistent"
"33565",40,40,"spillover1","fp",83,"spillover1 fp",8,0,809,809,"Unambiguous","Inconsistent"
"33567",40,27,"spillover1","fp",83,"spillover1 fp",7,0,344,344,"Ambiguous","Inconsistent"
"33569",40,35,"spillover1","fp",83,"spillover1 fp",7,0,161,161,"Ambiguous","Inconsistent"
"33571",40,31,"spillover1","fp",83,"spillover1 fp",7,0,446,446,"Ambiguous","Inconsistent"
"33573",40,33,"spillover1","fp",83,"spillover1 fp",5,0,751,751,"Ambiguous","Consistent"
"33575",40,46,"spillover1","fp",83,"spillover1 fp",6,0,355,355,"Unambiguous","Consistent"
"33577",40,47,"spillover1","fp",83,"spillover1 fp",7,0,876,876,"Ambiguous","Inconsistent"
"33579",40,38,"spillover1","fp",83,"spillover1 fp",6,0,561,561,"Unambiguous","Consistent"
"33581",40,39,"spillover1","fp",83,"spillover1 fp",7,0,797,797,"Ambiguous","Inconsistent"
"33583",40,25,"spillover1","fp",83,"spillover1 fp",5,0,1510,1510,"Ambiguous","Consistent"
"33585",40,48,"spillover1","fp",83,"spillover1 fp",8,0,877,877,"Unambiguous","Inconsistent"
"33587",40,45,"spillover1","fp",83,"spillover1 fp",5,0,381,381,"Ambiguous","Consistent"
"33589",40,26,"spillover1","fp",83,"spillover1 fp",6,0,319,319,"Unambiguous","Consistent"
"33591",40,36,"spillover1","fp",83,"spillover1 fp",8,0,551,551,"Unambiguous","Inconsistent"
"33593",40,44,"spillover1","fp",83,"spillover1 fp",8,0,410,410,"Unambiguous","Inconsistent"
