"","subject","item","region","measure","proficiency","sort","condition","skips","rawdata","nozero","ambiguity","gender"
"578",1,18,"disamb","tt",71,"disamb tt",2,0,468,468,"Ambiguous","Mismatch"
"580",1,15,"disamb","tt",71,"disamb tt",3,0,593,593,"Unambiguous","Match"
"582",1,1,"disamb","tt",71,"disamb tt",1,0,1133,1133,"Ambiguous","Match"
"584",1,6,"disamb","tt",71,"disamb tt",2,0,973,973,"Ambiguous","Mismatch"
"586",1,3,"disamb","tt",71,"disamb tt",3,0,606,606,"Unambiguous","Match"
"588",1,14,"disamb","tt",71,"disamb tt",2,0,371,371,"Ambiguous","Mismatch"
"590",1,4,"disamb","tt",71,"disamb tt",4,0,206,206,"Unambiguous","Mismatch"
"592",1,17,"disamb","tt",71,"disamb tt",1,1,0,NA,"Ambiguous","Match"
"594",1,5,"disamb","tt",71,"disamb tt",1,1,0,NA,"Ambiguous","Match"
"596",1,13,"disamb","tt",71,"disamb tt",1,0,739,739,"Ambiguous","Match"
"598",1,22,"disamb","tt",71,"disamb tt",2,0,519,519,"Ambiguous","Mismatch"
"600",1,8,"disamb","tt",71,"disamb tt",4,0,867,867,"Unambiguous","Mismatch"
"602",1,9,"disamb","tt",71,"disamb tt",1,0,368,368,"Ambiguous","Match"
"604",1,19,"disamb","tt",71,"disamb tt",3,0,203,203,"Unambiguous","Match"
"606",1,24,"disamb","tt",71,"disamb tt",4,0,397,397,"Unambiguous","Mismatch"
"608",1,12,"disamb","tt",71,"disamb tt",4,0,1026,1026,"Unambiguous","Mismatch"
"610",1,20,"disamb","tt",71,"disamb tt",4,0,477,477,"Unambiguous","Mismatch"
"612",1,10,"disamb","tt",71,"disamb tt",2,0,156,156,"Ambiguous","Mismatch"
"614",1,11,"disamb","tt",71,"disamb tt",3,0,491,491,"Unambiguous","Match"
"616",1,16,"disamb","tt",71,"disamb tt",4,0,902,902,"Unambiguous","Mismatch"
"618",1,7,"disamb","tt",71,"disamb tt",3,0,925,925,"Unambiguous","Match"
"620",1,2,"disamb","tt",71,"disamb tt",2,0,1210,1210,"Ambiguous","Mismatch"
"622",1,21,"disamb","tt",71,"disamb tt",1,0,196,196,"Ambiguous","Match"
"624",1,23,"disamb","tt",71,"disamb tt",3,0,633,633,"Unambiguous","Match"
"1442",2,16,"disamb","tt",71,"disamb tt",1,0,900,900,"Ambiguous","Match"
"1444",2,4,"disamb","tt",71,"disamb tt",1,0,2536,2536,"Ambiguous","Match"
"1446",2,2,"disamb","tt",71,"disamb tt",3,0,877,877,"Unambiguous","Match"
"1448",2,13,"disamb","tt",71,"disamb tt",2,0,1035,1035,"Ambiguous","Mismatch"
"1450",2,19,"disamb","tt",71,"disamb tt",4,0,1130,1130,"Unambiguous","Mismatch"
"1452",2,12,"disamb","tt",71,"disamb tt",1,0,232,232,"Ambiguous","Match"
"1454",2,10,"disamb","tt",71,"disamb tt",3,0,747,747,"Unambiguous","Match"
"1456",2,3,"disamb","tt",71,"disamb tt",4,0,814,814,"Unambiguous","Mismatch"
"1458",2,9,"disamb","tt",71,"disamb tt",2,0,882,882,"Ambiguous","Mismatch"
"1460",2,21,"disamb","tt",71,"disamb tt",2,0,229,229,"Ambiguous","Mismatch"
"1462",2,15,"disamb","tt",71,"disamb tt",4,0,501,501,"Unambiguous","Mismatch"
"1464",2,18,"disamb","tt",71,"disamb tt",3,0,264,264,"Unambiguous","Match"
"1466",2,6,"disamb","tt",71,"disamb tt",3,0,705,705,"Unambiguous","Match"
"1468",2,5,"disamb","tt",71,"disamb tt",2,0,154,154,"Ambiguous","Mismatch"
"1470",2,14,"disamb","tt",71,"disamb tt",3,0,576,576,"Unambiguous","Match"
"1472",2,1,"disamb","tt",71,"disamb tt",2,0,317,317,"Ambiguous","Mismatch"
"1474",2,20,"disamb","tt",71,"disamb tt",1,0,449,449,"Ambiguous","Match"
"1476",2,11,"disamb","tt",71,"disamb tt",4,0,210,210,"Unambiguous","Mismatch"
"1478",2,7,"disamb","tt",71,"disamb tt",4,0,464,464,"Unambiguous","Mismatch"
"1480",2,23,"disamb","tt",71,"disamb tt",4,0,405,405,"Unambiguous","Mismatch"
"1482",2,8,"disamb","tt",71,"disamb tt",1,0,362,362,"Ambiguous","Match"
"1484",2,17,"disamb","tt",71,"disamb tt",2,0,378,378,"Ambiguous","Mismatch"
"1486",2,24,"disamb","tt",71,"disamb tt",1,0,241,241,"Ambiguous","Match"
"1488",2,22,"disamb","tt",71,"disamb tt",3,0,234,234,"Unambiguous","Match"
"2306",3,18,"disamb","tt",74,"disamb tt",4,0,1044,1044,"Unambiguous","Mismatch"
"2308",3,7,"disamb","tt",74,"disamb tt",1,0,1879,1879,"Ambiguous","Match"
"2310",3,16,"disamb","tt",74,"disamb tt",2,0,1803,1803,"Ambiguous","Mismatch"
"2312",3,5,"disamb","tt",74,"disamb tt",3,0,839,839,"Unambiguous","Match"
"2314",3,24,"disamb","tt",74,"disamb tt",2,0,1946,1946,"Ambiguous","Mismatch"
"2316",3,4,"disamb","tt",74,"disamb tt",2,0,2104,2104,"Ambiguous","Mismatch"
"2318",3,14,"disamb","tt",74,"disamb tt",4,0,1584,1584,"Unambiguous","Mismatch"
"2320",3,1,"disamb","tt",74,"disamb tt",3,0,962,962,"Unambiguous","Match"
"2322",3,9,"disamb","tt",74,"disamb tt",3,0,1161,1161,"Unambiguous","Match"
"2324",3,22,"disamb","tt",74,"disamb tt",4,0,520,520,"Unambiguous","Mismatch"
"2326",3,10,"disamb","tt",74,"disamb tt",4,0,205,205,"Unambiguous","Mismatch"
"2328",3,6,"disamb","tt",74,"disamb tt",4,0,1439,1439,"Unambiguous","Mismatch"
"2330",3,23,"disamb","tt",74,"disamb tt",1,0,986,986,"Ambiguous","Match"
"2332",3,17,"disamb","tt",74,"disamb tt",3,0,286,286,"Unambiguous","Match"
"2334",3,19,"disamb","tt",74,"disamb tt",1,0,828,828,"Ambiguous","Match"
"2336",3,13,"disamb","tt",74,"disamb tt",3,0,558,558,"Unambiguous","Match"
"2338",3,20,"disamb","tt",74,"disamb tt",2,0,756,756,"Ambiguous","Mismatch"
"2340",3,11,"disamb","tt",74,"disamb tt",1,0,302,302,"Ambiguous","Match"
"2342",3,2,"disamb","tt",74,"disamb tt",4,0,383,383,"Unambiguous","Mismatch"
"2344",3,12,"disamb","tt",74,"disamb tt",2,0,716,716,"Ambiguous","Mismatch"
"2346",3,21,"disamb","tt",74,"disamb tt",3,0,397,397,"Unambiguous","Match"
"2348",3,15,"disamb","tt",74,"disamb tt",1,0,915,915,"Ambiguous","Match"
"2350",3,8,"disamb","tt",74,"disamb tt",2,0,391,391,"Ambiguous","Mismatch"
"2352",3,3,"disamb","tt",74,"disamb tt",1,0,1135,1135,"Ambiguous","Match"
"3122",4,7,"disamb","tt",72,"disamb tt",2,0,3222,3222,"Ambiguous","Mismatch"
"3124",4,8,"disamb","tt",72,"disamb tt",3,0,282,282,"Unambiguous","Match"
"3126",4,11,"disamb","tt",72,"disamb tt",2,0,729,729,"Ambiguous","Mismatch"
"3128",4,22,"disamb","tt",72,"disamb tt",1,0,1071,1071,"Ambiguous","Match"
"3130",4,1,"disamb","tt",72,"disamb tt",4,0,628,628,"Unambiguous","Mismatch"
"3132",4,20,"disamb","tt",72,"disamb tt",3,0,839,839,"Unambiguous","Match"
"3134",4,23,"disamb","tt",72,"disamb tt",2,0,282,282,"Ambiguous","Mismatch"
"3136",4,3,"disamb","tt",72,"disamb tt",2,0,1124,1124,"Ambiguous","Mismatch"
"3139",4,19,"disamb","tt",72,"disamb tt",2,0,262,262,"Ambiguous","Mismatch"
"3141",4,13,"disamb","tt",72,"disamb tt",4,0,224,224,"Unambiguous","Mismatch"
"3143",4,9,"disamb","tt",72,"disamb tt",4,0,1408,1408,"Unambiguous","Mismatch"
"3145",4,2,"disamb","tt",72,"disamb tt",1,0,852,852,"Ambiguous","Match"
"3148",4,4,"disamb","tt",72,"disamb tt",3,0,479,479,"Unambiguous","Match"
"3150",4,12,"disamb","tt",72,"disamb tt",3,0,488,488,"Unambiguous","Match"
"3152",4,16,"disamb","tt",72,"disamb tt",3,0,400,400,"Unambiguous","Match"
"3155",4,18,"disamb","tt",72,"disamb tt",1,0,325,325,"Ambiguous","Match"
"3157",4,24,"disamb","tt",72,"disamb tt",3,0,293,293,"Unambiguous","Match"
"3159",4,6,"disamb","tt",72,"disamb tt",1,0,369,369,"Ambiguous","Match"
"3161",4,17,"disamb","tt",72,"disamb tt",4,0,263,263,"Unambiguous","Mismatch"
"3164",4,14,"disamb","tt",72,"disamb tt",1,0,613,613,"Ambiguous","Match"
"3961",5,13,"disamb","tt",66,"disamb tt",1,0,288,288,"Ambiguous","Match"
"3963",5,4,"disamb","tt",66,"disamb tt",4,0,502,502,"Unambiguous","Mismatch"
"3965",5,9,"disamb","tt",66,"disamb tt",1,0,289,289,"Ambiguous","Match"
"3967",5,8,"disamb","tt",66,"disamb tt",4,0,825,825,"Unambiguous","Mismatch"
"3969",5,7,"disamb","tt",66,"disamb tt",3,0,481,481,"Unambiguous","Match"
"3971",5,16,"disamb","tt",66,"disamb tt",4,0,700,700,"Unambiguous","Mismatch"
"3973",5,19,"disamb","tt",66,"disamb tt",3,0,1604,1604,"Unambiguous","Match"
"3975",5,17,"disamb","tt",66,"disamb tt",1,0,940,940,"Ambiguous","Match"
"3977",5,3,"disamb","tt",66,"disamb tt",3,0,1128,1128,"Unambiguous","Match"
"3979",5,14,"disamb","tt",66,"disamb tt",2,0,901,901,"Ambiguous","Mismatch"
"3981",5,1,"disamb","tt",66,"disamb tt",1,0,522,522,"Ambiguous","Match"
"3983",5,15,"disamb","tt",66,"disamb tt",3,0,279,279,"Unambiguous","Match"
"3985",5,22,"disamb","tt",66,"disamb tt",2,1,0,NA,"Ambiguous","Mismatch"
"3987",5,18,"disamb","tt",66,"disamb tt",2,0,414,414,"Ambiguous","Mismatch"
"3989",5,5,"disamb","tt",66,"disamb tt",1,0,805,805,"Ambiguous","Match"
"3991",5,2,"disamb","tt",66,"disamb tt",2,0,989,989,"Ambiguous","Mismatch"
"3993",5,23,"disamb","tt",66,"disamb tt",3,0,684,684,"Unambiguous","Match"
"3995",5,21,"disamb","tt",66,"disamb tt",1,0,1138,1138,"Ambiguous","Match"
"3997",5,20,"disamb","tt",66,"disamb tt",4,0,783,783,"Unambiguous","Mismatch"
"3999",5,10,"disamb","tt",66,"disamb tt",2,0,332,332,"Ambiguous","Mismatch"
"4001",5,12,"disamb","tt",66,"disamb tt",4,0,405,405,"Unambiguous","Mismatch"
"4003",5,11,"disamb","tt",66,"disamb tt",3,0,873,873,"Unambiguous","Match"
"4005",5,24,"disamb","tt",66,"disamb tt",4,0,363,363,"Unambiguous","Mismatch"
"4007",5,6,"disamb","tt",66,"disamb tt",2,0,443,443,"Ambiguous","Mismatch"
"4813",6,12,"disamb","tt",89,"disamb tt",1,0,1010,1010,"Ambiguous","Match"
"4815",6,16,"disamb","tt",89,"disamb tt",1,0,588,588,"Ambiguous","Match"
"4817",6,13,"disamb","tt",89,"disamb tt",2,0,2152,2152,"Ambiguous","Mismatch"
"4819",6,7,"disamb","tt",89,"disamb tt",4,0,1636,1636,"Unambiguous","Mismatch"
"4821",6,18,"disamb","tt",89,"disamb tt",3,0,678,678,"Unambiguous","Match"
"4823",6,21,"disamb","tt",89,"disamb tt",2,0,808,808,"Ambiguous","Mismatch"
"4825",6,14,"disamb","tt",89,"disamb tt",3,0,1300,1300,"Unambiguous","Match"
"4827",6,4,"disamb","tt",89,"disamb tt",1,0,1262,1262,"Ambiguous","Match"
"4829",6,5,"disamb","tt",89,"disamb tt",2,0,688,688,"Ambiguous","Mismatch"
"4831",6,10,"disamb","tt",89,"disamb tt",3,0,170,170,"Unambiguous","Match"
"4833",6,3,"disamb","tt",89,"disamb tt",4,1,0,NA,"Unambiguous","Mismatch"
"4835",6,11,"disamb","tt",89,"disamb tt",4,0,204,204,"Unambiguous","Mismatch"
"4837",6,24,"disamb","tt",89,"disamb tt",1,0,578,578,"Ambiguous","Match"
"4839",6,17,"disamb","tt",89,"disamb tt",2,0,830,830,"Ambiguous","Mismatch"
"4841",6,2,"disamb","tt",89,"disamb tt",3,0,270,270,"Unambiguous","Match"
"4843",6,9,"disamb","tt",89,"disamb tt",2,0,804,804,"Ambiguous","Mismatch"
"4845",6,15,"disamb","tt",89,"disamb tt",4,0,946,946,"Unambiguous","Mismatch"
"4847",6,19,"disamb","tt",89,"disamb tt",4,0,396,396,"Unambiguous","Mismatch"
"4850",6,1,"disamb","tt",89,"disamb tt",2,0,394,394,"Ambiguous","Mismatch"
"4852",6,8,"disamb","tt",89,"disamb tt",1,0,312,312,"Ambiguous","Match"
"4854",6,20,"disamb","tt",89,"disamb tt",1,0,1166,1166,"Ambiguous","Match"
"4856",6,23,"disamb","tt",89,"disamb tt",4,0,434,434,"Unambiguous","Mismatch"
"4858",6,6,"disamb","tt",89,"disamb tt",3,0,640,640,"Unambiguous","Match"
"5672",7,20,"disamb","tt",77,"disamb tt",2,0,964,964,"Ambiguous","Mismatch"
"5674",7,4,"disamb","tt",77,"disamb tt",2,0,578,578,"Ambiguous","Mismatch"
"5676",7,14,"disamb","tt",77,"disamb tt",4,0,242,242,"Unambiguous","Mismatch"
"5678",7,24,"disamb","tt",77,"disamb tt",2,0,145,145,"Ambiguous","Mismatch"
"5680",7,8,"disamb","tt",77,"disamb tt",2,0,326,326,"Ambiguous","Mismatch"
"5682",7,21,"disamb","tt",77,"disamb tt",3,0,325,325,"Unambiguous","Match"
"5684",7,18,"disamb","tt",77,"disamb tt",4,0,393,393,"Unambiguous","Mismatch"
"5686",7,5,"disamb","tt",77,"disamb tt",3,0,165,165,"Unambiguous","Match"
"5688",7,1,"disamb","tt",77,"disamb tt",3,0,313,313,"Unambiguous","Match"
"5690",7,19,"disamb","tt",77,"disamb tt",1,0,431,431,"Ambiguous","Match"
"5692",7,16,"disamb","tt",77,"disamb tt",2,0,677,677,"Ambiguous","Mismatch"
"5694",7,15,"disamb","tt",77,"disamb tt",1,0,300,300,"Ambiguous","Match"
"5696",7,23,"disamb","tt",77,"disamb tt",1,0,486,486,"Ambiguous","Match"
"5698",7,10,"disamb","tt",77,"disamb tt",4,0,393,393,"Unambiguous","Mismatch"
"5700",7,9,"disamb","tt",77,"disamb tt",3,0,212,212,"Unambiguous","Match"
"5702",7,6,"disamb","tt",77,"disamb tt",4,0,188,188,"Unambiguous","Mismatch"
"5704",7,2,"disamb","tt",77,"disamb tt",4,0,263,263,"Unambiguous","Mismatch"
"5706",7,7,"disamb","tt",77,"disamb tt",1,0,331,331,"Ambiguous","Match"
"5708",7,13,"disamb","tt",77,"disamb tt",3,0,304,304,"Unambiguous","Match"
"5710",7,12,"disamb","tt",77,"disamb tt",2,0,176,176,"Ambiguous","Mismatch"
"5712",7,11,"disamb","tt",77,"disamb tt",1,0,168,168,"Ambiguous","Match"
"5714",7,3,"disamb","tt",77,"disamb tt",1,0,154,154,"Ambiguous","Match"
"5716",7,17,"disamb","tt",77,"disamb tt",3,1,0,NA,"Unambiguous","Match"
"5718",7,22,"disamb","tt",77,"disamb tt",4,0,461,461,"Unambiguous","Mismatch"
"6536",8,1,"disamb","tt",70,"disamb tt",4,0,1066,1066,"Unambiguous","Mismatch"
"6538",8,10,"disamb","tt",70,"disamb tt",1,0,624,624,"Ambiguous","Match"
"6540",8,21,"disamb","tt",70,"disamb tt",4,0,322,322,"Unambiguous","Mismatch"
"6542",8,16,"disamb","tt",70,"disamb tt",3,0,364,364,"Unambiguous","Match"
"6544",8,9,"disamb","tt",70,"disamb tt",4,0,900,900,"Unambiguous","Mismatch"
"6546",8,13,"disamb","tt",70,"disamb tt",4,0,744,744,"Unambiguous","Mismatch"
"6548",8,4,"disamb","tt",70,"disamb tt",3,0,2080,2080,"Unambiguous","Match"
"6550",8,17,"disamb","tt",70,"disamb tt",4,0,954,954,"Unambiguous","Mismatch"
"6552",8,14,"disamb","tt",70,"disamb tt",1,0,1224,1224,"Ambiguous","Match"
"6554",8,12,"disamb","tt",70,"disamb tt",3,0,750,750,"Unambiguous","Match"
"6556",8,15,"disamb","tt",70,"disamb tt",2,0,130,130,"Ambiguous","Mismatch"
"6558",8,8,"disamb","tt",70,"disamb tt",3,0,572,572,"Unambiguous","Match"
"6560",8,6,"disamb","tt",70,"disamb tt",1,0,946,946,"Ambiguous","Match"
"6562",8,20,"disamb","tt",70,"disamb tt",3,0,338,338,"Unambiguous","Match"
"6564",8,2,"disamb","tt",70,"disamb tt",1,0,194,194,"Ambiguous","Match"
"6566",8,11,"disamb","tt",70,"disamb tt",2,0,588,588,"Ambiguous","Mismatch"
"6568",8,7,"disamb","tt",70,"disamb tt",2,0,596,596,"Ambiguous","Mismatch"
"6570",8,24,"disamb","tt",70,"disamb tt",3,0,174,174,"Unambiguous","Match"
"6572",8,5,"disamb","tt",70,"disamb tt",4,0,254,254,"Unambiguous","Mismatch"
"6574",8,18,"disamb","tt",70,"disamb tt",1,0,816,816,"Ambiguous","Match"
"6576",8,23,"disamb","tt",70,"disamb tt",2,0,644,644,"Ambiguous","Mismatch"
"6578",8,19,"disamb","tt",70,"disamb tt",2,0,670,670,"Ambiguous","Mismatch"
"6580",8,22,"disamb","tt",70,"disamb tt",1,0,710,710,"Ambiguous","Match"
"6582",8,3,"disamb","tt",70,"disamb tt",2,0,488,488,"Ambiguous","Mismatch"
"7400",9,16,"disamb","tt",70,"disamb tt",4,0,1478,1478,"Unambiguous","Mismatch"
"7402",9,21,"disamb","tt",70,"disamb tt",1,0,884,884,"Ambiguous","Match"
"7404",9,5,"disamb","tt",70,"disamb tt",1,0,2056,2056,"Ambiguous","Match"
"7406",9,11,"disamb","tt",70,"disamb tt",3,0,496,496,"Unambiguous","Match"
"7408",9,14,"disamb","tt",70,"disamb tt",2,0,1404,1404,"Ambiguous","Mismatch"
"7410",9,3,"disamb","tt",70,"disamb tt",3,0,1092,1092,"Unambiguous","Match"
"7412",9,2,"disamb","tt",70,"disamb tt",2,0,672,672,"Ambiguous","Mismatch"
"7414",9,10,"disamb","tt",70,"disamb tt",2,0,784,784,"Ambiguous","Mismatch"
"7416",9,24,"disamb","tt",70,"disamb tt",4,0,450,450,"Unambiguous","Mismatch"
"7418",9,7,"disamb","tt",70,"disamb tt",3,0,1858,1858,"Unambiguous","Match"
"7420",9,20,"disamb","tt",70,"disamb tt",4,0,952,952,"Unambiguous","Mismatch"
"7422",9,19,"disamb","tt",70,"disamb tt",3,0,1590,1590,"Unambiguous","Match"
"7424",9,15,"disamb","tt",70,"disamb tt",3,0,1272,1272,"Unambiguous","Match"
"7426",9,1,"disamb","tt",70,"disamb tt",1,0,850,850,"Ambiguous","Match"
"7428",9,18,"disamb","tt",70,"disamb tt",2,0,946,946,"Ambiguous","Mismatch"
"7430",9,17,"disamb","tt",70,"disamb tt",1,0,974,974,"Ambiguous","Match"
"7432",9,23,"disamb","tt",70,"disamb tt",3,0,752,752,"Unambiguous","Match"
"7434",9,9,"disamb","tt",70,"disamb tt",1,0,754,754,"Ambiguous","Match"
"7436",9,13,"disamb","tt",70,"disamb tt",1,0,458,458,"Ambiguous","Match"
"7438",9,4,"disamb","tt",70,"disamb tt",4,0,1468,1468,"Unambiguous","Mismatch"
"7440",9,22,"disamb","tt",70,"disamb tt",2,0,872,872,"Ambiguous","Mismatch"
"7442",9,8,"disamb","tt",70,"disamb tt",4,0,498,498,"Unambiguous","Mismatch"
"7444",9,12,"disamb","tt",70,"disamb tt",4,0,372,372,"Unambiguous","Mismatch"
"7446",9,6,"disamb","tt",70,"disamb tt",2,0,500,500,"Ambiguous","Mismatch"
"8263",10,23,"disamb","tt",63,"disamb tt",4,0,1086,1086,"Unambiguous","Mismatch"
"8265",10,18,"disamb","tt",63,"disamb tt",3,0,252,252,"Unambiguous","Match"
"8267",10,19,"disamb","tt",63,"disamb tt",4,0,204,204,"Unambiguous","Mismatch"
"8269",10,16,"disamb","tt",63,"disamb tt",1,0,2372,2372,"Ambiguous","Match"
"8271",10,17,"disamb","tt",63,"disamb tt",2,0,834,834,"Ambiguous","Mismatch"
"8273",10,1,"disamb","tt",63,"disamb tt",2,0,990,990,"Ambiguous","Mismatch"
"8275",10,22,"disamb","tt",63,"disamb tt",3,0,404,404,"Unambiguous","Match"
"8277",10,20,"disamb","tt",63,"disamb tt",1,0,154,154,"Ambiguous","Match"
"8279",10,14,"disamb","tt",63,"disamb tt",3,0,244,244,"Unambiguous","Match"
"8281",10,11,"disamb","tt",63,"disamb tt",4,0,554,554,"Unambiguous","Mismatch"
"8283",10,15,"disamb","tt",63,"disamb tt",4,0,764,764,"Unambiguous","Mismatch"
"8285",10,7,"disamb","tt",63,"disamb tt",4,0,858,858,"Unambiguous","Mismatch"
"8287",10,13,"disamb","tt",63,"disamb tt",2,0,1636,1636,"Ambiguous","Mismatch"
"8289",10,24,"disamb","tt",63,"disamb tt",1,0,904,904,"Ambiguous","Match"
"8291",10,8,"disamb","tt",63,"disamb tt",1,0,236,236,"Ambiguous","Match"
"8293",10,3,"disamb","tt",63,"disamb tt",4,0,1140,1140,"Unambiguous","Mismatch"
"8295",10,6,"disamb","tt",63,"disamb tt",3,0,238,238,"Unambiguous","Match"
"8297",10,4,"disamb","tt",63,"disamb tt",1,0,818,818,"Ambiguous","Match"
"8299",10,5,"disamb","tt",63,"disamb tt",2,0,242,242,"Ambiguous","Mismatch"
"8301",10,21,"disamb","tt",63,"disamb tt",2,0,136,136,"Ambiguous","Mismatch"
"8303",10,9,"disamb","tt",63,"disamb tt",2,0,218,218,"Ambiguous","Mismatch"
"8305",10,2,"disamb","tt",63,"disamb tt",3,0,234,234,"Unambiguous","Match"
"8307",10,12,"disamb","tt",63,"disamb tt",1,0,172,172,"Ambiguous","Match"
"8309",10,10,"disamb","tt",63,"disamb tt",3,0,188,188,"Unambiguous","Match"
"9127",11,3,"disamb","tt",75,"disamb tt",1,0,1406,1406,"Ambiguous","Match"
"9129",11,18,"disamb","tt",75,"disamb tt",4,0,432,432,"Unambiguous","Mismatch"
"9131",11,24,"disamb","tt",75,"disamb tt",2,0,798,798,"Ambiguous","Mismatch"
"9133",11,15,"disamb","tt",75,"disamb tt",1,0,652,652,"Ambiguous","Match"
"9135",11,9,"disamb","tt",75,"disamb tt",3,0,326,326,"Unambiguous","Match"
"9137",11,10,"disamb","tt",75,"disamb tt",4,0,1126,1126,"Unambiguous","Mismatch"
"9139",11,2,"disamb","tt",75,"disamb tt",4,0,824,824,"Unambiguous","Mismatch"
"9141",11,19,"disamb","tt",75,"disamb tt",1,0,1814,1814,"Ambiguous","Match"
"9143",11,12,"disamb","tt",75,"disamb tt",2,0,1204,1204,"Ambiguous","Mismatch"
"9145",11,16,"disamb","tt",75,"disamb tt",2,0,1240,1240,"Ambiguous","Mismatch"
"9147",11,22,"disamb","tt",75,"disamb tt",4,0,408,408,"Unambiguous","Mismatch"
"9149",11,21,"disamb","tt",75,"disamb tt",3,0,336,336,"Unambiguous","Match"
"9151",11,1,"disamb","tt",75,"disamb tt",3,0,362,362,"Unambiguous","Match"
"9153",11,20,"disamb","tt",75,"disamb tt",2,0,480,480,"Ambiguous","Mismatch"
"9155",11,14,"disamb","tt",75,"disamb tt",4,0,712,712,"Unambiguous","Mismatch"
"9157",11,17,"disamb","tt",75,"disamb tt",3,0,244,244,"Unambiguous","Match"
"9159",11,4,"disamb","tt",75,"disamb tt",2,0,1012,1012,"Ambiguous","Mismatch"
"9161",11,11,"disamb","tt",75,"disamb tt",1,0,450,450,"Ambiguous","Match"
"9163",11,6,"disamb","tt",75,"disamb tt",4,0,302,302,"Unambiguous","Mismatch"
"9165",11,8,"disamb","tt",75,"disamb tt",2,0,1014,1014,"Ambiguous","Mismatch"
"9167",11,23,"disamb","tt",75,"disamb tt",1,0,848,848,"Ambiguous","Match"
"9169",11,5,"disamb","tt",75,"disamb tt",3,0,582,582,"Unambiguous","Match"
"9171",11,7,"disamb","tt",75,"disamb tt",1,0,1690,1690,"Ambiguous","Match"
"9173",11,13,"disamb","tt",75,"disamb tt",3,0,356,356,"Unambiguous","Match"
"9991",12,14,"disamb","tt",63,"disamb tt",3,0,277,277,"Unambiguous","Match"
"9993",12,7,"disamb","tt",63,"disamb tt",4,0,696,696,"Unambiguous","Mismatch"
"9995",12,11,"disamb","tt",63,"disamb tt",4,0,753,753,"Unambiguous","Mismatch"
"9997",12,19,"disamb","tt",63,"disamb tt",4,0,290,290,"Unambiguous","Mismatch"
"9999",12,24,"disamb","tt",63,"disamb tt",1,0,615,615,"Ambiguous","Match"
"10001",12,18,"disamb","tt",63,"disamb tt",3,0,175,175,"Unambiguous","Match"
"10003",12,15,"disamb","tt",63,"disamb tt",4,0,229,229,"Unambiguous","Mismatch"
"10005",12,20,"disamb","tt",63,"disamb tt",1,0,907,907,"Ambiguous","Match"
"10007",12,22,"disamb","tt",63,"disamb tt",3,0,97,97,"Unambiguous","Match"
"10009",12,23,"disamb","tt",63,"disamb tt",4,0,724,724,"Unambiguous","Mismatch"
"10011",12,2,"disamb","tt",63,"disamb tt",3,0,562,562,"Unambiguous","Match"
"10013",12,6,"disamb","tt",63,"disamb tt",3,0,266,266,"Unambiguous","Match"
"10015",12,3,"disamb","tt",63,"disamb tt",4,0,207,207,"Unambiguous","Mismatch"
"10017",12,4,"disamb","tt",63,"disamb tt",1,0,2044,2044,"Ambiguous","Match"
"10019",12,9,"disamb","tt",63,"disamb tt",2,0,662,662,"Ambiguous","Mismatch"
"10021",12,1,"disamb","tt",63,"disamb tt",2,0,836,836,"Ambiguous","Mismatch"
"10023",12,13,"disamb","tt",63,"disamb tt",2,0,2444,2444,"Ambiguous","Mismatch"
"10025",12,16,"disamb","tt",63,"disamb tt",1,0,1042,1042,"Ambiguous","Match"
"10027",12,8,"disamb","tt",63,"disamb tt",1,0,741,741,"Ambiguous","Match"
"10029",12,5,"disamb","tt",63,"disamb tt",2,0,1115,1115,"Ambiguous","Mismatch"
"10031",12,21,"disamb","tt",63,"disamb tt",2,0,1666,1666,"Ambiguous","Mismatch"
"10033",12,10,"disamb","tt",63,"disamb tt",3,0,464,464,"Unambiguous","Match"
"10035",12,17,"disamb","tt",63,"disamb tt",2,0,1180,1180,"Ambiguous","Mismatch"
"10037",12,12,"disamb","tt",63,"disamb tt",1,0,275,275,"Ambiguous","Match"
"10856",13,7,"disamb","tt",70,"disamb tt",2,0,1026,1026,"Ambiguous","Mismatch"
"10858",13,3,"disamb","tt",70,"disamb tt",2,0,1262,1262,"Ambiguous","Mismatch"
"10860",13,20,"disamb","tt",70,"disamb tt",3,0,362,362,"Unambiguous","Match"
"10862",13,23,"disamb","tt",70,"disamb tt",2,0,1250,1250,"Ambiguous","Mismatch"
"10864",13,2,"disamb","tt",70,"disamb tt",1,0,840,840,"Ambiguous","Match"
"10866",13,13,"disamb","tt",70,"disamb tt",4,0,568,568,"Unambiguous","Mismatch"
"10868",13,24,"disamb","tt",70,"disamb tt",3,1,0,NA,"Unambiguous","Match"
"10870",13,11,"disamb","tt",70,"disamb tt",2,0,1248,1248,"Ambiguous","Mismatch"
"10872",13,14,"disamb","tt",70,"disamb tt",1,0,1074,1074,"Ambiguous","Match"
"10874",13,8,"disamb","tt",70,"disamb tt",3,0,324,324,"Unambiguous","Match"
"10876",13,15,"disamb","tt",70,"disamb tt",2,0,1772,1772,"Ambiguous","Mismatch"
"10878",13,4,"disamb","tt",70,"disamb tt",3,0,312,312,"Unambiguous","Match"
"10880",13,1,"disamb","tt",70,"disamb tt",4,0,408,408,"Unambiguous","Mismatch"
"10882",13,12,"disamb","tt",70,"disamb tt",3,0,346,346,"Unambiguous","Match"
"10884",13,10,"disamb","tt",70,"disamb tt",1,0,856,856,"Ambiguous","Match"
"10886",13,9,"disamb","tt",70,"disamb tt",4,0,496,496,"Unambiguous","Mismatch"
"10888",13,17,"disamb","tt",70,"disamb tt",4,0,306,306,"Unambiguous","Mismatch"
"10890",13,22,"disamb","tt",70,"disamb tt",1,0,562,562,"Ambiguous","Match"
"10892",13,21,"disamb","tt",70,"disamb tt",4,0,534,534,"Unambiguous","Mismatch"
"10894",13,6,"disamb","tt",70,"disamb tt",1,0,1184,1184,"Ambiguous","Match"
"10896",13,5,"disamb","tt",70,"disamb tt",4,0,294,294,"Unambiguous","Mismatch"
"10898",13,19,"disamb","tt",70,"disamb tt",2,0,494,494,"Ambiguous","Mismatch"
"10900",13,16,"disamb","tt",70,"disamb tt",3,0,440,440,"Unambiguous","Match"
"10902",13,18,"disamb","tt",70,"disamb tt",1,0,372,372,"Ambiguous","Match"
"11719",14,12,"disamb","tt",72,"disamb tt",4,0,686,686,"Unambiguous","Mismatch"
"11721",14,23,"disamb","tt",72,"disamb tt",3,0,1374,1374,"Unambiguous","Match"
"11723",14,22,"disamb","tt",72,"disamb tt",2,0,1624,1624,"Ambiguous","Mismatch"
"11725",14,20,"disamb","tt",72,"disamb tt",4,0,1420,1420,"Unambiguous","Mismatch"
"11727",14,10,"disamb","tt",72,"disamb tt",2,0,838,838,"Ambiguous","Mismatch"
"11729",14,15,"disamb","tt",72,"disamb tt",3,0,434,434,"Unambiguous","Match"
"11731",14,6,"disamb","tt",72,"disamb tt",2,0,760,760,"Ambiguous","Mismatch"
"11733",14,4,"disamb","tt",72,"disamb tt",4,0,1388,1388,"Unambiguous","Mismatch"
"11735",14,18,"disamb","tt",72,"disamb tt",2,0,384,384,"Ambiguous","Mismatch"
"11737",14,7,"disamb","tt",72,"disamb tt",3,0,416,416,"Unambiguous","Match"
"11739",14,24,"disamb","tt",72,"disamb tt",4,0,216,216,"Unambiguous","Mismatch"
"11741",14,16,"disamb","tt",72,"disamb tt",4,0,246,246,"Unambiguous","Mismatch"
"11743",14,3,"disamb","tt",72,"disamb tt",3,0,244,244,"Unambiguous","Match"
"11745",14,2,"disamb","tt",72,"disamb tt",2,0,632,632,"Ambiguous","Mismatch"
"11747",14,21,"disamb","tt",72,"disamb tt",1,0,390,390,"Ambiguous","Match"
"11749",14,13,"disamb","tt",72,"disamb tt",1,0,532,532,"Ambiguous","Match"
"11751",14,9,"disamb","tt",72,"disamb tt",1,0,252,252,"Ambiguous","Match"
"11753",14,17,"disamb","tt",72,"disamb tt",1,1,0,NA,"Ambiguous","Match"
"11755",14,19,"disamb","tt",72,"disamb tt",3,0,298,298,"Unambiguous","Match"
"11757",14,11,"disamb","tt",72,"disamb tt",3,0,254,254,"Unambiguous","Match"
"11759",14,1,"disamb","tt",72,"disamb tt",1,0,252,252,"Ambiguous","Match"
"11761",14,5,"disamb","tt",72,"disamb tt",1,0,194,194,"Ambiguous","Match"
"11763",14,14,"disamb","tt",72,"disamb tt",2,0,238,238,"Ambiguous","Mismatch"
"11765",14,8,"disamb","tt",72,"disamb tt",4,0,240,240,"Unambiguous","Mismatch"
"12535",15,7,"disamb","tt",73,"disamb tt",4,0,234,234,"Unambiguous","Mismatch"
"12537",15,16,"disamb","tt",73,"disamb tt",1,0,268,268,"Ambiguous","Match"
"12539",15,14,"disamb","tt",73,"disamb tt",3,0,598,598,"Unambiguous","Match"
"12541",15,3,"disamb","tt",73,"disamb tt",4,0,312,312,"Unambiguous","Mismatch"
"12543",15,19,"disamb","tt",73,"disamb tt",4,0,652,652,"Unambiguous","Mismatch"
"12546",15,11,"disamb","tt",73,"disamb tt",4,0,296,296,"Unambiguous","Mismatch"
"12548",15,20,"disamb","tt",73,"disamb tt",1,0,282,282,"Ambiguous","Match"
"12550",15,8,"disamb","tt",73,"disamb tt",1,0,348,348,"Ambiguous","Match"
"12552",15,17,"disamb","tt",73,"disamb tt",2,0,514,514,"Ambiguous","Mismatch"
"12554",15,13,"disamb","tt",73,"disamb tt",2,0,294,294,"Ambiguous","Mismatch"
"12556",15,22,"disamb","tt",73,"disamb tt",3,0,376,376,"Unambiguous","Match"
"12558",15,18,"disamb","tt",73,"disamb tt",3,0,328,328,"Unambiguous","Match"
"12560",15,6,"disamb","tt",73,"disamb tt",3,0,328,328,"Unambiguous","Match"
"12562",15,4,"disamb","tt",73,"disamb tt",1,0,460,460,"Ambiguous","Match"
"12565",15,12,"disamb","tt",73,"disamb tt",1,0,232,232,"Ambiguous","Match"
"12568",15,1,"disamb","tt",73,"disamb tt",2,0,254,254,"Ambiguous","Mismatch"
"12570",15,23,"disamb","tt",73,"disamb tt",4,0,288,288,"Unambiguous","Mismatch"
"12572",15,2,"disamb","tt",73,"disamb tt",3,0,292,292,"Unambiguous","Match"
"12574",15,24,"disamb","tt",73,"disamb tt",1,0,504,504,"Ambiguous","Match"
"12577",15,9,"disamb","tt",73,"disamb tt",2,0,382,382,"Ambiguous","Mismatch"
"13375",16,12,"disamb","tt",69,"disamb tt",2,0,406,406,"Ambiguous","Mismatch"
"13377",16,11,"disamb","tt",69,"disamb tt",1,0,100,100,"Ambiguous","Match"
"13379",16,9,"disamb","tt",69,"disamb tt",3,0,198,198,"Unambiguous","Match"
"13381",16,14,"disamb","tt",69,"disamb tt",4,0,600,600,"Unambiguous","Mismatch"
"13383",16,20,"disamb","tt",69,"disamb tt",2,0,776,776,"Ambiguous","Mismatch"
"13385",16,7,"disamb","tt",69,"disamb tt",1,0,920,920,"Ambiguous","Match"
"13387",16,6,"disamb","tt",69,"disamb tt",4,0,536,536,"Unambiguous","Mismatch"
"13389",16,18,"disamb","tt",69,"disamb tt",4,0,160,160,"Unambiguous","Mismatch"
"13391",16,24,"disamb","tt",69,"disamb tt",2,0,922,922,"Ambiguous","Mismatch"
"13393",16,13,"disamb","tt",69,"disamb tt",3,0,354,354,"Unambiguous","Match"
"13395",16,3,"disamb","tt",69,"disamb tt",1,0,830,830,"Ambiguous","Match"
"13397",16,4,"disamb","tt",69,"disamb tt",2,0,216,216,"Ambiguous","Mismatch"
"13399",16,19,"disamb","tt",69,"disamb tt",1,0,570,570,"Ambiguous","Match"
"13401",16,21,"disamb","tt",69,"disamb tt",3,0,1118,1118,"Unambiguous","Match"
"13403",16,5,"disamb","tt",69,"disamb tt",3,0,186,186,"Unambiguous","Match"
"13405",16,15,"disamb","tt",69,"disamb tt",1,0,200,200,"Ambiguous","Match"
"13407",16,22,"disamb","tt",69,"disamb tt",4,0,402,402,"Unambiguous","Mismatch"
"13409",16,17,"disamb","tt",69,"disamb tt",3,0,118,118,"Unambiguous","Match"
"13411",16,16,"disamb","tt",69,"disamb tt",2,0,294,294,"Ambiguous","Mismatch"
"13413",16,8,"disamb","tt",69,"disamb tt",2,0,356,356,"Ambiguous","Mismatch"
"13415",16,23,"disamb","tt",69,"disamb tt",1,0,212,212,"Ambiguous","Match"
"13417",16,2,"disamb","tt",69,"disamb tt",4,0,376,376,"Unambiguous","Mismatch"
"13419",16,1,"disamb","tt",69,"disamb tt",3,0,260,260,"Unambiguous","Match"
"13421",16,10,"disamb","tt",69,"disamb tt",4,0,706,706,"Unambiguous","Mismatch"
"14239",17,8,"disamb","tt",82,"disamb tt",3,0,202,202,"Unambiguous","Match"
"14241",17,16,"disamb","tt",82,"disamb tt",3,0,456,456,"Unambiguous","Match"
"14243",17,15,"disamb","tt",82,"disamb tt",2,0,602,602,"Ambiguous","Mismatch"
"14245",17,11,"disamb","tt",82,"disamb tt",2,0,2542,2542,"Ambiguous","Mismatch"
"14247",17,1,"disamb","tt",82,"disamb tt",4,0,654,654,"Unambiguous","Mismatch"
"14249",17,9,"disamb","tt",82,"disamb tt",4,0,1052,1052,"Unambiguous","Mismatch"
"14251",17,2,"disamb","tt",82,"disamb tt",1,0,1406,1406,"Ambiguous","Match"
"14253",17,20,"disamb","tt",82,"disamb tt",3,0,598,598,"Unambiguous","Match"
"14255",17,24,"disamb","tt",82,"disamb tt",3,0,282,282,"Unambiguous","Match"
"14257",17,18,"disamb","tt",82,"disamb tt",1,0,568,568,"Ambiguous","Match"
"14259",17,6,"disamb","tt",82,"disamb tt",1,0,1098,1098,"Ambiguous","Match"
"14261",17,14,"disamb","tt",82,"disamb tt",1,0,1000,1000,"Ambiguous","Match"
"14263",17,5,"disamb","tt",82,"disamb tt",4,0,1034,1034,"Unambiguous","Mismatch"
"14265",17,13,"disamb","tt",82,"disamb tt",4,0,514,514,"Unambiguous","Mismatch"
"14267",17,17,"disamb","tt",82,"disamb tt",4,0,350,350,"Unambiguous","Mismatch"
"14269",17,3,"disamb","tt",82,"disamb tt",2,0,1420,1420,"Ambiguous","Mismatch"
"14271",17,4,"disamb","tt",82,"disamb tt",3,0,1402,1402,"Unambiguous","Match"
"14273",17,12,"disamb","tt",82,"disamb tt",3,0,292,292,"Unambiguous","Match"
"14275",17,19,"disamb","tt",82,"disamb tt",2,0,1272,1272,"Ambiguous","Mismatch"
"14277",17,22,"disamb","tt",82,"disamb tt",1,0,1090,1090,"Ambiguous","Match"
"14279",17,23,"disamb","tt",82,"disamb tt",2,0,414,414,"Ambiguous","Mismatch"
"14281",17,10,"disamb","tt",82,"disamb tt",1,0,2178,2178,"Ambiguous","Match"
"14283",17,21,"disamb","tt",82,"disamb tt",4,0,660,660,"Unambiguous","Mismatch"
"14285",17,7,"disamb","tt",82,"disamb tt",2,0,746,746,"Ambiguous","Mismatch"
"15103",18,17,"disamb","tt",89,"disamb tt",1,0,206,206,"Ambiguous","Match"
"15105",18,5,"disamb","tt",89,"disamb tt",1,1,0,NA,"Ambiguous","Match"
"15107",18,12,"disamb","tt",89,"disamb tt",4,0,192,192,"Unambiguous","Mismatch"
"15109",18,24,"disamb","tt",89,"disamb tt",4,0,142,142,"Unambiguous","Mismatch"
"15111",18,23,"disamb","tt",89,"disamb tt",3,0,294,294,"Unambiguous","Match"
"15113",18,16,"disamb","tt",89,"disamb tt",4,0,482,482,"Unambiguous","Mismatch"
"15115",18,8,"disamb","tt",89,"disamb tt",4,0,242,242,"Unambiguous","Mismatch"
"15117",18,1,"disamb","tt",89,"disamb tt",1,0,702,702,"Ambiguous","Match"
"15119",18,15,"disamb","tt",89,"disamb tt",3,0,134,134,"Unambiguous","Match"
"15121",18,14,"disamb","tt",89,"disamb tt",2,0,156,156,"Ambiguous","Mismatch"
"15123",18,3,"disamb","tt",89,"disamb tt",3,0,470,470,"Unambiguous","Match"
"15125",18,18,"disamb","tt",89,"disamb tt",2,0,244,244,"Ambiguous","Mismatch"
"15127",18,21,"disamb","tt",89,"disamb tt",1,0,400,400,"Ambiguous","Match"
"15129",18,2,"disamb","tt",89,"disamb tt",2,0,246,246,"Ambiguous","Mismatch"
"15131",18,13,"disamb","tt",89,"disamb tt",1,0,854,854,"Ambiguous","Match"
"15133",18,20,"disamb","tt",89,"disamb tt",4,0,234,234,"Unambiguous","Mismatch"
"15135",18,4,"disamb","tt",89,"disamb tt",4,0,268,268,"Unambiguous","Mismatch"
"15137",18,7,"disamb","tt",89,"disamb tt",3,0,200,200,"Unambiguous","Match"
"15139",18,6,"disamb","tt",89,"disamb tt",2,0,270,270,"Ambiguous","Mismatch"
"15141",18,10,"disamb","tt",89,"disamb tt",2,0,864,864,"Ambiguous","Mismatch"
"15143",18,22,"disamb","tt",89,"disamb tt",2,0,582,582,"Ambiguous","Mismatch"
"15145",18,9,"disamb","tt",89,"disamb tt",1,0,208,208,"Ambiguous","Match"
"15147",18,19,"disamb","tt",89,"disamb tt",3,0,238,238,"Unambiguous","Match"
"15149",18,11,"disamb","tt",89,"disamb tt",3,0,408,408,"Unambiguous","Match"
"15968",19,8,"disamb","tt",53,"disamb tt",1,0,1328,1328,"Ambiguous","Match"
"15970",19,7,"disamb","tt",53,"disamb tt",4,0,658,658,"Unambiguous","Mismatch"
"15972",19,11,"disamb","tt",53,"disamb tt",4,0,332,332,"Unambiguous","Mismatch"
"15974",19,20,"disamb","tt",53,"disamb tt",1,0,644,644,"Ambiguous","Match"
"15976",19,21,"disamb","tt",53,"disamb tt",2,0,686,686,"Ambiguous","Mismatch"
"15978",19,19,"disamb","tt",53,"disamb tt",4,0,180,180,"Unambiguous","Mismatch"
"15980",19,5,"disamb","tt",53,"disamb tt",2,0,468,468,"Ambiguous","Mismatch"
"15982",19,12,"disamb","tt",53,"disamb tt",1,0,188,188,"Ambiguous","Match"
"15984",19,2,"disamb","tt",53,"disamb tt",3,0,164,164,"Unambiguous","Match"
"15986",19,13,"disamb","tt",53,"disamb tt",2,0,584,584,"Ambiguous","Mismatch"
"15988",19,17,"disamb","tt",53,"disamb tt",2,0,322,322,"Ambiguous","Mismatch"
"15990",19,6,"disamb","tt",53,"disamb tt",3,0,326,326,"Unambiguous","Match"
"15992",19,18,"disamb","tt",53,"disamb tt",3,0,488,488,"Unambiguous","Match"
"15994",19,3,"disamb","tt",53,"disamb tt",4,1,0,NA,"Unambiguous","Mismatch"
"15996",19,24,"disamb","tt",53,"disamb tt",1,1,0,NA,"Ambiguous","Match"
"15998",19,1,"disamb","tt",53,"disamb tt",2,0,422,422,"Ambiguous","Mismatch"
"16000",19,9,"disamb","tt",53,"disamb tt",2,0,522,522,"Ambiguous","Mismatch"
"16002",19,10,"disamb","tt",53,"disamb tt",3,0,212,212,"Unambiguous","Match"
"16004",19,23,"disamb","tt",53,"disamb tt",4,0,266,266,"Unambiguous","Mismatch"
"16006",19,4,"disamb","tt",53,"disamb tt",1,0,124,124,"Ambiguous","Match"
"16008",19,14,"disamb","tt",53,"disamb tt",3,0,276,276,"Unambiguous","Match"
"16010",19,22,"disamb","tt",53,"disamb tt",3,0,234,234,"Unambiguous","Match"
"16012",19,16,"disamb","tt",53,"disamb tt",1,0,194,194,"Ambiguous","Match"
"16014",19,15,"disamb","tt",53,"disamb tt",4,0,184,184,"Unambiguous","Mismatch"
"16832",20,6,"disamb","tt",81,"disamb tt",4,0,612,612,"Unambiguous","Mismatch"
"16834",20,12,"disamb","tt",81,"disamb tt",2,0,190,190,"Ambiguous","Mismatch"
"16836",20,4,"disamb","tt",81,"disamb tt",2,0,1634,1634,"Ambiguous","Mismatch"
"16838",20,19,"disamb","tt",81,"disamb tt",1,0,1378,1378,"Ambiguous","Match"
"16840",20,7,"disamb","tt",81,"disamb tt",1,0,330,330,"Ambiguous","Match"
"16842",20,22,"disamb","tt",81,"disamb tt",4,0,384,384,"Unambiguous","Mismatch"
"16844",20,14,"disamb","tt",81,"disamb tt",4,0,188,188,"Unambiguous","Mismatch"
"16846",20,2,"disamb","tt",81,"disamb tt",4,0,370,370,"Unambiguous","Mismatch"
"16848",20,8,"disamb","tt",81,"disamb tt",2,0,550,550,"Ambiguous","Mismatch"
"16850",20,10,"disamb","tt",81,"disamb tt",4,0,548,548,"Unambiguous","Mismatch"
"16852",20,23,"disamb","tt",81,"disamb tt",1,0,416,416,"Ambiguous","Match"
"16854",20,13,"disamb","tt",81,"disamb tt",3,0,204,204,"Unambiguous","Match"
"16856",20,3,"disamb","tt",81,"disamb tt",1,0,618,618,"Ambiguous","Match"
"16858",20,5,"disamb","tt",81,"disamb tt",3,0,406,406,"Unambiguous","Match"
"16860",20,21,"disamb","tt",81,"disamb tt",3,0,378,378,"Unambiguous","Match"
"16862",20,18,"disamb","tt",81,"disamb tt",4,0,182,182,"Unambiguous","Mismatch"
"16864",20,9,"disamb","tt",81,"disamb tt",3,0,208,208,"Unambiguous","Match"
"16866",20,17,"disamb","tt",81,"disamb tt",3,0,616,616,"Unambiguous","Match"
"16868",20,11,"disamb","tt",81,"disamb tt",1,0,914,914,"Ambiguous","Match"
"16870",20,1,"disamb","tt",81,"disamb tt",3,0,548,548,"Unambiguous","Match"
"16872",20,24,"disamb","tt",81,"disamb tt",2,0,1370,1370,"Ambiguous","Mismatch"
"16874",20,16,"disamb","tt",81,"disamb tt",2,0,1186,1186,"Ambiguous","Mismatch"
"16876",20,15,"disamb","tt",81,"disamb tt",1,0,792,792,"Ambiguous","Match"
"16878",20,20,"disamb","tt",81,"disamb tt",2,0,474,474,"Ambiguous","Mismatch"
"17696",21,4,"disamb","tt",86,"disamb tt",3,0,3460,3460,"Unambiguous","Match"
"17698",21,23,"disamb","tt",86,"disamb tt",2,0,2744,2744,"Ambiguous","Mismatch"
"17700",21,22,"disamb","tt",86,"disamb tt",1,0,1884,1884,"Ambiguous","Match"
"17702",21,2,"disamb","tt",86,"disamb tt",1,0,1212,1212,"Ambiguous","Match"
"17704",21,10,"disamb","tt",86,"disamb tt",1,0,1136,1136,"Ambiguous","Match"
"17706",21,12,"disamb","tt",86,"disamb tt",3,0,778,778,"Unambiguous","Match"
"17708",21,18,"disamb","tt",86,"disamb tt",1,0,1720,1720,"Ambiguous","Match"
"17710",21,21,"disamb","tt",86,"disamb tt",4,0,420,420,"Unambiguous","Mismatch"
"17712",21,7,"disamb","tt",86,"disamb tt",2,0,840,840,"Ambiguous","Mismatch"
"17714",21,14,"disamb","tt",86,"disamb tt",1,0,852,852,"Ambiguous","Match"
"17716",21,15,"disamb","tt",86,"disamb tt",2,0,330,330,"Ambiguous","Mismatch"
"17718",21,17,"disamb","tt",86,"disamb tt",4,0,594,594,"Unambiguous","Mismatch"
"17720",21,16,"disamb","tt",86,"disamb tt",3,0,508,508,"Unambiguous","Match"
"17722",21,20,"disamb","tt",86,"disamb tt",3,0,398,398,"Unambiguous","Match"
"17724",21,6,"disamb","tt",86,"disamb tt",1,0,1948,1948,"Ambiguous","Match"
"17726",21,3,"disamb","tt",86,"disamb tt",2,0,520,520,"Ambiguous","Mismatch"
"17728",21,9,"disamb","tt",86,"disamb tt",4,0,314,314,"Unambiguous","Mismatch"
"17730",21,19,"disamb","tt",86,"disamb tt",2,0,924,924,"Ambiguous","Mismatch"
"17732",21,8,"disamb","tt",86,"disamb tt",3,0,840,840,"Unambiguous","Match"
"17734",21,5,"disamb","tt",86,"disamb tt",4,0,956,956,"Unambiguous","Mismatch"
"17736",21,24,"disamb","tt",86,"disamb tt",3,0,1054,1054,"Unambiguous","Match"
"17738",21,1,"disamb","tt",86,"disamb tt",4,0,452,452,"Unambiguous","Mismatch"
"17740",21,11,"disamb","tt",86,"disamb tt",2,0,770,770,"Ambiguous","Mismatch"
"17742",21,13,"disamb","tt",86,"disamb tt",4,0,704,704,"Unambiguous","Mismatch"
"18559",22,4,"disamb","tt",53,"disamb tt",4,0,898,898,"Unambiguous","Mismatch"
"18561",22,2,"disamb","tt",53,"disamb tt",2,0,2774,2774,"Ambiguous","Mismatch"
"18563",22,16,"disamb","tt",53,"disamb tt",4,0,1458,1458,"Unambiguous","Mismatch"
"18565",22,7,"disamb","tt",53,"disamb tt",3,0,290,290,"Unambiguous","Match"
"18567",22,12,"disamb","tt",53,"disamb tt",4,0,1336,1336,"Unambiguous","Mismatch"
"18569",22,20,"disamb","tt",53,"disamb tt",4,0,1352,1352,"Unambiguous","Mismatch"
"18571",22,24,"disamb","tt",53,"disamb tt",4,0,1558,1558,"Unambiguous","Mismatch"
"18573",22,15,"disamb","tt",53,"disamb tt",3,0,1102,1102,"Unambiguous","Match"
"18575",22,22,"disamb","tt",53,"disamb tt",2,0,2362,2362,"Ambiguous","Mismatch"
"18577",22,11,"disamb","tt",53,"disamb tt",3,0,562,562,"Unambiguous","Match"
"18579",22,19,"disamb","tt",53,"disamb tt",3,0,2252,2252,"Unambiguous","Match"
"18581",22,21,"disamb","tt",53,"disamb tt",1,0,542,542,"Ambiguous","Match"
"18583",22,8,"disamb","tt",53,"disamb tt",4,0,1106,1106,"Unambiguous","Mismatch"
"18585",22,23,"disamb","tt",53,"disamb tt",3,0,1806,1806,"Unambiguous","Match"
"18587",22,14,"disamb","tt",53,"disamb tt",2,0,524,524,"Ambiguous","Mismatch"
"18589",22,9,"disamb","tt",53,"disamb tt",1,0,804,804,"Ambiguous","Match"
"18591",22,1,"disamb","tt",53,"disamb tt",1,0,1890,1890,"Ambiguous","Match"
"18593",22,3,"disamb","tt",53,"disamb tt",3,0,638,638,"Unambiguous","Match"
"18595",22,5,"disamb","tt",53,"disamb tt",1,0,1188,1188,"Ambiguous","Match"
"18597",22,13,"disamb","tt",53,"disamb tt",1,0,790,790,"Ambiguous","Match"
"18599",22,6,"disamb","tt",53,"disamb tt",2,0,936,936,"Ambiguous","Mismatch"
"18601",22,18,"disamb","tt",53,"disamb tt",2,0,1338,1338,"Ambiguous","Mismatch"
"18603",22,10,"disamb","tt",53,"disamb tt",2,0,530,530,"Ambiguous","Mismatch"
"18605",22,17,"disamb","tt",53,"disamb tt",1,0,294,294,"Ambiguous","Match"
"19423",23,20,"disamb","tt",79,"disamb tt",2,0,937,937,"Ambiguous","Mismatch"
"19425",23,23,"disamb","tt",79,"disamb tt",1,0,1627,1627,"Ambiguous","Match"
"19427",23,16,"disamb","tt",79,"disamb tt",2,0,1191,1191,"Ambiguous","Mismatch"
"19429",23,8,"disamb","tt",79,"disamb tt",2,0,2719,2719,"Ambiguous","Mismatch"
"19431",23,5,"disamb","tt",79,"disamb tt",3,0,701,701,"Unambiguous","Match"
"19433",23,7,"disamb","tt",79,"disamb tt",1,0,1112,1112,"Ambiguous","Match"
"19435",23,2,"disamb","tt",79,"disamb tt",4,0,151,151,"Unambiguous","Mismatch"
"19437",23,21,"disamb","tt",79,"disamb tt",3,0,358,358,"Unambiguous","Match"
"19439",23,6,"disamb","tt",79,"disamb tt",4,0,776,776,"Unambiguous","Mismatch"
"19441",23,17,"disamb","tt",79,"disamb tt",3,0,381,381,"Unambiguous","Match"
"19443",23,12,"disamb","tt",79,"disamb tt",2,0,158,158,"Ambiguous","Mismatch"
"19445",23,13,"disamb","tt",79,"disamb tt",3,0,252,252,"Unambiguous","Match"
"19447",23,24,"disamb","tt",79,"disamb tt",2,1,0,NA,"Ambiguous","Mismatch"
"19449",23,11,"disamb","tt",79,"disamb tt",1,0,292,292,"Ambiguous","Match"
"19451",23,4,"disamb","tt",79,"disamb tt",2,0,495,495,"Ambiguous","Mismatch"
"19453",23,22,"disamb","tt",79,"disamb tt",4,0,788,788,"Unambiguous","Mismatch"
"19455",23,14,"disamb","tt",79,"disamb tt",4,0,482,482,"Unambiguous","Mismatch"
"19457",23,3,"disamb","tt",79,"disamb tt",1,0,1449,1449,"Ambiguous","Match"
"19459",23,9,"disamb","tt",79,"disamb tt",3,0,224,224,"Unambiguous","Match"
"19461",23,15,"disamb","tt",79,"disamb tt",1,0,137,137,"Ambiguous","Match"
"19463",23,1,"disamb","tt",79,"disamb tt",3,0,432,432,"Unambiguous","Match"
"19465",23,10,"disamb","tt",79,"disamb tt",4,0,226,226,"Unambiguous","Mismatch"
"19467",23,18,"disamb","tt",79,"disamb tt",4,0,184,184,"Unambiguous","Mismatch"
"19469",23,19,"disamb","tt",79,"disamb tt",1,0,315,315,"Ambiguous","Match"
"20275",24,11,"disamb","tt",86,"disamb tt",4,0,420,420,"Unambiguous","Mismatch"
"20278",24,13,"disamb","tt",86,"disamb tt",2,0,280,280,"Ambiguous","Mismatch"
"20280",24,4,"disamb","tt",86,"disamb tt",1,0,544,544,"Ambiguous","Match"
"20282",24,12,"disamb","tt",86,"disamb tt",1,0,352,352,"Ambiguous","Match"
"20284",24,16,"disamb","tt",86,"disamb tt",1,0,574,574,"Ambiguous","Match"
"20286",24,1,"disamb","tt",86,"disamb tt",2,0,288,288,"Ambiguous","Mismatch"
"20288",24,2,"disamb","tt",86,"disamb tt",3,0,338,338,"Unambiguous","Match"
"20290",24,18,"disamb","tt",86,"disamb tt",3,0,310,310,"Unambiguous","Match"
"20292",24,6,"disamb","tt",86,"disamb tt",3,0,648,648,"Unambiguous","Match"
"20294",24,14,"disamb","tt",86,"disamb tt",3,0,334,334,"Unambiguous","Match"
"20296",24,23,"disamb","tt",86,"disamb tt",4,0,420,420,"Unambiguous","Mismatch"
"20298",24,8,"disamb","tt",86,"disamb tt",1,0,930,930,"Ambiguous","Match"
"20300",24,10,"disamb","tt",86,"disamb tt",3,0,268,268,"Unambiguous","Match"
"20302",24,7,"disamb","tt",86,"disamb tt",4,0,304,304,"Unambiguous","Mismatch"
"20304",24,20,"disamb","tt",86,"disamb tt",1,0,624,624,"Ambiguous","Match"
"20306",24,5,"disamb","tt",86,"disamb tt",2,0,528,528,"Ambiguous","Mismatch"
"20308",24,17,"disamb","tt",86,"disamb tt",2,0,348,348,"Ambiguous","Mismatch"
"20310",24,24,"disamb","tt",86,"disamb tt",1,0,288,288,"Ambiguous","Match"
"20312",24,9,"disamb","tt",86,"disamb tt",2,0,352,352,"Ambiguous","Mismatch"
"20314",24,19,"disamb","tt",86,"disamb tt",4,0,296,296,"Unambiguous","Mismatch"
"20316",24,3,"disamb","tt",86,"disamb tt",4,0,350,350,"Unambiguous","Mismatch"
"20318",24,22,"disamb","tt",86,"disamb tt",3,0,550,550,"Unambiguous","Match"
"20320",24,15,"disamb","tt",86,"disamb tt",4,0,742,742,"Unambiguous","Mismatch"
"21134",25,2,"disamb","tt",52,"disamb tt",4,0,1272,1272,"Unambiguous","Mismatch"
"21136",25,5,"disamb","tt",52,"disamb tt",3,0,162,162,"Unambiguous","Match"
"21138",25,17,"disamb","tt",52,"disamb tt",3,0,214,214,"Unambiguous","Match"
"21140",25,10,"disamb","tt",52,"disamb tt",4,0,186,186,"Unambiguous","Mismatch"
"21142",25,23,"disamb","tt",52,"disamb tt",1,0,536,536,"Ambiguous","Match"
"21144",25,18,"disamb","tt",52,"disamb tt",4,0,172,172,"Unambiguous","Mismatch"
"21146",25,14,"disamb","tt",52,"disamb tt",4,0,186,186,"Unambiguous","Mismatch"
"21148",25,6,"disamb","tt",52,"disamb tt",4,0,162,162,"Unambiguous","Mismatch"
"21150",25,16,"disamb","tt",52,"disamb tt",2,0,184,184,"Ambiguous","Mismatch"
"21152",25,20,"disamb","tt",52,"disamb tt",2,0,214,214,"Ambiguous","Mismatch"
"21154",25,24,"disamb","tt",52,"disamb tt",2,0,188,188,"Ambiguous","Mismatch"
"21156",25,22,"disamb","tt",52,"disamb tt",4,0,144,144,"Unambiguous","Mismatch"
"21158",25,9,"disamb","tt",52,"disamb tt",3,0,526,526,"Unambiguous","Match"
"21160",25,7,"disamb","tt",52,"disamb tt",1,0,324,324,"Ambiguous","Match"
"21162",25,15,"disamb","tt",52,"disamb tt",1,0,188,188,"Ambiguous","Match"
"21164",25,12,"disamb","tt",52,"disamb tt",2,0,222,222,"Ambiguous","Mismatch"
"21166",25,3,"disamb","tt",52,"disamb tt",1,0,156,156,"Ambiguous","Match"
"21168",25,4,"disamb","tt",52,"disamb tt",2,0,454,454,"Ambiguous","Mismatch"
"21170",25,19,"disamb","tt",52,"disamb tt",1,0,184,184,"Ambiguous","Match"
"21172",25,21,"disamb","tt",52,"disamb tt",3,0,422,422,"Unambiguous","Match"
"21174",25,11,"disamb","tt",52,"disamb tt",1,0,190,190,"Ambiguous","Match"
"21176",25,1,"disamb","tt",52,"disamb tt",3,0,330,330,"Unambiguous","Match"
"21178",25,13,"disamb","tt",52,"disamb tt",3,0,388,388,"Unambiguous","Match"
"21180",25,8,"disamb","tt",52,"disamb tt",2,0,198,198,"Ambiguous","Mismatch"
"21998",26,14,"disamb","tt",83,"disamb tt",1,0,322,322,"Ambiguous","Match"
"22000",26,17,"disamb","tt",83,"disamb tt",4,0,464,464,"Unambiguous","Mismatch"
"22002",26,20,"disamb","tt",83,"disamb tt",3,0,274,274,"Unambiguous","Match"
"22004",26,6,"disamb","tt",83,"disamb tt",1,0,484,484,"Ambiguous","Match"
"22006",26,15,"disamb","tt",83,"disamb tt",2,0,378,378,"Ambiguous","Mismatch"
"22008",26,23,"disamb","tt",83,"disamb tt",2,0,276,276,"Ambiguous","Mismatch"
"22010",26,16,"disamb","tt",83,"disamb tt",3,0,272,272,"Unambiguous","Match"
"22012",26,21,"disamb","tt",83,"disamb tt",4,0,326,326,"Unambiguous","Mismatch"
"22014",26,24,"disamb","tt",83,"disamb tt",3,0,386,386,"Unambiguous","Match"
"22016",26,12,"disamb","tt",83,"disamb tt",3,0,232,232,"Unambiguous","Match"
"22018",26,4,"disamb","tt",83,"disamb tt",3,0,332,332,"Unambiguous","Match"
"22020",26,18,"disamb","tt",83,"disamb tt",1,0,300,300,"Ambiguous","Match"
"22022",26,11,"disamb","tt",83,"disamb tt",2,0,324,324,"Ambiguous","Mismatch"
"22024",26,7,"disamb","tt",83,"disamb tt",2,0,592,592,"Ambiguous","Mismatch"
"22026",26,1,"disamb","tt",83,"disamb tt",4,0,296,296,"Unambiguous","Mismatch"
"22028",26,9,"disamb","tt",83,"disamb tt",4,0,496,496,"Unambiguous","Mismatch"
"22030",26,3,"disamb","tt",83,"disamb tt",2,0,290,290,"Ambiguous","Mismatch"
"22032",26,19,"disamb","tt",83,"disamb tt",2,0,284,284,"Ambiguous","Mismatch"
"22034",26,2,"disamb","tt",83,"disamb tt",1,0,326,326,"Ambiguous","Match"
"22036",26,8,"disamb","tt",83,"disamb tt",3,0,282,282,"Unambiguous","Match"
"22038",26,5,"disamb","tt",83,"disamb tt",4,0,554,554,"Unambiguous","Mismatch"
"22040",26,22,"disamb","tt",83,"disamb tt",1,0,312,312,"Ambiguous","Match"
"22042",26,10,"disamb","tt",83,"disamb tt",1,0,424,424,"Ambiguous","Match"
"22044",26,13,"disamb","tt",83,"disamb tt",4,0,518,518,"Unambiguous","Mismatch"
"22862",27,1,"disamb","tt",85,"disamb tt",1,0,354,354,"Ambiguous","Match"
"22864",27,22,"disamb","tt",85,"disamb tt",2,0,452,452,"Ambiguous","Mismatch"
"22866",27,6,"disamb","tt",85,"disamb tt",2,0,392,392,"Ambiguous","Mismatch"
"22868",27,2,"disamb","tt",85,"disamb tt",2,0,1316,1316,"Ambiguous","Mismatch"
"22870",27,7,"disamb","tt",85,"disamb tt",3,0,696,696,"Unambiguous","Match"
"22872",27,19,"disamb","tt",85,"disamb tt",3,0,216,216,"Unambiguous","Match"
"22874",27,10,"disamb","tt",85,"disamb tt",2,0,580,580,"Ambiguous","Mismatch"
"22876",27,24,"disamb","tt",85,"disamb tt",4,0,214,214,"Unambiguous","Mismatch"
"22878",27,17,"disamb","tt",85,"disamb tt",1,0,174,174,"Ambiguous","Match"
"22880",27,3,"disamb","tt",85,"disamb tt",3,1,0,NA,"Unambiguous","Match"
"22882",27,13,"disamb","tt",85,"disamb tt",1,0,256,256,"Ambiguous","Match"
"22884",27,8,"disamb","tt",85,"disamb tt",4,0,304,304,"Unambiguous","Mismatch"
"22886",27,21,"disamb","tt",85,"disamb tt",1,0,762,762,"Ambiguous","Match"
"22888",27,4,"disamb","tt",85,"disamb tt",4,0,266,266,"Unambiguous","Mismatch"
"22890",27,9,"disamb","tt",85,"disamb tt",1,0,622,622,"Ambiguous","Match"
"22892",27,12,"disamb","tt",85,"disamb tt",4,0,238,238,"Unambiguous","Mismatch"
"22894",27,16,"disamb","tt",85,"disamb tt",4,1,0,NA,"Unambiguous","Mismatch"
"22896",27,20,"disamb","tt",85,"disamb tt",4,0,204,204,"Unambiguous","Mismatch"
"22898",27,15,"disamb","tt",85,"disamb tt",3,0,310,310,"Unambiguous","Match"
"22900",27,23,"disamb","tt",85,"disamb tt",3,0,322,322,"Unambiguous","Match"
"22902",27,14,"disamb","tt",85,"disamb tt",2,0,216,216,"Ambiguous","Mismatch"
"22904",27,11,"disamb","tt",85,"disamb tt",3,0,794,794,"Unambiguous","Match"
"22906",27,5,"disamb","tt",85,"disamb tt",1,0,290,290,"Ambiguous","Match"
"22908",27,18,"disamb","tt",85,"disamb tt",2,0,582,582,"Ambiguous","Mismatch"
"23726",28,4,"disamb","tt",63,"disamb tt",1,0,2014,2014,"Ambiguous","Match"
"23728",28,8,"disamb","tt",63,"disamb tt",1,0,1950,1950,"Ambiguous","Match"
"23730",28,24,"disamb","tt",63,"disamb tt",1,0,688,688,"Ambiguous","Match"
"23732",28,3,"disamb","tt",63,"disamb tt",4,0,496,496,"Unambiguous","Mismatch"
"23734",28,7,"disamb","tt",63,"disamb tt",4,0,632,632,"Unambiguous","Mismatch"
"23736",28,5,"disamb","tt",63,"disamb tt",2,0,2042,2042,"Ambiguous","Mismatch"
"23738",28,21,"disamb","tt",63,"disamb tt",2,0,434,434,"Ambiguous","Mismatch"
"23740",28,12,"disamb","tt",63,"disamb tt",1,0,236,236,"Ambiguous","Match"
"23742",28,22,"disamb","tt",63,"disamb tt",3,0,318,318,"Unambiguous","Match"
"23744",28,14,"disamb","tt",63,"disamb tt",3,0,308,308,"Unambiguous","Match"
"23746",28,10,"disamb","tt",63,"disamb tt",3,0,240,240,"Unambiguous","Match"
"23748",28,11,"disamb","tt",63,"disamb tt",4,0,394,394,"Unambiguous","Mismatch"
"23750",28,20,"disamb","tt",63,"disamb tt",1,0,296,296,"Ambiguous","Match"
"23752",28,1,"disamb","tt",63,"disamb tt",2,0,200,200,"Ambiguous","Mismatch"
"23754",28,23,"disamb","tt",63,"disamb tt",4,0,408,408,"Unambiguous","Mismatch"
"23756",28,18,"disamb","tt",63,"disamb tt",3,0,526,526,"Unambiguous","Match"
"23758",28,17,"disamb","tt",63,"disamb tt",2,0,1294,1294,"Ambiguous","Mismatch"
"23760",28,13,"disamb","tt",63,"disamb tt",2,0,1588,1588,"Ambiguous","Mismatch"
"23762",28,19,"disamb","tt",63,"disamb tt",4,0,874,874,"Unambiguous","Mismatch"
"23764",28,2,"disamb","tt",63,"disamb tt",3,0,510,510,"Unambiguous","Match"
"23766",28,9,"disamb","tt",63,"disamb tt",2,0,2434,2434,"Ambiguous","Mismatch"
"23768",28,15,"disamb","tt",63,"disamb tt",4,0,386,386,"Unambiguous","Mismatch"
"23770",28,6,"disamb","tt",63,"disamb tt",3,0,402,402,"Unambiguous","Match"
"23772",28,16,"disamb","tt",63,"disamb tt",1,0,826,826,"Ambiguous","Match"
"24577",29,18,"disamb","tt",65,"disamb tt",4,0,292,292,"Unambiguous","Mismatch"
"24579",29,3,"disamb","tt",65,"disamb tt",1,0,1208,1208,"Ambiguous","Match"
"24581",29,12,"disamb","tt",65,"disamb tt",2,0,1394,1394,"Ambiguous","Mismatch"
"24583",29,20,"disamb","tt",65,"disamb tt",2,0,598,598,"Ambiguous","Mismatch"
"24585",29,9,"disamb","tt",65,"disamb tt",3,0,928,928,"Unambiguous","Match"
"24587",29,1,"disamb","tt",65,"disamb tt",3,0,664,664,"Unambiguous","Match"
"24589",29,14,"disamb","tt",65,"disamb tt",4,0,610,610,"Unambiguous","Mismatch"
"24591",29,16,"disamb","tt",65,"disamb tt",2,0,1214,1214,"Ambiguous","Mismatch"
"24593",29,17,"disamb","tt",65,"disamb tt",3,0,248,248,"Unambiguous","Match"
"24595",29,24,"disamb","tt",65,"disamb tt",2,0,586,586,"Ambiguous","Mismatch"
"24597",29,5,"disamb","tt",65,"disamb tt",3,0,292,292,"Unambiguous","Match"
"24599",29,6,"disamb","tt",65,"disamb tt",4,0,196,196,"Unambiguous","Mismatch"
"24601",29,19,"disamb","tt",65,"disamb tt",1,0,386,386,"Ambiguous","Match"
"24603",29,15,"disamb","tt",65,"disamb tt",1,0,442,442,"Ambiguous","Match"
"24605",29,11,"disamb","tt",65,"disamb tt",1,0,614,614,"Ambiguous","Match"
"24607",29,22,"disamb","tt",65,"disamb tt",4,0,280,280,"Unambiguous","Mismatch"
"24610",29,4,"disamb","tt",65,"disamb tt",2,0,660,660,"Ambiguous","Mismatch"
"24612",29,23,"disamb","tt",65,"disamb tt",1,0,500,500,"Ambiguous","Match"
"24614",29,21,"disamb","tt",65,"disamb tt",3,0,516,516,"Unambiguous","Match"
"24616",29,7,"disamb","tt",65,"disamb tt",1,0,854,854,"Ambiguous","Match"
"24618",29,13,"disamb","tt",65,"disamb tt",3,0,256,256,"Unambiguous","Match"
"24620",29,8,"disamb","tt",65,"disamb tt",2,0,472,472,"Ambiguous","Mismatch"
"24622",29,2,"disamb","tt",65,"disamb tt",4,0,238,238,"Unambiguous","Mismatch"
"25435",30,23,"disamb","tt",60,"disamb tt",2,0,1970,1970,"Ambiguous","Mismatch"
"25437",30,24,"disamb","tt",60,"disamb tt",3,0,1110,1110,"Unambiguous","Match"
"25439",30,2,"disamb","tt",60,"disamb tt",1,0,1502,1502,"Ambiguous","Match"
"25441",30,8,"disamb","tt",60,"disamb tt",3,0,624,624,"Unambiguous","Match"
"25443",30,9,"disamb","tt",60,"disamb tt",4,0,722,722,"Unambiguous","Mismatch"
"25445",30,14,"disamb","tt",60,"disamb tt",1,0,868,868,"Ambiguous","Match"
"25447",30,20,"disamb","tt",60,"disamb tt",3,0,1404,1404,"Unambiguous","Match"
"25449",30,3,"disamb","tt",60,"disamb tt",2,0,728,728,"Ambiguous","Mismatch"
"25451",30,13,"disamb","tt",60,"disamb tt",4,0,932,932,"Unambiguous","Mismatch"
"25453",30,16,"disamb","tt",60,"disamb tt",3,0,2248,2248,"Unambiguous","Match"
"25455",30,15,"disamb","tt",60,"disamb tt",2,0,912,912,"Ambiguous","Mismatch"
"25457",30,12,"disamb","tt",60,"disamb tt",3,0,890,890,"Unambiguous","Match"
"25459",30,21,"disamb","tt",60,"disamb tt",4,0,486,486,"Unambiguous","Mismatch"
"25461",30,19,"disamb","tt",60,"disamb tt",2,0,880,880,"Ambiguous","Mismatch"
"25463",30,5,"disamb","tt",60,"disamb tt",4,0,700,700,"Unambiguous","Mismatch"
"25465",30,7,"disamb","tt",60,"disamb tt",2,0,1492,1492,"Ambiguous","Mismatch"
"25467",30,1,"disamb","tt",60,"disamb tt",4,0,286,286,"Unambiguous","Mismatch"
"25469",30,17,"disamb","tt",60,"disamb tt",4,0,258,258,"Unambiguous","Mismatch"
"25471",30,4,"disamb","tt",60,"disamb tt",3,0,348,348,"Unambiguous","Match"
"25473",30,18,"disamb","tt",60,"disamb tt",1,0,828,828,"Ambiguous","Match"
"25475",30,22,"disamb","tt",60,"disamb tt",1,0,650,650,"Ambiguous","Match"
"25477",30,10,"disamb","tt",60,"disamb tt",1,0,766,766,"Ambiguous","Match"
"25479",30,6,"disamb","tt",60,"disamb tt",1,0,168,168,"Ambiguous","Match"
"25481",30,11,"disamb","tt",60,"disamb tt",2,0,392,392,"Ambiguous","Mismatch"
"26299",31,18,"disamb","tt",85,"disamb tt",2,0,556,556,"Ambiguous","Mismatch"
"26301",31,7,"disamb","tt",85,"disamb tt",3,0,466,466,"Unambiguous","Match"
"26303",31,19,"disamb","tt",85,"disamb tt",3,0,398,398,"Unambiguous","Match"
"26305",31,15,"disamb","tt",85,"disamb tt",3,0,218,218,"Unambiguous","Match"
"26307",31,16,"disamb","tt",85,"disamb tt",4,0,722,722,"Unambiguous","Mismatch"
"26309",31,8,"disamb","tt",85,"disamb tt",4,0,760,760,"Unambiguous","Mismatch"
"26311",31,13,"disamb","tt",85,"disamb tt",1,0,3042,3042,"Ambiguous","Match"
"26313",31,17,"disamb","tt",85,"disamb tt",1,0,502,502,"Ambiguous","Match"
"26315",31,23,"disamb","tt",85,"disamb tt",3,0,484,484,"Unambiguous","Match"
"26317",31,21,"disamb","tt",85,"disamb tt",1,0,1888,1888,"Ambiguous","Match"
"26319",31,14,"disamb","tt",85,"disamb tt",2,0,2256,2256,"Ambiguous","Mismatch"
"26321",31,10,"disamb","tt",85,"disamb tt",2,0,2910,2910,"Ambiguous","Mismatch"
"26323",31,3,"disamb","tt",85,"disamb tt",3,0,160,160,"Unambiguous","Match"
"26325",31,22,"disamb","tt",85,"disamb tt",2,0,978,978,"Ambiguous","Mismatch"
"26327",31,4,"disamb","tt",85,"disamb tt",4,0,290,290,"Unambiguous","Mismatch"
"26329",31,24,"disamb","tt",85,"disamb tt",4,0,222,222,"Unambiguous","Mismatch"
"26331",31,6,"disamb","tt",85,"disamb tt",2,0,464,464,"Ambiguous","Mismatch"
"26333",31,20,"disamb","tt",85,"disamb tt",4,0,694,694,"Unambiguous","Mismatch"
"26335",31,2,"disamb","tt",85,"disamb tt",2,0,302,302,"Ambiguous","Mismatch"
"26337",31,9,"disamb","tt",85,"disamb tt",1,0,258,258,"Ambiguous","Match"
"26339",31,1,"disamb","tt",85,"disamb tt",1,0,1156,1156,"Ambiguous","Match"
"26341",31,12,"disamb","tt",85,"disamb tt",4,0,416,416,"Unambiguous","Mismatch"
"26343",31,5,"disamb","tt",85,"disamb tt",1,0,386,386,"Ambiguous","Match"
"26345",31,11,"disamb","tt",85,"disamb tt",3,0,198,198,"Unambiguous","Match"
"27164",32,19,"disamb","tt",59,"disamb tt",4,0,748,748,"Unambiguous","Mismatch"
"27166",32,6,"disamb","tt",59,"disamb tt",3,0,368,368,"Unambiguous","Match"
"27168",32,3,"disamb","tt",59,"disamb tt",4,0,338,338,"Unambiguous","Mismatch"
"27170",32,13,"disamb","tt",59,"disamb tt",2,0,862,862,"Ambiguous","Mismatch"
"27172",32,17,"disamb","tt",59,"disamb tt",2,0,1622,1622,"Ambiguous","Mismatch"
"27174",32,8,"disamb","tt",59,"disamb tt",1,0,1336,1336,"Ambiguous","Match"
"27176",32,9,"disamb","tt",59,"disamb tt",2,0,2952,2952,"Ambiguous","Mismatch"
"27178",32,12,"disamb","tt",59,"disamb tt",1,0,2096,2096,"Ambiguous","Match"
"27180",32,24,"disamb","tt",59,"disamb tt",1,0,1122,1122,"Ambiguous","Match"
"27182",32,7,"disamb","tt",59,"disamb tt",4,0,1108,1108,"Unambiguous","Mismatch"
"27184",32,16,"disamb","tt",59,"disamb tt",1,0,1210,1210,"Ambiguous","Match"
"27186",32,23,"disamb","tt",59,"disamb tt",4,0,506,506,"Unambiguous","Mismatch"
"27188",32,21,"disamb","tt",59,"disamb tt",2,0,1316,1316,"Ambiguous","Mismatch"
"27190",32,15,"disamb","tt",59,"disamb tt",4,0,278,278,"Unambiguous","Mismatch"
"27192",32,22,"disamb","tt",59,"disamb tt",3,0,1172,1172,"Unambiguous","Match"
"27194",32,4,"disamb","tt",59,"disamb tt",1,0,824,824,"Ambiguous","Match"
"27196",32,11,"disamb","tt",59,"disamb tt",4,0,370,370,"Unambiguous","Mismatch"
"27198",32,1,"disamb","tt",59,"disamb tt",2,0,512,512,"Ambiguous","Mismatch"
"27200",32,18,"disamb","tt",59,"disamb tt",3,0,280,280,"Unambiguous","Match"
"27202",32,20,"disamb","tt",59,"disamb tt",1,0,460,460,"Ambiguous","Match"
"27204",32,10,"disamb","tt",59,"disamb tt",3,0,692,692,"Unambiguous","Match"
"27206",32,2,"disamb","tt",59,"disamb tt",3,0,620,620,"Unambiguous","Match"
"27208",32,14,"disamb","tt",59,"disamb tt",3,0,748,748,"Unambiguous","Match"
"27210",32,5,"disamb","tt",59,"disamb tt",2,0,654,654,"Ambiguous","Mismatch"
"28027",33,5,"disamb","tt",71,"disamb tt",3,0,962,962,"Unambiguous","Match"
"28029",33,24,"disamb","tt",71,"disamb tt",2,0,552,552,"Ambiguous","Mismatch"
"28031",33,1,"disamb","tt",71,"disamb tt",3,0,1056,1056,"Unambiguous","Match"
"28033",33,2,"disamb","tt",71,"disamb tt",4,0,1736,1736,"Unambiguous","Mismatch"
"28035",33,12,"disamb","tt",71,"disamb tt",2,0,2096,2096,"Ambiguous","Mismatch"
"28037",33,15,"disamb","tt",71,"disamb tt",1,0,932,932,"Ambiguous","Match"
"28039",33,8,"disamb","tt",71,"disamb tt",2,0,678,678,"Ambiguous","Mismatch"
"28041",33,22,"disamb","tt",71,"disamb tt",4,0,670,670,"Unambiguous","Mismatch"
"28043",33,6,"disamb","tt",71,"disamb tt",4,0,1564,1564,"Unambiguous","Mismatch"
"28045",33,23,"disamb","tt",71,"disamb tt",1,0,626,626,"Ambiguous","Match"
"28047",33,9,"disamb","tt",71,"disamb tt",3,0,524,524,"Unambiguous","Match"
"28049",33,21,"disamb","tt",71,"disamb tt",3,0,534,534,"Unambiguous","Match"
"28051",33,4,"disamb","tt",71,"disamb tt",2,0,866,866,"Ambiguous","Mismatch"
"28053",33,16,"disamb","tt",71,"disamb tt",2,0,1478,1478,"Ambiguous","Mismatch"
"28055",33,18,"disamb","tt",71,"disamb tt",4,0,358,358,"Unambiguous","Mismatch"
"28057",33,19,"disamb","tt",71,"disamb tt",1,0,1190,1190,"Ambiguous","Match"
"28059",33,17,"disamb","tt",71,"disamb tt",3,0,776,776,"Unambiguous","Match"
"28061",33,14,"disamb","tt",71,"disamb tt",4,0,754,754,"Unambiguous","Mismatch"
"28063",33,10,"disamb","tt",71,"disamb tt",4,0,860,860,"Unambiguous","Mismatch"
"28065",33,11,"disamb","tt",71,"disamb tt",1,0,560,560,"Ambiguous","Match"
"28067",33,13,"disamb","tt",71,"disamb tt",3,0,1196,1196,"Unambiguous","Match"
"28069",33,20,"disamb","tt",71,"disamb tt",2,0,1130,1130,"Ambiguous","Mismatch"
"28071",33,7,"disamb","tt",71,"disamb tt",1,0,1290,1290,"Ambiguous","Match"
"28073",33,3,"disamb","tt",71,"disamb tt",1,0,770,770,"Ambiguous","Match"
"28892",34,11,"disamb","tt",74,"disamb tt",2,0,688,688,"Ambiguous","Mismatch"
"28894",34,8,"disamb","tt",74,"disamb tt",3,0,517,517,"Unambiguous","Match"
"28896",34,15,"disamb","tt",74,"disamb tt",2,0,741,741,"Ambiguous","Mismatch"
"28898",34,20,"disamb","tt",74,"disamb tt",3,0,205,205,"Unambiguous","Match"
"28900",34,12,"disamb","tt",74,"disamb tt",3,0,475,475,"Unambiguous","Match"
"28902",34,24,"disamb","tt",74,"disamb tt",3,0,159,159,"Unambiguous","Match"
"28904",34,2,"disamb","tt",74,"disamb tt",1,0,360,360,"Ambiguous","Match"
"28906",34,10,"disamb","tt",74,"disamb tt",1,0,601,601,"Ambiguous","Match"
"28908",34,4,"disamb","tt",74,"disamb tt",3,0,529,529,"Unambiguous","Match"
"28910",34,6,"disamb","tt",74,"disamb tt",1,0,1327,1327,"Ambiguous","Match"
"28912",34,22,"disamb","tt",74,"disamb tt",1,0,292,292,"Ambiguous","Match"
"28914",34,17,"disamb","tt",74,"disamb tt",4,0,165,165,"Unambiguous","Mismatch"
"28916",34,16,"disamb","tt",74,"disamb tt",3,0,299,299,"Unambiguous","Match"
"28918",34,14,"disamb","tt",74,"disamb tt",1,0,862,862,"Ambiguous","Match"
"28920",34,1,"disamb","tt",74,"disamb tt",4,1,0,NA,"Unambiguous","Mismatch"
"28922",34,21,"disamb","tt",74,"disamb tt",4,0,395,395,"Unambiguous","Mismatch"
"28924",34,19,"disamb","tt",74,"disamb tt",2,0,1479,1479,"Ambiguous","Mismatch"
"28926",34,23,"disamb","tt",74,"disamb tt",2,0,475,475,"Ambiguous","Mismatch"
"28928",34,3,"disamb","tt",74,"disamb tt",2,0,895,895,"Ambiguous","Mismatch"
"28930",34,18,"disamb","tt",74,"disamb tt",1,0,317,317,"Ambiguous","Match"
"28932",34,9,"disamb","tt",74,"disamb tt",4,0,453,453,"Unambiguous","Mismatch"
"28934",34,13,"disamb","tt",74,"disamb tt",4,0,735,735,"Unambiguous","Mismatch"
"28936",34,7,"disamb","tt",74,"disamb tt",2,0,587,587,"Ambiguous","Mismatch"
"28938",34,5,"disamb","tt",74,"disamb tt",4,0,755,755,"Unambiguous","Mismatch"
"29756",35,16,"disamb","tt",60,"disamb tt",3,0,362,362,"Unambiguous","Match"
"29758",35,9,"disamb","tt",60,"disamb tt",4,0,586,586,"Unambiguous","Mismatch"
"29760",35,11,"disamb","tt",60,"disamb tt",2,0,514,514,"Ambiguous","Mismatch"
"29762",35,17,"disamb","tt",60,"disamb tt",4,0,726,726,"Unambiguous","Mismatch"
"29764",35,3,"disamb","tt",60,"disamb tt",2,0,704,704,"Ambiguous","Mismatch"
"29766",35,13,"disamb","tt",60,"disamb tt",4,0,942,942,"Unambiguous","Mismatch"
"29768",35,10,"disamb","tt",60,"disamb tt",1,0,534,534,"Ambiguous","Match"
"29770",35,4,"disamb","tt",60,"disamb tt",3,0,696,696,"Unambiguous","Match"
"29772",35,20,"disamb","tt",60,"disamb tt",3,0,664,664,"Unambiguous","Match"
"29774",35,18,"disamb","tt",60,"disamb tt",1,0,280,280,"Ambiguous","Match"
"29776",35,2,"disamb","tt",60,"disamb tt",1,0,668,668,"Ambiguous","Match"
"29778",35,24,"disamb","tt",60,"disamb tt",3,0,532,532,"Unambiguous","Match"
"29780",35,21,"disamb","tt",60,"disamb tt",4,0,916,916,"Unambiguous","Mismatch"
"29782",35,1,"disamb","tt",60,"disamb tt",4,0,160,160,"Unambiguous","Mismatch"
"29784",35,7,"disamb","tt",60,"disamb tt",2,0,1114,1114,"Ambiguous","Mismatch"
"29786",35,5,"disamb","tt",60,"disamb tt",4,0,924,924,"Unambiguous","Mismatch"
"29788",35,19,"disamb","tt",60,"disamb tt",2,0,556,556,"Ambiguous","Mismatch"
"29790",35,15,"disamb","tt",60,"disamb tt",2,0,2080,2080,"Ambiguous","Mismatch"
"29792",35,22,"disamb","tt",60,"disamb tt",1,0,1694,1694,"Ambiguous","Match"
"29794",35,14,"disamb","tt",60,"disamb tt",1,0,764,764,"Ambiguous","Match"
"29796",35,23,"disamb","tt",60,"disamb tt",2,0,960,960,"Ambiguous","Mismatch"
"29798",35,12,"disamb","tt",60,"disamb tt",3,0,396,396,"Unambiguous","Match"
"29800",35,6,"disamb","tt",60,"disamb tt",1,0,408,408,"Ambiguous","Match"
"29802",35,8,"disamb","tt",60,"disamb tt",3,0,480,480,"Unambiguous","Match"
"30619",36,6,"disamb","tt",57,"disamb tt",2,0,2064,2064,"Ambiguous","Mismatch"
"30621",36,18,"disamb","tt",57,"disamb tt",2,0,507,507,"Ambiguous","Mismatch"
"30623",36,10,"disamb","tt",57,"disamb tt",2,0,919,919,"Ambiguous","Mismatch"
"30625",36,17,"disamb","tt",57,"disamb tt",1,0,243,243,"Ambiguous","Match"
"30627",36,12,"disamb","tt",57,"disamb tt",4,0,300,300,"Unambiguous","Mismatch"
"30629",36,23,"disamb","tt",57,"disamb tt",3,0,404,404,"Unambiguous","Match"
"30631",36,2,"disamb","tt",57,"disamb tt",2,0,265,265,"Ambiguous","Mismatch"
"30633",36,11,"disamb","tt",57,"disamb tt",3,0,322,322,"Unambiguous","Match"
"30635",36,5,"disamb","tt",57,"disamb tt",1,0,114,114,"Ambiguous","Match"
"30637",36,22,"disamb","tt",57,"disamb tt",2,0,623,623,"Ambiguous","Mismatch"
"30639",36,24,"disamb","tt",57,"disamb tt",4,0,713,713,"Unambiguous","Mismatch"
"30641",36,1,"disamb","tt",57,"disamb tt",1,0,537,537,"Ambiguous","Match"
"30643",36,19,"disamb","tt",57,"disamb tt",3,0,374,374,"Unambiguous","Match"
"30645",36,16,"disamb","tt",57,"disamb tt",4,0,189,189,"Unambiguous","Mismatch"
"30647",36,9,"disamb","tt",57,"disamb tt",1,0,905,905,"Ambiguous","Match"
"30649",36,21,"disamb","tt",57,"disamb tt",1,0,337,337,"Ambiguous","Match"
"30651",36,8,"disamb","tt",57,"disamb tt",4,0,216,216,"Unambiguous","Mismatch"
"30653",36,7,"disamb","tt",57,"disamb tt",3,0,376,376,"Unambiguous","Match"
"30655",36,3,"disamb","tt",57,"disamb tt",3,0,414,414,"Unambiguous","Match"
"30657",36,20,"disamb","tt",57,"disamb tt",4,0,181,181,"Unambiguous","Mismatch"
"30659",36,13,"disamb","tt",57,"disamb tt",1,0,231,231,"Ambiguous","Match"
"30661",36,14,"disamb","tt",57,"disamb tt",2,0,181,181,"Ambiguous","Mismatch"
"30663",36,4,"disamb","tt",57,"disamb tt",4,0,544,544,"Unambiguous","Mismatch"
"30665",36,15,"disamb","tt",57,"disamb tt",3,0,193,193,"Unambiguous","Match"
"31484",37,21,"disamb","tt",80,"disamb tt",2,0,552,552,"Ambiguous","Mismatch"
"31486",37,3,"disamb","tt",80,"disamb tt",4,0,1311,1311,"Unambiguous","Mismatch"
"31488",37,23,"disamb","tt",80,"disamb tt",4,0,505,505,"Unambiguous","Mismatch"
"31490",37,1,"disamb","tt",80,"disamb tt",2,0,650,650,"Ambiguous","Mismatch"
"31492",37,8,"disamb","tt",80,"disamb tt",1,0,1717,1717,"Ambiguous","Match"
"31494",37,20,"disamb","tt",80,"disamb tt",1,0,1493,1493,"Ambiguous","Match"
"31496",37,16,"disamb","tt",80,"disamb tt",1,0,559,559,"Ambiguous","Match"
"31498",37,14,"disamb","tt",80,"disamb tt",3,0,714,714,"Unambiguous","Match"
"31500",37,22,"disamb","tt",80,"disamb tt",3,0,623,623,"Unambiguous","Match"
"31502",37,11,"disamb","tt",80,"disamb tt",4,0,651,651,"Unambiguous","Mismatch"
"31504",37,2,"disamb","tt",80,"disamb tt",3,0,312,312,"Unambiguous","Match"
"31506",37,24,"disamb","tt",80,"disamb tt",1,0,1276,1276,"Ambiguous","Match"
"31508",37,9,"disamb","tt",80,"disamb tt",2,0,2055,2055,"Ambiguous","Mismatch"
"31510",37,17,"disamb","tt",80,"disamb tt",2,0,972,972,"Ambiguous","Mismatch"
"31512",37,18,"disamb","tt",80,"disamb tt",3,0,719,719,"Unambiguous","Match"
"31514",37,5,"disamb","tt",80,"disamb tt",2,0,661,661,"Ambiguous","Mismatch"
"31516",37,6,"disamb","tt",80,"disamb tt",3,0,1197,1197,"Unambiguous","Match"
"31518",37,13,"disamb","tt",80,"disamb tt",2,0,907,907,"Ambiguous","Mismatch"
"31520",37,12,"disamb","tt",80,"disamb tt",1,0,565,565,"Ambiguous","Match"
"31522",37,10,"disamb","tt",80,"disamb tt",3,0,416,416,"Unambiguous","Match"
"31524",37,7,"disamb","tt",80,"disamb tt",4,0,577,577,"Unambiguous","Mismatch"
"31526",37,19,"disamb","tt",80,"disamb tt",4,0,930,930,"Unambiguous","Mismatch"
"31528",37,4,"disamb","tt",80,"disamb tt",1,0,973,973,"Ambiguous","Match"
"31530",37,15,"disamb","tt",80,"disamb tt",4,0,561,561,"Unambiguous","Mismatch"
"32348",38,14,"disamb","tt",64,"disamb tt",4,0,1829,1829,"Unambiguous","Mismatch"
"32350",38,12,"disamb","tt",64,"disamb tt",2,0,2852,2852,"Ambiguous","Mismatch"
"32352",38,10,"disamb","tt",64,"disamb tt",4,0,230,230,"Unambiguous","Mismatch"
"32354",38,20,"disamb","tt",64,"disamb tt",2,0,2812,2812,"Ambiguous","Mismatch"
"32356",38,4,"disamb","tt",64,"disamb tt",2,0,2049,2049,"Ambiguous","Mismatch"
"32358",38,5,"disamb","tt",64,"disamb tt",3,0,676,676,"Unambiguous","Match"
"32360",38,16,"disamb","tt",64,"disamb tt",2,0,1296,1296,"Ambiguous","Mismatch"
"32362",38,18,"disamb","tt",64,"disamb tt",4,0,659,659,"Unambiguous","Mismatch"
"32364",38,17,"disamb","tt",64,"disamb tt",3,0,218,218,"Unambiguous","Match"
"32366",38,15,"disamb","tt",64,"disamb tt",1,0,735,735,"Ambiguous","Match"
"32368",38,3,"disamb","tt",64,"disamb tt",1,0,291,291,"Ambiguous","Match"
"32370",38,1,"disamb","tt",64,"disamb tt",3,0,357,357,"Unambiguous","Match"
"32372",38,23,"disamb","tt",64,"disamb tt",1,0,237,237,"Ambiguous","Match"
"32374",38,2,"disamb","tt",64,"disamb tt",4,0,474,474,"Unambiguous","Mismatch"
"32376",38,24,"disamb","tt",64,"disamb tt",2,0,1452,1452,"Ambiguous","Mismatch"
"32378",38,7,"disamb","tt",64,"disamb tt",1,0,996,996,"Ambiguous","Match"
"32380",38,13,"disamb","tt",64,"disamb tt",3,0,1000,1000,"Unambiguous","Match"
"32382",38,6,"disamb","tt",64,"disamb tt",4,1,0,NA,"Unambiguous","Mismatch"
"32384",38,19,"disamb","tt",64,"disamb tt",1,0,440,440,"Ambiguous","Match"
"32386",38,11,"disamb","tt",64,"disamb tt",1,0,191,191,"Ambiguous","Match"
"32388",38,9,"disamb","tt",64,"disamb tt",3,0,861,861,"Unambiguous","Match"
"32390",38,21,"disamb","tt",64,"disamb tt",3,0,285,285,"Unambiguous","Match"
"32392",38,22,"disamb","tt",64,"disamb tt",4,0,351,351,"Unambiguous","Mismatch"
"32394",38,8,"disamb","tt",64,"disamb tt",2,0,548,548,"Ambiguous","Mismatch"
"33211",39,15,"disamb","tt",75,"disamb tt",2,0,1332,1332,"Ambiguous","Mismatch"
"33213",39,7,"disamb","tt",75,"disamb tt",2,0,867,867,"Ambiguous","Mismatch"
"33215",39,1,"disamb","tt",75,"disamb tt",4,0,360,360,"Unambiguous","Mismatch"
"33217",39,3,"disamb","tt",75,"disamb tt",2,0,1158,1158,"Ambiguous","Mismatch"
"33219",39,6,"disamb","tt",75,"disamb tt",1,0,341,341,"Ambiguous","Match"
"33221",39,2,"disamb","tt",75,"disamb tt",1,0,1112,1112,"Ambiguous","Match"
"33223",39,20,"disamb","tt",75,"disamb tt",3,0,428,428,"Unambiguous","Match"
"33225",39,23,"disamb","tt",75,"disamb tt",2,0,704,704,"Ambiguous","Mismatch"
"33227",39,16,"disamb","tt",75,"disamb tt",3,0,503,503,"Unambiguous","Match"
"33229",39,13,"disamb","tt",75,"disamb tt",4,0,1328,1328,"Unambiguous","Mismatch"
"33231",39,24,"disamb","tt",75,"disamb tt",3,0,459,459,"Unambiguous","Match"
"33233",39,14,"disamb","tt",75,"disamb tt",1,0,524,524,"Ambiguous","Match"
"33235",39,22,"disamb","tt",75,"disamb tt",1,0,830,830,"Ambiguous","Match"
"33237",39,4,"disamb","tt",75,"disamb tt",3,0,263,263,"Unambiguous","Match"
"33239",39,17,"disamb","tt",75,"disamb tt",4,0,411,411,"Unambiguous","Mismatch"
"33241",39,5,"disamb","tt",75,"disamb tt",4,0,384,384,"Unambiguous","Mismatch"
"33243",39,11,"disamb","tt",75,"disamb tt",2,0,515,515,"Ambiguous","Mismatch"
"33245",39,18,"disamb","tt",75,"disamb tt",1,0,439,439,"Ambiguous","Match"
"33247",39,19,"disamb","tt",75,"disamb tt",2,0,124,124,"Ambiguous","Mismatch"
"33249",39,21,"disamb","tt",75,"disamb tt",4,0,110,110,"Unambiguous","Mismatch"
"33251",39,10,"disamb","tt",75,"disamb tt",1,0,777,777,"Ambiguous","Match"
"33253",39,9,"disamb","tt",75,"disamb tt",4,0,861,861,"Unambiguous","Mismatch"
"33255",39,8,"disamb","tt",75,"disamb tt",3,0,88,88,"Unambiguous","Match"
"33257",39,12,"disamb","tt",75,"disamb tt",3,0,422,422,"Unambiguous","Match"
"34076",40,13,"disamb","tt",83,"disamb tt",1,0,996,996,"Ambiguous","Match"
"34078",40,18,"disamb","tt",83,"disamb tt",2,0,1954,1954,"Ambiguous","Mismatch"
"34080",40,9,"disamb","tt",83,"disamb tt",1,0,618,618,"Ambiguous","Match"
"34082",40,1,"disamb","tt",83,"disamb tt",1,0,956,956,"Ambiguous","Match"
"34084",40,7,"disamb","tt",83,"disamb tt",3,0,365,365,"Unambiguous","Match"
"34086",40,5,"disamb","tt",83,"disamb tt",1,0,1274,1274,"Ambiguous","Match"
"34088",40,4,"disamb","tt",83,"disamb tt",4,0,692,692,"Unambiguous","Mismatch"
"34090",40,24,"disamb","tt",83,"disamb tt",4,0,532,532,"Unambiguous","Mismatch"
"34092",40,15,"disamb","tt",83,"disamb tt",3,0,487,487,"Unambiguous","Match"
"34094",40,19,"disamb","tt",83,"disamb tt",3,0,465,465,"Unambiguous","Match"
"34096",40,20,"disamb","tt",83,"disamb tt",4,0,324,324,"Unambiguous","Mismatch"
"34098",40,16,"disamb","tt",83,"disamb tt",4,0,765,765,"Unambiguous","Mismatch"
"34100",40,8,"disamb","tt",83,"disamb tt",4,0,695,695,"Unambiguous","Mismatch"
"34102",40,23,"disamb","tt",83,"disamb tt",3,0,1515,1515,"Unambiguous","Match"
"34104",40,10,"disamb","tt",83,"disamb tt",2,0,594,594,"Ambiguous","Mismatch"
"34106",40,21,"disamb","tt",83,"disamb tt",1,0,422,422,"Ambiguous","Match"
"34108",40,3,"disamb","tt",83,"disamb tt",3,0,810,810,"Unambiguous","Match"
"34110",40,17,"disamb","tt",83,"disamb tt",1,0,178,178,"Ambiguous","Match"
"34112",40,2,"disamb","tt",83,"disamb tt",2,0,1221,1221,"Ambiguous","Mismatch"
"34114",40,22,"disamb","tt",83,"disamb tt",2,0,524,524,"Ambiguous","Mismatch"
"34116",40,12,"disamb","tt",83,"disamb tt",4,0,286,286,"Unambiguous","Mismatch"
"34118",40,6,"disamb","tt",83,"disamb tt",2,0,542,542,"Ambiguous","Mismatch"
"34120",40,11,"disamb","tt",83,"disamb tt",3,0,617,617,"Unambiguous","Match"
"34122",40,14,"disamb","tt",83,"disamb tt",2,0,339,339,"Ambiguous","Mismatch"
