"","subject","item","region","measure","proficiency1","proficiency2","sort","condition","skips","rawdata","nozero","ambiguity","gender","trimmed_nozero"
"98",1,18,"reflexive","fp",71,"High","reflexive fp",2,0,251,251,"Ambiguous","Mismatch",251
"100",1,15,"reflexive","fp",71,"High","reflexive fp",3,0,191,191,"Unambiguous","Match",191
"102",1,1,"reflexive","fp",71,"High","reflexive fp",1,0,188,188,"Ambiguous","Match",188
"104",1,6,"reflexive","fp",71,"High","reflexive fp",2,0,165,165,"Ambiguous","Mismatch",165
"106",1,3,"reflexive","fp",71,"High","reflexive fp",3,0,188,188,"Unambiguous","Match",188
"108",1,14,"reflexive","fp",71,"High","reflexive fp",2,1,0,NA,"Ambiguous","Mismatch",NA
"110",1,4,"reflexive","fp",71,"High","reflexive fp",4,0,332,332,"Unambiguous","Mismatch",332
"112",1,17,"reflexive","fp",71,"High","reflexive fp",1,0,160,160,"Ambiguous","Match",160
"114",1,5,"reflexive","fp",71,"High","reflexive fp",1,0,178,178,"Ambiguous","Match",178
"116",1,13,"reflexive","fp",71,"High","reflexive fp",1,0,198,198,"Ambiguous","Match",198
"118",1,22,"reflexive","fp",71,"High","reflexive fp",2,0,224,224,"Ambiguous","Mismatch",224
"120",1,8,"reflexive","fp",71,"High","reflexive fp",4,0,168,168,"Unambiguous","Mismatch",168
"122",1,9,"reflexive","fp",71,"High","reflexive fp",1,0,151,151,"Ambiguous","Match",151
"124",1,19,"reflexive","fp",71,"High","reflexive fp",3,0,173,173,"Unambiguous","Match",173
"126",1,24,"reflexive","fp",71,"High","reflexive fp",4,0,181,181,"Unambiguous","Mismatch",181
"128",1,12,"reflexive","fp",71,"High","reflexive fp",4,0,369,369,"Unambiguous","Mismatch",369
"130",1,20,"reflexive","fp",71,"High","reflexive fp",4,1,0,NA,"Unambiguous","Mismatch",NA
"132",1,10,"reflexive","fp",71,"High","reflexive fp",2,0,270,270,"Ambiguous","Mismatch",270
"134",1,11,"reflexive","fp",71,"High","reflexive fp",3,0,466,466,"Unambiguous","Match",466
"136",1,16,"reflexive","fp",71,"High","reflexive fp",4,0,250,250,"Unambiguous","Mismatch",250
"138",1,7,"reflexive","fp",71,"High","reflexive fp",3,0,281,281,"Unambiguous","Match",281
"140",1,2,"reflexive","fp",71,"High","reflexive fp",2,0,159,159,"Ambiguous","Mismatch",159
"142",1,21,"reflexive","fp",71,"High","reflexive fp",1,0,183,183,"Ambiguous","Match",183
"144",1,23,"reflexive","fp",71,"High","reflexive fp",3,0,157,157,"Unambiguous","Match",157
"962",2,16,"reflexive","fp",71,"High","reflexive fp",1,0,359,359,"Ambiguous","Match",359
"964",2,4,"reflexive","fp",71,"High","reflexive fp",1,0,614,614,"Ambiguous","Match",614
"966",2,2,"reflexive","fp",71,"High","reflexive fp",3,0,231,231,"Unambiguous","Match",231
"968",2,13,"reflexive","fp",71,"High","reflexive fp",2,0,283,283,"Ambiguous","Mismatch",283
"970",2,19,"reflexive","fp",71,"High","reflexive fp",4,0,428,428,"Unambiguous","Mismatch",428
"972",2,12,"reflexive","fp",71,"High","reflexive fp",1,0,126,126,"Ambiguous","Match",126
"974",2,10,"reflexive","fp",71,"High","reflexive fp",3,0,178,178,"Unambiguous","Match",178
"976",2,3,"reflexive","fp",71,"High","reflexive fp",4,1,0,NA,"Unambiguous","Mismatch",NA
"978",2,9,"reflexive","fp",71,"High","reflexive fp",2,0,192,192,"Ambiguous","Mismatch",192
"980",2,21,"reflexive","fp",71,"High","reflexive fp",2,0,166,166,"Ambiguous","Mismatch",166
"982",2,15,"reflexive","fp",71,"High","reflexive fp",4,0,417,417,"Unambiguous","Mismatch",417
"984",2,18,"reflexive","fp",71,"High","reflexive fp",3,1,0,NA,"Unambiguous","Match",NA
"986",2,6,"reflexive","fp",71,"High","reflexive fp",3,1,0,NA,"Unambiguous","Match",NA
"988",2,5,"reflexive","fp",71,"High","reflexive fp",2,1,0,NA,"Ambiguous","Mismatch",NA
"990",2,14,"reflexive","fp",71,"High","reflexive fp",3,0,163,163,"Unambiguous","Match",163
"992",2,1,"reflexive","fp",71,"High","reflexive fp",2,0,162,162,"Ambiguous","Mismatch",162
"994",2,20,"reflexive","fp",71,"High","reflexive fp",1,1,0,NA,"Ambiguous","Match",NA
"996",2,11,"reflexive","fp",71,"High","reflexive fp",4,0,207,207,"Unambiguous","Mismatch",207
"998",2,7,"reflexive","fp",71,"High","reflexive fp",4,0,430,430,"Unambiguous","Mismatch",430
"1000",2,23,"reflexive","fp",71,"High","reflexive fp",4,0,364,364,"Unambiguous","Mismatch",364
"1002",2,8,"reflexive","fp",71,"High","reflexive fp",1,0,280,280,"Ambiguous","Match",280
"1004",2,17,"reflexive","fp",71,"High","reflexive fp",2,0,245,245,"Ambiguous","Mismatch",245
"1006",2,24,"reflexive","fp",71,"High","reflexive fp",1,1,0,NA,"Ambiguous","Match",NA
"1008",2,22,"reflexive","fp",71,"High","reflexive fp",3,1,0,NA,"Unambiguous","Match",NA
"1826",3,18,"reflexive","fp",74,"High","reflexive fp",4,0,424,424,"Unambiguous","Mismatch",424
"1828",3,7,"reflexive","fp",74,"High","reflexive fp",1,0,393,393,"Ambiguous","Match",393
"1830",3,16,"reflexive","fp",74,"High","reflexive fp",2,0,225,225,"Ambiguous","Mismatch",225
"1832",3,5,"reflexive","fp",74,"High","reflexive fp",3,0,236,236,"Unambiguous","Match",236
"1834",3,24,"reflexive","fp",74,"High","reflexive fp",2,0,199,199,"Ambiguous","Mismatch",199
"1836",3,4,"reflexive","fp",74,"High","reflexive fp",2,0,505,505,"Ambiguous","Mismatch",505
"1838",3,14,"reflexive","fp",74,"High","reflexive fp",4,0,255,255,"Unambiguous","Mismatch",255
"1840",3,1,"reflexive","fp",74,"High","reflexive fp",3,0,389,389,"Unambiguous","Match",389
"1842",3,9,"reflexive","fp",74,"High","reflexive fp",3,0,176,176,"Unambiguous","Match",176
"1844",3,22,"reflexive","fp",74,"High","reflexive fp",4,0,632,632,"Unambiguous","Mismatch",632
"1846",3,10,"reflexive","fp",74,"High","reflexive fp",4,0,346,346,"Unambiguous","Mismatch",346
"1848",3,6,"reflexive","fp",74,"High","reflexive fp",4,0,203,203,"Unambiguous","Mismatch",203
"1850",3,23,"reflexive","fp",74,"High","reflexive fp",1,0,244,244,"Ambiguous","Match",244
"1852",3,17,"reflexive","fp",74,"High","reflexive fp",3,0,265,265,"Unambiguous","Match",265
"1854",3,19,"reflexive","fp",74,"High","reflexive fp",1,0,148,148,"Ambiguous","Match",148
"1856",3,13,"reflexive","fp",74,"High","reflexive fp",3,0,227,227,"Unambiguous","Match",227
"1858",3,20,"reflexive","fp",74,"High","reflexive fp",2,0,193,193,"Ambiguous","Mismatch",193
"1860",3,11,"reflexive","fp",74,"High","reflexive fp",1,0,405,405,"Ambiguous","Match",405
"1862",3,2,"reflexive","fp",74,"High","reflexive fp",4,0,414,414,"Unambiguous","Mismatch",414
"1864",3,12,"reflexive","fp",74,"High","reflexive fp",2,0,272,272,"Ambiguous","Mismatch",272
"1866",3,21,"reflexive","fp",74,"High","reflexive fp",3,0,511,511,"Unambiguous","Match",511
"1868",3,15,"reflexive","fp",74,"High","reflexive fp",1,0,345,345,"Ambiguous","Match",345
"1870",3,8,"reflexive","fp",74,"High","reflexive fp",2,0,498,498,"Ambiguous","Mismatch",498
"1872",3,3,"reflexive","fp",74,"High","reflexive fp",1,0,390,390,"Ambiguous","Match",390
"2682",4,7,"reflexive","fp",72,"High","reflexive fp",2,0,669,669,"Ambiguous","Mismatch",669
"2684",4,8,"reflexive","fp",72,"High","reflexive fp",3,0,675,675,"Unambiguous","Match",675
"2686",4,11,"reflexive","fp",72,"High","reflexive fp",2,0,687,687,"Ambiguous","Mismatch",687
"2688",4,22,"reflexive","fp",72,"High","reflexive fp",1,1,0,NA,"Ambiguous","Match",NA
"2690",4,1,"reflexive","fp",72,"High","reflexive fp",4,0,134,134,"Unambiguous","Mismatch",134
"2692",4,20,"reflexive","fp",72,"High","reflexive fp",3,0,455,455,"Unambiguous","Match",455
"2694",4,23,"reflexive","fp",72,"High","reflexive fp",2,0,236,236,"Ambiguous","Mismatch",236
"2696",4,3,"reflexive","fp",72,"High","reflexive fp",2,0,270,270,"Ambiguous","Mismatch",270
"2699",4,19,"reflexive","fp",72,"High","reflexive fp",2,0,518,518,"Ambiguous","Mismatch",518
"2701",4,13,"reflexive","fp",72,"High","reflexive fp",4,0,236,236,"Unambiguous","Mismatch",236
"2703",4,9,"reflexive","fp",72,"High","reflexive fp",4,0,271,271,"Unambiguous","Mismatch",271
"2705",4,2,"reflexive","fp",72,"High","reflexive fp",1,0,489,489,"Ambiguous","Match",489
"2708",4,4,"reflexive","fp",72,"High","reflexive fp",3,0,554,554,"Unambiguous","Match",554
"2710",4,12,"reflexive","fp",72,"High","reflexive fp",3,0,232,232,"Unambiguous","Match",232
"2712",4,16,"reflexive","fp",72,"High","reflexive fp",3,0,244,244,"Unambiguous","Match",244
"2715",4,18,"reflexive","fp",72,"High","reflexive fp",1,0,489,489,"Ambiguous","Match",489
"2717",4,24,"reflexive","fp",72,"High","reflexive fp",3,0,256,256,"Unambiguous","Match",256
"2719",4,6,"reflexive","fp",72,"High","reflexive fp",1,0,523,523,"Ambiguous","Match",523
"2721",4,17,"reflexive","fp",72,"High","reflexive fp",4,0,242,242,"Unambiguous","Mismatch",242
"2724",4,14,"reflexive","fp",72,"High","reflexive fp",1,0,246,246,"Ambiguous","Match",246
"3481",5,13,"reflexive","fp",66,"High","reflexive fp",1,0,315,315,"Ambiguous","Match",315
"3483",5,4,"reflexive","fp",66,"High","reflexive fp",4,0,379,379,"Unambiguous","Mismatch",379
"3485",5,9,"reflexive","fp",66,"High","reflexive fp",1,0,302,302,"Ambiguous","Match",302
"3487",5,8,"reflexive","fp",66,"High","reflexive fp",4,0,401,401,"Unambiguous","Mismatch",401
"3489",5,7,"reflexive","fp",66,"High","reflexive fp",3,0,374,374,"Unambiguous","Match",374
"3491",5,16,"reflexive","fp",66,"High","reflexive fp",4,0,260,260,"Unambiguous","Mismatch",260
"3493",5,19,"reflexive","fp",66,"High","reflexive fp",3,0,294,294,"Unambiguous","Match",294
"3495",5,17,"reflexive","fp",66,"High","reflexive fp",1,0,285,285,"Ambiguous","Match",285
"3497",5,3,"reflexive","fp",66,"High","reflexive fp",3,0,304,304,"Unambiguous","Match",304
"3499",5,14,"reflexive","fp",66,"High","reflexive fp",2,0,329,329,"Ambiguous","Mismatch",329
"3501",5,1,"reflexive","fp",66,"High","reflexive fp",1,0,291,291,"Ambiguous","Match",291
"3503",5,15,"reflexive","fp",66,"High","reflexive fp",3,0,236,236,"Unambiguous","Match",236
"3505",5,22,"reflexive","fp",66,"High","reflexive fp",2,0,293,293,"Ambiguous","Mismatch",293
"3507",5,18,"reflexive","fp",66,"High","reflexive fp",2,0,275,275,"Ambiguous","Mismatch",275
"3509",5,5,"reflexive","fp",66,"High","reflexive fp",1,0,341,341,"Ambiguous","Match",341
"3511",5,2,"reflexive","fp",66,"High","reflexive fp",2,0,379,379,"Ambiguous","Mismatch",379
"3513",5,23,"reflexive","fp",66,"High","reflexive fp",3,0,300,300,"Unambiguous","Match",300
"3515",5,21,"reflexive","fp",66,"High","reflexive fp",1,0,377,377,"Ambiguous","Match",377
"3517",5,20,"reflexive","fp",66,"High","reflexive fp",4,0,377,377,"Unambiguous","Mismatch",377
"3519",5,10,"reflexive","fp",66,"High","reflexive fp",2,0,130,130,"Ambiguous","Mismatch",130
"3521",5,12,"reflexive","fp",66,"High","reflexive fp",4,0,309,309,"Unambiguous","Mismatch",309
"3523",5,11,"reflexive","fp",66,"High","reflexive fp",3,0,357,357,"Unambiguous","Match",357
"3525",5,24,"reflexive","fp",66,"High","reflexive fp",4,0,361,361,"Unambiguous","Mismatch",361
"3527",5,6,"reflexive","fp",66,"High","reflexive fp",2,0,442,442,"Ambiguous","Mismatch",442
"4343",6,12,"reflexive","fp",89,"High","reflexive fp",1,0,548,548,"Ambiguous","Match",548
"4345",6,16,"reflexive","fp",89,"High","reflexive fp",1,0,186,186,"Ambiguous","Match",186
"4347",6,13,"reflexive","fp",89,"High","reflexive fp",2,0,270,270,"Ambiguous","Mismatch",270
"4349",6,7,"reflexive","fp",89,"High","reflexive fp",4,0,272,272,"Unambiguous","Mismatch",272
"4351",6,18,"reflexive","fp",89,"High","reflexive fp",3,0,284,284,"Unambiguous","Match",284
"4353",6,21,"reflexive","fp",89,"High","reflexive fp",2,1,0,NA,"Ambiguous","Mismatch",NA
"4355",6,14,"reflexive","fp",89,"High","reflexive fp",3,0,510,510,"Unambiguous","Match",510
"4357",6,4,"reflexive","fp",89,"High","reflexive fp",1,0,334,334,"Ambiguous","Match",334
"4359",6,5,"reflexive","fp",89,"High","reflexive fp",2,0,420,420,"Ambiguous","Mismatch",420
"4361",6,10,"reflexive","fp",89,"High","reflexive fp",3,0,240,240,"Unambiguous","Match",240
"4363",6,3,"reflexive","fp",89,"High","reflexive fp",4,0,252,252,"Unambiguous","Mismatch",252
"4365",6,11,"reflexive","fp",89,"High","reflexive fp",4,0,424,424,"Unambiguous","Mismatch",424
"4367",6,24,"reflexive","fp",89,"High","reflexive fp",1,0,310,310,"Ambiguous","Match",310
"4369",6,17,"reflexive","fp",89,"High","reflexive fp",2,0,438,438,"Ambiguous","Mismatch",438
"4371",6,2,"reflexive","fp",89,"High","reflexive fp",3,0,134,134,"Unambiguous","Match",134
"4373",6,9,"reflexive","fp",89,"High","reflexive fp",2,0,216,216,"Ambiguous","Mismatch",216
"4375",6,15,"reflexive","fp",89,"High","reflexive fp",4,0,182,182,"Unambiguous","Mismatch",182
"4377",6,19,"reflexive","fp",89,"High","reflexive fp",4,0,206,206,"Unambiguous","Mismatch",206
"4380",6,1,"reflexive","fp",89,"High","reflexive fp",2,1,0,NA,"Ambiguous","Mismatch",NA
"4382",6,8,"reflexive","fp",89,"High","reflexive fp",1,0,380,380,"Ambiguous","Match",380
"4384",6,20,"reflexive","fp",89,"High","reflexive fp",1,0,164,164,"Ambiguous","Match",164
"4386",6,23,"reflexive","fp",89,"High","reflexive fp",4,0,166,166,"Unambiguous","Mismatch",166
"4388",6,6,"reflexive","fp",89,"High","reflexive fp",3,0,160,160,"Unambiguous","Match",160
"5192",7,20,"reflexive","fp",77,"High","reflexive fp",2,0,124,124,"Ambiguous","Mismatch",124
"5194",7,4,"reflexive","fp",77,"High","reflexive fp",2,0,210,210,"Ambiguous","Mismatch",210
"5196",7,14,"reflexive","fp",77,"High","reflexive fp",4,0,252,252,"Unambiguous","Mismatch",252
"5198",7,24,"reflexive","fp",77,"High","reflexive fp",2,0,246,246,"Ambiguous","Mismatch",246
"5200",7,8,"reflexive","fp",77,"High","reflexive fp",2,0,163,163,"Ambiguous","Mismatch",163
"5202",7,21,"reflexive","fp",77,"High","reflexive fp",3,1,0,NA,"Unambiguous","Match",NA
"5204",7,18,"reflexive","fp",77,"High","reflexive fp",4,0,210,210,"Unambiguous","Mismatch",210
"5206",7,5,"reflexive","fp",77,"High","reflexive fp",3,0,182,182,"Unambiguous","Match",182
"5208",7,1,"reflexive","fp",77,"High","reflexive fp",3,0,134,134,"Unambiguous","Match",134
"5210",7,19,"reflexive","fp",77,"High","reflexive fp",1,0,182,182,"Ambiguous","Match",182
"5212",7,16,"reflexive","fp",77,"High","reflexive fp",2,0,726,726,"Ambiguous","Mismatch",NA
"5214",7,15,"reflexive","fp",77,"High","reflexive fp",1,0,130,130,"Ambiguous","Match",130
"5216",7,23,"reflexive","fp",77,"High","reflexive fp",1,0,171,171,"Ambiguous","Match",171
"5218",7,10,"reflexive","fp",77,"High","reflexive fp",4,0,233,233,"Unambiguous","Mismatch",233
"5220",7,9,"reflexive","fp",77,"High","reflexive fp",3,0,144,144,"Unambiguous","Match",144
"5222",7,6,"reflexive","fp",77,"High","reflexive fp",4,0,180,180,"Unambiguous","Mismatch",180
"5224",7,2,"reflexive","fp",77,"High","reflexive fp",4,0,139,139,"Unambiguous","Mismatch",139
"5226",7,7,"reflexive","fp",77,"High","reflexive fp",1,1,0,NA,"Ambiguous","Match",NA
"5228",7,13,"reflexive","fp",77,"High","reflexive fp",3,0,175,175,"Unambiguous","Match",175
"5230",7,12,"reflexive","fp",77,"High","reflexive fp",2,0,238,238,"Ambiguous","Mismatch",238
"5232",7,11,"reflexive","fp",77,"High","reflexive fp",1,0,192,192,"Ambiguous","Match",192
"5234",7,3,"reflexive","fp",77,"High","reflexive fp",1,0,106,106,"Ambiguous","Match",106
"5236",7,17,"reflexive","fp",77,"High","reflexive fp",3,0,214,214,"Unambiguous","Match",214
"5238",7,22,"reflexive","fp",77,"High","reflexive fp",4,0,110,110,"Unambiguous","Mismatch",110
"6056",8,1,"reflexive","fp",70,"High","reflexive fp",4,0,350,350,"Unambiguous","Mismatch",350
"6058",8,10,"reflexive","fp",70,"High","reflexive fp",1,0,290,290,"Ambiguous","Match",290
"6060",8,21,"reflexive","fp",70,"High","reflexive fp",4,0,350,350,"Unambiguous","Mismatch",350
"6062",8,16,"reflexive","fp",70,"High","reflexive fp",3,0,292,292,"Unambiguous","Match",292
"6064",8,9,"reflexive","fp",70,"High","reflexive fp",4,0,240,240,"Unambiguous","Mismatch",240
"6066",8,13,"reflexive","fp",70,"High","reflexive fp",4,0,254,254,"Unambiguous","Mismatch",254
"6068",8,4,"reflexive","fp",70,"High","reflexive fp",3,0,242,242,"Unambiguous","Match",242
"6070",8,17,"reflexive","fp",70,"High","reflexive fp",4,0,188,188,"Unambiguous","Mismatch",188
"6072",8,14,"reflexive","fp",70,"High","reflexive fp",1,0,268,268,"Ambiguous","Match",268
"6074",8,12,"reflexive","fp",70,"High","reflexive fp",3,0,238,238,"Unambiguous","Match",238
"6076",8,15,"reflexive","fp",70,"High","reflexive fp",2,0,328,328,"Ambiguous","Mismatch",328
"6078",8,8,"reflexive","fp",70,"High","reflexive fp",3,0,172,172,"Unambiguous","Match",172
"6080",8,6,"reflexive","fp",70,"High","reflexive fp",1,0,234,234,"Ambiguous","Match",234
"6082",8,20,"reflexive","fp",70,"High","reflexive fp",3,0,272,272,"Unambiguous","Match",272
"6084",8,2,"reflexive","fp",70,"High","reflexive fp",1,0,214,214,"Ambiguous","Match",214
"6086",8,11,"reflexive","fp",70,"High","reflexive fp",2,0,354,354,"Ambiguous","Mismatch",354
"6088",8,7,"reflexive","fp",70,"High","reflexive fp",2,0,168,168,"Ambiguous","Mismatch",168
"6090",8,24,"reflexive","fp",70,"High","reflexive fp",3,0,238,238,"Unambiguous","Match",238
"6092",8,5,"reflexive","fp",70,"High","reflexive fp",4,0,266,266,"Unambiguous","Mismatch",266
"6094",8,18,"reflexive","fp",70,"High","reflexive fp",1,0,196,196,"Ambiguous","Match",196
"6096",8,23,"reflexive","fp",70,"High","reflexive fp",2,0,186,186,"Ambiguous","Mismatch",186
"6098",8,19,"reflexive","fp",70,"High","reflexive fp",2,0,458,458,"Ambiguous","Mismatch",458
"6100",8,22,"reflexive","fp",70,"High","reflexive fp",1,0,228,228,"Ambiguous","Match",228
"6102",8,3,"reflexive","fp",70,"High","reflexive fp",2,0,266,266,"Ambiguous","Mismatch",266
"6920",9,16,"reflexive","fp",70,"High","reflexive fp",4,0,214,214,"Unambiguous","Mismatch",214
"6922",9,21,"reflexive","fp",70,"High","reflexive fp",1,0,228,228,"Ambiguous","Match",228
"6924",9,5,"reflexive","fp",70,"High","reflexive fp",1,0,370,370,"Ambiguous","Match",370
"6926",9,11,"reflexive","fp",70,"High","reflexive fp",3,0,224,224,"Unambiguous","Match",224
"6928",9,14,"reflexive","fp",70,"High","reflexive fp",2,0,312,312,"Ambiguous","Mismatch",312
"6930",9,3,"reflexive","fp",70,"High","reflexive fp",3,0,238,238,"Unambiguous","Match",238
"6932",9,2,"reflexive","fp",70,"High","reflexive fp",2,0,220,220,"Ambiguous","Mismatch",220
"6934",9,10,"reflexive","fp",70,"High","reflexive fp",2,0,186,186,"Ambiguous","Mismatch",186
"6936",9,24,"reflexive","fp",70,"High","reflexive fp",4,0,252,252,"Unambiguous","Mismatch",252
"6938",9,7,"reflexive","fp",70,"High","reflexive fp",3,0,416,416,"Unambiguous","Match",416
"6940",9,20,"reflexive","fp",70,"High","reflexive fp",4,0,264,264,"Unambiguous","Mismatch",264
"6942",9,19,"reflexive","fp",70,"High","reflexive fp",3,0,356,356,"Unambiguous","Match",356
"6944",9,15,"reflexive","fp",70,"High","reflexive fp",3,0,260,260,"Unambiguous","Match",260
"6946",9,1,"reflexive","fp",70,"High","reflexive fp",1,0,292,292,"Ambiguous","Match",292
"6948",9,18,"reflexive","fp",70,"High","reflexive fp",2,0,234,234,"Ambiguous","Mismatch",234
"6950",9,17,"reflexive","fp",70,"High","reflexive fp",1,0,250,250,"Ambiguous","Match",250
"6952",9,23,"reflexive","fp",70,"High","reflexive fp",3,0,430,430,"Unambiguous","Match",430
"6954",9,9,"reflexive","fp",70,"High","reflexive fp",1,0,440,440,"Ambiguous","Match",440
"6956",9,13,"reflexive","fp",70,"High","reflexive fp",1,0,234,234,"Ambiguous","Match",234
"6958",9,4,"reflexive","fp",70,"High","reflexive fp",4,0,114,114,"Unambiguous","Mismatch",114
"6960",9,22,"reflexive","fp",70,"High","reflexive fp",2,0,158,158,"Ambiguous","Mismatch",158
"6962",9,8,"reflexive","fp",70,"High","reflexive fp",4,0,326,326,"Unambiguous","Mismatch",326
"6964",9,12,"reflexive","fp",70,"High","reflexive fp",4,0,186,186,"Unambiguous","Mismatch",186
"6966",9,6,"reflexive","fp",70,"High","reflexive fp",2,0,466,466,"Ambiguous","Mismatch",466
"7783",10,23,"reflexive","fp",63,"High","reflexive fp",4,0,218,218,"Unambiguous","Mismatch",218
"7785",10,18,"reflexive","fp",63,"High","reflexive fp",3,0,202,202,"Unambiguous","Match",202
"7787",10,19,"reflexive","fp",63,"High","reflexive fp",4,0,198,198,"Unambiguous","Mismatch",198
"7789",10,16,"reflexive","fp",63,"High","reflexive fp",1,0,214,214,"Ambiguous","Match",214
"7791",10,17,"reflexive","fp",63,"High","reflexive fp",2,0,264,264,"Ambiguous","Mismatch",264
"7793",10,1,"reflexive","fp",63,"High","reflexive fp",2,0,356,356,"Ambiguous","Mismatch",356
"7795",10,22,"reflexive","fp",63,"High","reflexive fp",3,0,234,234,"Unambiguous","Match",234
"7797",10,20,"reflexive","fp",63,"High","reflexive fp",1,0,258,258,"Ambiguous","Match",258
"7799",10,14,"reflexive","fp",63,"High","reflexive fp",3,0,150,150,"Unambiguous","Match",150
"7801",10,11,"reflexive","fp",63,"High","reflexive fp",4,0,466,466,"Unambiguous","Mismatch",466
"7803",10,15,"reflexive","fp",63,"High","reflexive fp",4,0,244,244,"Unambiguous","Mismatch",244
"7805",10,7,"reflexive","fp",63,"High","reflexive fp",4,0,214,214,"Unambiguous","Mismatch",214
"7807",10,13,"reflexive","fp",63,"High","reflexive fp",2,0,200,200,"Ambiguous","Mismatch",200
"7809",10,24,"reflexive","fp",63,"High","reflexive fp",1,0,132,132,"Ambiguous","Match",132
"7811",10,8,"reflexive","fp",63,"High","reflexive fp",1,0,238,238,"Ambiguous","Match",238
"7813",10,3,"reflexive","fp",63,"High","reflexive fp",4,0,240,240,"Unambiguous","Mismatch",240
"7815",10,6,"reflexive","fp",63,"High","reflexive fp",3,0,218,218,"Unambiguous","Match",218
"7817",10,4,"reflexive","fp",63,"High","reflexive fp",1,0,214,214,"Ambiguous","Match",214
"7819",10,5,"reflexive","fp",63,"High","reflexive fp",2,0,224,224,"Ambiguous","Mismatch",224
"7821",10,21,"reflexive","fp",63,"High","reflexive fp",2,0,214,214,"Ambiguous","Mismatch",214
"7823",10,9,"reflexive","fp",63,"High","reflexive fp",2,1,0,NA,"Ambiguous","Mismatch",NA
"7825",10,2,"reflexive","fp",63,"High","reflexive fp",3,0,164,164,"Unambiguous","Match",164
"7827",10,12,"reflexive","fp",63,"High","reflexive fp",1,0,226,226,"Ambiguous","Match",226
"7829",10,10,"reflexive","fp",63,"High","reflexive fp",3,0,116,116,"Unambiguous","Match",116
"8647",11,3,"reflexive","fp",75,"High","reflexive fp",1,0,248,248,"Ambiguous","Match",248
"8649",11,18,"reflexive","fp",75,"High","reflexive fp",4,0,202,202,"Unambiguous","Mismatch",202
"8651",11,24,"reflexive","fp",75,"High","reflexive fp",2,0,260,260,"Ambiguous","Mismatch",260
"8653",11,15,"reflexive","fp",75,"High","reflexive fp",1,0,1280,1280,"Ambiguous","Match",NA
"8655",11,9,"reflexive","fp",75,"High","reflexive fp",3,0,324,324,"Unambiguous","Match",324
"8657",11,10,"reflexive","fp",75,"High","reflexive fp",4,0,210,210,"Unambiguous","Mismatch",210
"8659",11,2,"reflexive","fp",75,"High","reflexive fp",4,0,386,386,"Unambiguous","Mismatch",386
"8661",11,19,"reflexive","fp",75,"High","reflexive fp",1,0,186,186,"Ambiguous","Match",186
"8663",11,12,"reflexive","fp",75,"High","reflexive fp",2,0,254,254,"Ambiguous","Mismatch",254
"8665",11,16,"reflexive","fp",75,"High","reflexive fp",2,0,354,354,"Ambiguous","Mismatch",354
"8667",11,22,"reflexive","fp",75,"High","reflexive fp",4,0,274,274,"Unambiguous","Mismatch",274
"8669",11,21,"reflexive","fp",75,"High","reflexive fp",3,0,226,226,"Unambiguous","Match",226
"8671",11,1,"reflexive","fp",75,"High","reflexive fp",3,0,216,216,"Unambiguous","Match",216
"8673",11,20,"reflexive","fp",75,"High","reflexive fp",2,0,240,240,"Ambiguous","Mismatch",240
"8675",11,14,"reflexive","fp",75,"High","reflexive fp",4,0,530,530,"Unambiguous","Mismatch",530
"8677",11,17,"reflexive","fp",75,"High","reflexive fp",3,0,416,416,"Unambiguous","Match",416
"8679",11,4,"reflexive","fp",75,"High","reflexive fp",2,0,306,306,"Ambiguous","Mismatch",306
"8681",11,11,"reflexive","fp",75,"High","reflexive fp",1,0,304,304,"Ambiguous","Match",304
"8683",11,6,"reflexive","fp",75,"High","reflexive fp",4,0,330,330,"Unambiguous","Mismatch",330
"8685",11,8,"reflexive","fp",75,"High","reflexive fp",2,0,218,218,"Ambiguous","Mismatch",218
"8687",11,23,"reflexive","fp",75,"High","reflexive fp",1,0,350,350,"Ambiguous","Match",350
"8689",11,5,"reflexive","fp",75,"High","reflexive fp",3,0,270,270,"Unambiguous","Match",270
"8691",11,7,"reflexive","fp",75,"High","reflexive fp",1,0,108,108,"Ambiguous","Match",108
"8693",11,13,"reflexive","fp",75,"High","reflexive fp",3,0,244,244,"Unambiguous","Match",244
"9511",12,14,"reflexive","fp",63,"High","reflexive fp",3,0,213,213,"Unambiguous","Match",213
"9513",12,7,"reflexive","fp",63,"High","reflexive fp",4,0,181,181,"Unambiguous","Mismatch",181
"9515",12,11,"reflexive","fp",63,"High","reflexive fp",4,0,141,141,"Unambiguous","Mismatch",141
"9517",12,19,"reflexive","fp",63,"High","reflexive fp",4,0,156,156,"Unambiguous","Mismatch",156
"9519",12,24,"reflexive","fp",63,"High","reflexive fp",1,0,220,220,"Ambiguous","Match",220
"9521",12,18,"reflexive","fp",63,"High","reflexive fp",3,0,131,131,"Unambiguous","Match",131
"9523",12,15,"reflexive","fp",63,"High","reflexive fp",4,0,186,186,"Unambiguous","Mismatch",186
"9525",12,20,"reflexive","fp",63,"High","reflexive fp",1,1,0,NA,"Ambiguous","Match",NA
"9527",12,22,"reflexive","fp",63,"High","reflexive fp",3,0,224,224,"Unambiguous","Match",224
"9529",12,23,"reflexive","fp",63,"High","reflexive fp",4,0,174,174,"Unambiguous","Mismatch",174
"9531",12,2,"reflexive","fp",63,"High","reflexive fp",3,0,164,164,"Unambiguous","Match",164
"9533",12,6,"reflexive","fp",63,"High","reflexive fp",3,1,0,NA,"Unambiguous","Match",NA
"9535",12,3,"reflexive","fp",63,"High","reflexive fp",4,1,0,NA,"Unambiguous","Mismatch",NA
"9537",12,4,"reflexive","fp",63,"High","reflexive fp",1,0,158,158,"Ambiguous","Match",158
"9539",12,9,"reflexive","fp",63,"High","reflexive fp",2,0,150,150,"Ambiguous","Mismatch",150
"9541",12,1,"reflexive","fp",63,"High","reflexive fp",2,0,513,513,"Ambiguous","Mismatch",513
"9543",12,13,"reflexive","fp",63,"High","reflexive fp",2,0,276,276,"Ambiguous","Mismatch",276
"9545",12,16,"reflexive","fp",63,"High","reflexive fp",1,1,0,NA,"Ambiguous","Match",NA
"9547",12,8,"reflexive","fp",63,"High","reflexive fp",1,0,191,191,"Ambiguous","Match",191
"9549",12,5,"reflexive","fp",63,"High","reflexive fp",2,0,202,202,"Ambiguous","Mismatch",202
"9551",12,21,"reflexive","fp",63,"High","reflexive fp",2,0,409,409,"Ambiguous","Mismatch",409
"9553",12,10,"reflexive","fp",63,"High","reflexive fp",3,1,0,NA,"Unambiguous","Match",NA
"9555",12,17,"reflexive","fp",63,"High","reflexive fp",2,0,148,148,"Ambiguous","Mismatch",148
"9557",12,12,"reflexive","fp",63,"High","reflexive fp",1,0,316,316,"Ambiguous","Match",316
"10376",13,7,"reflexive","fp",70,"High","reflexive fp",2,0,212,212,"Ambiguous","Mismatch",212
"10378",13,3,"reflexive","fp",70,"High","reflexive fp",2,0,362,362,"Ambiguous","Mismatch",362
"10380",13,20,"reflexive","fp",70,"High","reflexive fp",3,0,392,392,"Unambiguous","Match",392
"10382",13,23,"reflexive","fp",70,"High","reflexive fp",2,0,324,324,"Ambiguous","Mismatch",324
"10384",13,2,"reflexive","fp",70,"High","reflexive fp",1,0,152,152,"Ambiguous","Match",152
"10386",13,13,"reflexive","fp",70,"High","reflexive fp",4,0,502,502,"Unambiguous","Mismatch",502
"10388",13,24,"reflexive","fp",70,"High","reflexive fp",3,0,412,412,"Unambiguous","Match",412
"10390",13,11,"reflexive","fp",70,"High","reflexive fp",2,0,468,468,"Ambiguous","Mismatch",468
"10392",13,14,"reflexive","fp",70,"High","reflexive fp",1,0,508,508,"Ambiguous","Match",508
"10394",13,8,"reflexive","fp",70,"High","reflexive fp",3,0,188,188,"Unambiguous","Match",188
"10396",13,15,"reflexive","fp",70,"High","reflexive fp",2,0,312,312,"Ambiguous","Mismatch",312
"10398",13,4,"reflexive","fp",70,"High","reflexive fp",3,0,486,486,"Unambiguous","Match",486
"10400",13,1,"reflexive","fp",70,"High","reflexive fp",4,0,340,340,"Unambiguous","Mismatch",340
"10402",13,12,"reflexive","fp",70,"High","reflexive fp",3,0,122,122,"Unambiguous","Match",122
"10404",13,10,"reflexive","fp",70,"High","reflexive fp",1,0,266,266,"Ambiguous","Match",266
"10406",13,9,"reflexive","fp",70,"High","reflexive fp",4,0,302,302,"Unambiguous","Mismatch",302
"10408",13,17,"reflexive","fp",70,"High","reflexive fp",4,0,320,320,"Unambiguous","Mismatch",320
"10410",13,22,"reflexive","fp",70,"High","reflexive fp",1,0,250,250,"Ambiguous","Match",250
"10412",13,21,"reflexive","fp",70,"High","reflexive fp",4,0,334,334,"Unambiguous","Mismatch",334
"10414",13,6,"reflexive","fp",70,"High","reflexive fp",1,0,242,242,"Ambiguous","Match",242
"10416",13,5,"reflexive","fp",70,"High","reflexive fp",4,0,354,354,"Unambiguous","Mismatch",354
"10418",13,19,"reflexive","fp",70,"High","reflexive fp",2,0,306,306,"Ambiguous","Mismatch",306
"10420",13,16,"reflexive","fp",70,"High","reflexive fp",3,0,314,314,"Unambiguous","Match",314
"10422",13,18,"reflexive","fp",70,"High","reflexive fp",1,0,242,242,"Ambiguous","Match",242
"11239",14,12,"reflexive","fp",72,"High","reflexive fp",4,0,332,332,"Unambiguous","Mismatch",332
"11241",14,23,"reflexive","fp",72,"High","reflexive fp",3,1,0,NA,"Unambiguous","Match",NA
"11243",14,22,"reflexive","fp",72,"High","reflexive fp",2,0,190,190,"Ambiguous","Mismatch",190
"11245",14,20,"reflexive","fp",72,"High","reflexive fp",4,0,184,184,"Unambiguous","Mismatch",184
"11247",14,10,"reflexive","fp",72,"High","reflexive fp",2,0,142,142,"Ambiguous","Mismatch",142
"11249",14,15,"reflexive","fp",72,"High","reflexive fp",3,1,0,NA,"Unambiguous","Match",NA
"11251",14,6,"reflexive","fp",72,"High","reflexive fp",2,1,0,NA,"Ambiguous","Mismatch",NA
"11253",14,4,"reflexive","fp",72,"High","reflexive fp",4,0,154,154,"Unambiguous","Mismatch",154
"11255",14,18,"reflexive","fp",72,"High","reflexive fp",2,1,0,NA,"Ambiguous","Mismatch",NA
"11257",14,7,"reflexive","fp",72,"High","reflexive fp",3,0,142,142,"Unambiguous","Match",142
"11259",14,24,"reflexive","fp",72,"High","reflexive fp",4,0,280,280,"Unambiguous","Mismatch",280
"11261",14,16,"reflexive","fp",72,"High","reflexive fp",4,0,138,138,"Unambiguous","Mismatch",138
"11263",14,3,"reflexive","fp",72,"High","reflexive fp",3,1,0,NA,"Unambiguous","Match",NA
"11265",14,2,"reflexive","fp",72,"High","reflexive fp",2,1,0,NA,"Ambiguous","Mismatch",NA
"11267",14,21,"reflexive","fp",72,"High","reflexive fp",1,1,0,NA,"Ambiguous","Match",NA
"11269",14,13,"reflexive","fp",72,"High","reflexive fp",1,0,152,152,"Ambiguous","Match",152
"11271",14,9,"reflexive","fp",72,"High","reflexive fp",1,0,290,290,"Ambiguous","Match",290
"11273",14,17,"reflexive","fp",72,"High","reflexive fp",1,0,162,162,"Ambiguous","Match",162
"11275",14,19,"reflexive","fp",72,"High","reflexive fp",3,0,180,180,"Unambiguous","Match",180
"11277",14,11,"reflexive","fp",72,"High","reflexive fp",3,1,0,NA,"Unambiguous","Match",NA
"11279",14,1,"reflexive","fp",72,"High","reflexive fp",1,1,0,NA,"Ambiguous","Match",NA
"11281",14,5,"reflexive","fp",72,"High","reflexive fp",1,0,180,180,"Ambiguous","Match",180
"11283",14,14,"reflexive","fp",72,"High","reflexive fp",2,0,182,182,"Ambiguous","Mismatch",182
"11285",14,8,"reflexive","fp",72,"High","reflexive fp",4,0,198,198,"Unambiguous","Mismatch",198
"12095",15,7,"reflexive","fp",73,"High","reflexive fp",4,0,358,358,"Unambiguous","Mismatch",358
"12097",15,16,"reflexive","fp",73,"High","reflexive fp",1,0,234,234,"Ambiguous","Match",234
"12099",15,14,"reflexive","fp",73,"High","reflexive fp",3,0,262,262,"Unambiguous","Match",262
"12101",15,3,"reflexive","fp",73,"High","reflexive fp",4,0,272,272,"Unambiguous","Mismatch",272
"12103",15,19,"reflexive","fp",73,"High","reflexive fp",4,0,298,298,"Unambiguous","Mismatch",298
"12106",15,11,"reflexive","fp",73,"High","reflexive fp",4,0,452,452,"Unambiguous","Mismatch",452
"12108",15,20,"reflexive","fp",73,"High","reflexive fp",1,0,270,270,"Ambiguous","Match",270
"12110",15,8,"reflexive","fp",73,"High","reflexive fp",1,0,176,176,"Ambiguous","Match",176
"12112",15,17,"reflexive","fp",73,"High","reflexive fp",2,0,294,294,"Ambiguous","Mismatch",294
"12114",15,13,"reflexive","fp",73,"High","reflexive fp",2,0,290,290,"Ambiguous","Mismatch",290
"12116",15,22,"reflexive","fp",73,"High","reflexive fp",3,0,416,416,"Unambiguous","Match",416
"12118",15,18,"reflexive","fp",73,"High","reflexive fp",3,0,300,300,"Unambiguous","Match",300
"12120",15,6,"reflexive","fp",73,"High","reflexive fp",3,0,266,266,"Unambiguous","Match",266
"12122",15,4,"reflexive","fp",73,"High","reflexive fp",1,0,570,570,"Ambiguous","Match",570
"12125",15,12,"reflexive","fp",73,"High","reflexive fp",1,0,308,308,"Ambiguous","Match",308
"12128",15,1,"reflexive","fp",73,"High","reflexive fp",2,0,286,286,"Ambiguous","Mismatch",286
"12130",15,23,"reflexive","fp",73,"High","reflexive fp",4,0,250,250,"Unambiguous","Mismatch",250
"12132",15,2,"reflexive","fp",73,"High","reflexive fp",3,0,300,300,"Unambiguous","Match",300
"12134",15,24,"reflexive","fp",73,"High","reflexive fp",1,0,272,272,"Ambiguous","Match",272
"12137",15,9,"reflexive","fp",73,"High","reflexive fp",2,0,238,238,"Ambiguous","Mismatch",238
"12895",16,12,"reflexive","fp",69,"High","reflexive fp",2,0,226,226,"Ambiguous","Mismatch",226
"12897",16,11,"reflexive","fp",69,"High","reflexive fp",1,0,168,168,"Ambiguous","Match",168
"12899",16,9,"reflexive","fp",69,"High","reflexive fp",3,0,150,150,"Unambiguous","Match",150
"12901",16,14,"reflexive","fp",69,"High","reflexive fp",4,0,114,114,"Unambiguous","Mismatch",114
"12903",16,20,"reflexive","fp",69,"High","reflexive fp",2,0,158,158,"Ambiguous","Mismatch",158
"12905",16,7,"reflexive","fp",69,"High","reflexive fp",1,1,0,NA,"Ambiguous","Match",NA
"12907",16,6,"reflexive","fp",69,"High","reflexive fp",4,0,208,208,"Unambiguous","Mismatch",208
"12909",16,18,"reflexive","fp",69,"High","reflexive fp",4,0,108,108,"Unambiguous","Mismatch",108
"12911",16,24,"reflexive","fp",69,"High","reflexive fp",2,0,310,310,"Ambiguous","Mismatch",310
"12913",16,13,"reflexive","fp",69,"High","reflexive fp",3,0,156,156,"Unambiguous","Match",156
"12915",16,3,"reflexive","fp",69,"High","reflexive fp",1,0,112,112,"Ambiguous","Match",112
"12917",16,4,"reflexive","fp",69,"High","reflexive fp",2,0,164,164,"Ambiguous","Mismatch",164
"12919",16,19,"reflexive","fp",69,"High","reflexive fp",1,0,158,158,"Ambiguous","Match",158
"12921",16,21,"reflexive","fp",69,"High","reflexive fp",3,0,184,184,"Unambiguous","Match",184
"12923",16,5,"reflexive","fp",69,"High","reflexive fp",3,0,186,186,"Unambiguous","Match",186
"12925",16,15,"reflexive","fp",69,"High","reflexive fp",1,0,154,154,"Ambiguous","Match",154
"12927",16,22,"reflexive","fp",69,"High","reflexive fp",4,0,204,204,"Unambiguous","Mismatch",204
"12929",16,17,"reflexive","fp",69,"High","reflexive fp",3,0,190,190,"Unambiguous","Match",190
"12931",16,16,"reflexive","fp",69,"High","reflexive fp",2,0,162,162,"Ambiguous","Mismatch",162
"12933",16,8,"reflexive","fp",69,"High","reflexive fp",2,0,350,350,"Ambiguous","Mismatch",350
"12935",16,23,"reflexive","fp",69,"High","reflexive fp",1,0,102,102,"Ambiguous","Match",102
"12937",16,2,"reflexive","fp",69,"High","reflexive fp",4,0,272,272,"Unambiguous","Mismatch",272
"12939",16,1,"reflexive","fp",69,"High","reflexive fp",3,0,104,104,"Unambiguous","Match",104
"12941",16,10,"reflexive","fp",69,"High","reflexive fp",4,0,140,140,"Unambiguous","Mismatch",140
"13759",17,8,"reflexive","fp",82,"High","reflexive fp",3,0,262,262,"Unambiguous","Match",262
"13761",17,16,"reflexive","fp",82,"High","reflexive fp",3,0,218,218,"Unambiguous","Match",218
"13763",17,15,"reflexive","fp",82,"High","reflexive fp",2,0,184,184,"Ambiguous","Mismatch",184
"13765",17,11,"reflexive","fp",82,"High","reflexive fp",2,0,198,198,"Ambiguous","Mismatch",198
"13767",17,1,"reflexive","fp",82,"High","reflexive fp",4,0,218,218,"Unambiguous","Mismatch",218
"13769",17,9,"reflexive","fp",82,"High","reflexive fp",4,0,416,416,"Unambiguous","Mismatch",416
"13771",17,2,"reflexive","fp",82,"High","reflexive fp",1,0,178,178,"Ambiguous","Match",178
"13773",17,20,"reflexive","fp",82,"High","reflexive fp",3,0,266,266,"Unambiguous","Match",266
"13775",17,24,"reflexive","fp",82,"High","reflexive fp",3,0,172,172,"Unambiguous","Match",172
"13777",17,18,"reflexive","fp",82,"High","reflexive fp",1,0,202,202,"Ambiguous","Match",202
"13779",17,6,"reflexive","fp",82,"High","reflexive fp",1,0,354,354,"Ambiguous","Match",354
"13781",17,14,"reflexive","fp",82,"High","reflexive fp",1,0,308,308,"Ambiguous","Match",308
"13783",17,5,"reflexive","fp",82,"High","reflexive fp",4,0,230,230,"Unambiguous","Mismatch",230
"13785",17,13,"reflexive","fp",82,"High","reflexive fp",4,0,484,484,"Unambiguous","Mismatch",484
"13787",17,17,"reflexive","fp",82,"High","reflexive fp",4,0,196,196,"Unambiguous","Mismatch",196
"13789",17,3,"reflexive","fp",82,"High","reflexive fp",2,0,254,254,"Ambiguous","Mismatch",254
"13791",17,4,"reflexive","fp",82,"High","reflexive fp",3,0,218,218,"Unambiguous","Match",218
"13793",17,12,"reflexive","fp",82,"High","reflexive fp",3,0,224,224,"Unambiguous","Match",224
"13795",17,19,"reflexive","fp",82,"High","reflexive fp",2,0,354,354,"Ambiguous","Mismatch",354
"13797",17,22,"reflexive","fp",82,"High","reflexive fp",1,0,288,288,"Ambiguous","Match",288
"13799",17,23,"reflexive","fp",82,"High","reflexive fp",2,0,252,252,"Ambiguous","Mismatch",252
"13801",17,10,"reflexive","fp",82,"High","reflexive fp",1,0,432,432,"Ambiguous","Match",432
"13803",17,21,"reflexive","fp",82,"High","reflexive fp",4,0,188,188,"Unambiguous","Mismatch",188
"13805",17,7,"reflexive","fp",82,"High","reflexive fp",2,0,176,176,"Ambiguous","Mismatch",176
"14623",18,17,"reflexive","fp",89,"High","reflexive fp",1,0,166,166,"Ambiguous","Match",166
"14625",18,5,"reflexive","fp",89,"High","reflexive fp",1,0,294,294,"Ambiguous","Match",294
"14627",18,12,"reflexive","fp",89,"High","reflexive fp",4,1,0,NA,"Unambiguous","Mismatch",NA
"14629",18,24,"reflexive","fp",89,"High","reflexive fp",4,1,0,NA,"Unambiguous","Mismatch",NA
"14631",18,23,"reflexive","fp",89,"High","reflexive fp",3,0,244,244,"Unambiguous","Match",244
"14633",18,16,"reflexive","fp",89,"High","reflexive fp",4,0,180,180,"Unambiguous","Mismatch",180
"14635",18,8,"reflexive","fp",89,"High","reflexive fp",4,0,218,218,"Unambiguous","Mismatch",218
"14637",18,1,"reflexive","fp",89,"High","reflexive fp",1,0,230,230,"Ambiguous","Match",230
"14639",18,15,"reflexive","fp",89,"High","reflexive fp",3,1,0,NA,"Unambiguous","Match",NA
"14641",18,14,"reflexive","fp",89,"High","reflexive fp",2,1,0,NA,"Ambiguous","Mismatch",NA
"14643",18,3,"reflexive","fp",89,"High","reflexive fp",3,0,316,316,"Unambiguous","Match",316
"14645",18,18,"reflexive","fp",89,"High","reflexive fp",2,0,188,188,"Ambiguous","Mismatch",188
"14647",18,21,"reflexive","fp",89,"High","reflexive fp",1,1,0,NA,"Ambiguous","Match",NA
"14649",18,2,"reflexive","fp",89,"High","reflexive fp",2,0,286,286,"Ambiguous","Mismatch",286
"14651",18,13,"reflexive","fp",89,"High","reflexive fp",1,0,288,288,"Ambiguous","Match",288
"14653",18,20,"reflexive","fp",89,"High","reflexive fp",4,0,218,218,"Unambiguous","Mismatch",218
"14655",18,4,"reflexive","fp",89,"High","reflexive fp",4,0,240,240,"Unambiguous","Mismatch",240
"14657",18,7,"reflexive","fp",89,"High","reflexive fp",3,1,0,NA,"Unambiguous","Match",NA
"14659",18,6,"reflexive","fp",89,"High","reflexive fp",2,0,184,184,"Ambiguous","Mismatch",184
"14661",18,10,"reflexive","fp",89,"High","reflexive fp",2,0,236,236,"Ambiguous","Mismatch",236
"14663",18,22,"reflexive","fp",89,"High","reflexive fp",2,0,182,182,"Ambiguous","Mismatch",182
"14665",18,9,"reflexive","fp",89,"High","reflexive fp",1,0,394,394,"Ambiguous","Match",394
"14667",18,19,"reflexive","fp",89,"High","reflexive fp",3,0,262,262,"Unambiguous","Match",262
"14669",18,11,"reflexive","fp",89,"High","reflexive fp",3,0,182,182,"Unambiguous","Match",182
"15488",19,8,"reflexive","fp",53,"High","reflexive fp",1,0,286,286,"Ambiguous","Match",286
"15490",19,7,"reflexive","fp",53,"High","reflexive fp",4,0,386,386,"Unambiguous","Mismatch",386
"15492",19,11,"reflexive","fp",53,"High","reflexive fp",4,0,172,172,"Unambiguous","Mismatch",172
"15494",19,20,"reflexive","fp",53,"High","reflexive fp",1,0,240,240,"Ambiguous","Match",240
"15496",19,21,"reflexive","fp",53,"High","reflexive fp",2,0,352,352,"Ambiguous","Mismatch",352
"15498",19,19,"reflexive","fp",53,"High","reflexive fp",4,1,0,NA,"Unambiguous","Mismatch",NA
"15500",19,5,"reflexive","fp",53,"High","reflexive fp",2,0,242,242,"Ambiguous","Mismatch",242
"15502",19,12,"reflexive","fp",53,"High","reflexive fp",1,0,222,222,"Ambiguous","Match",222
"15504",19,2,"reflexive","fp",53,"High","reflexive fp",3,0,178,178,"Unambiguous","Match",178
"15506",19,13,"reflexive","fp",53,"High","reflexive fp",2,0,224,224,"Ambiguous","Mismatch",224
"15508",19,17,"reflexive","fp",53,"High","reflexive fp",2,0,198,198,"Ambiguous","Mismatch",198
"15510",19,6,"reflexive","fp",53,"High","reflexive fp",3,1,0,NA,"Unambiguous","Match",NA
"15512",19,18,"reflexive","fp",53,"High","reflexive fp",3,0,254,254,"Unambiguous","Match",254
"15514",19,3,"reflexive","fp",53,"High","reflexive fp",4,0,290,290,"Unambiguous","Mismatch",290
"15516",19,24,"reflexive","fp",53,"High","reflexive fp",1,0,164,164,"Ambiguous","Match",164
"15518",19,1,"reflexive","fp",53,"High","reflexive fp",2,0,184,184,"Ambiguous","Mismatch",184
"15520",19,9,"reflexive","fp",53,"High","reflexive fp",2,0,176,176,"Ambiguous","Mismatch",176
"15522",19,10,"reflexive","fp",53,"High","reflexive fp",3,0,140,140,"Unambiguous","Match",140
"15524",19,23,"reflexive","fp",53,"High","reflexive fp",4,0,258,258,"Unambiguous","Mismatch",258
"15526",19,4,"reflexive","fp",53,"High","reflexive fp",1,0,264,264,"Ambiguous","Match",264
"15528",19,14,"reflexive","fp",53,"High","reflexive fp",3,0,198,198,"Unambiguous","Match",198
"15530",19,22,"reflexive","fp",53,"High","reflexive fp",3,0,248,248,"Unambiguous","Match",248
"15532",19,16,"reflexive","fp",53,"High","reflexive fp",1,0,182,182,"Ambiguous","Match",182
"15534",19,15,"reflexive","fp",53,"High","reflexive fp",4,0,178,178,"Unambiguous","Mismatch",178
"16352",20,6,"reflexive","fp",81,"High","reflexive fp",4,0,122,122,"Unambiguous","Mismatch",122
"16354",20,12,"reflexive","fp",81,"High","reflexive fp",2,0,164,164,"Ambiguous","Mismatch",164
"16356",20,4,"reflexive","fp",81,"High","reflexive fp",2,0,146,146,"Ambiguous","Mismatch",146
"16358",20,19,"reflexive","fp",81,"High","reflexive fp",1,0,162,162,"Ambiguous","Match",162
"16360",20,7,"reflexive","fp",81,"High","reflexive fp",1,0,172,172,"Ambiguous","Match",172
"16362",20,22,"reflexive","fp",81,"High","reflexive fp",4,0,198,198,"Unambiguous","Mismatch",198
"16364",20,14,"reflexive","fp",81,"High","reflexive fp",4,0,180,180,"Unambiguous","Mismatch",180
"16366",20,2,"reflexive","fp",81,"High","reflexive fp",4,0,176,176,"Unambiguous","Mismatch",176
"16368",20,8,"reflexive","fp",81,"High","reflexive fp",2,0,200,200,"Ambiguous","Mismatch",200
"16370",20,10,"reflexive","fp",81,"High","reflexive fp",4,0,152,152,"Unambiguous","Mismatch",152
"16372",20,23,"reflexive","fp",81,"High","reflexive fp",1,0,194,194,"Ambiguous","Match",194
"16374",20,13,"reflexive","fp",81,"High","reflexive fp",3,0,190,190,"Unambiguous","Match",190
"16376",20,3,"reflexive","fp",81,"High","reflexive fp",1,0,184,184,"Ambiguous","Match",184
"16378",20,5,"reflexive","fp",81,"High","reflexive fp",3,0,196,196,"Unambiguous","Match",196
"16380",20,21,"reflexive","fp",81,"High","reflexive fp",3,0,166,166,"Unambiguous","Match",166
"16382",20,18,"reflexive","fp",81,"High","reflexive fp",4,0,222,222,"Unambiguous","Mismatch",222
"16384",20,9,"reflexive","fp",81,"High","reflexive fp",3,0,216,216,"Unambiguous","Match",216
"16386",20,17,"reflexive","fp",81,"High","reflexive fp",3,0,248,248,"Unambiguous","Match",248
"16388",20,11,"reflexive","fp",81,"High","reflexive fp",1,0,222,222,"Ambiguous","Match",222
"16390",20,1,"reflexive","fp",81,"High","reflexive fp",3,0,174,174,"Unambiguous","Match",174
"16392",20,24,"reflexive","fp",81,"High","reflexive fp",2,0,168,168,"Ambiguous","Mismatch",168
"16394",20,16,"reflexive","fp",81,"High","reflexive fp",2,0,222,222,"Ambiguous","Mismatch",222
"16396",20,15,"reflexive","fp",81,"High","reflexive fp",1,0,234,234,"Ambiguous","Match",234
"16398",20,20,"reflexive","fp",81,"High","reflexive fp",2,0,170,170,"Ambiguous","Mismatch",170
"17216",21,4,"reflexive","fp",86,"High","reflexive fp",3,0,206,206,"Unambiguous","Match",206
"17218",21,23,"reflexive","fp",86,"High","reflexive fp",2,0,300,300,"Ambiguous","Mismatch",300
"17220",21,22,"reflexive","fp",86,"High","reflexive fp",1,1,0,NA,"Ambiguous","Match",NA
"17222",21,2,"reflexive","fp",86,"High","reflexive fp",1,0,310,310,"Ambiguous","Match",310
"17224",21,10,"reflexive","fp",86,"High","reflexive fp",1,0,422,422,"Ambiguous","Match",422
"17226",21,12,"reflexive","fp",86,"High","reflexive fp",3,0,276,276,"Unambiguous","Match",276
"17228",21,18,"reflexive","fp",86,"High","reflexive fp",1,0,336,336,"Ambiguous","Match",336
"17230",21,21,"reflexive","fp",86,"High","reflexive fp",4,0,284,284,"Unambiguous","Mismatch",284
"17232",21,7,"reflexive","fp",86,"High","reflexive fp",2,0,138,138,"Ambiguous","Mismatch",138
"17234",21,14,"reflexive","fp",86,"High","reflexive fp",1,0,342,342,"Ambiguous","Match",342
"17236",21,15,"reflexive","fp",86,"High","reflexive fp",2,0,268,268,"Ambiguous","Mismatch",268
"17238",21,17,"reflexive","fp",86,"High","reflexive fp",4,0,298,298,"Unambiguous","Mismatch",298
"17240",21,16,"reflexive","fp",86,"High","reflexive fp",3,0,378,378,"Unambiguous","Match",378
"17242",21,20,"reflexive","fp",86,"High","reflexive fp",3,0,248,248,"Unambiguous","Match",248
"17244",21,6,"reflexive","fp",86,"High","reflexive fp",1,1,0,NA,"Ambiguous","Match",NA
"17246",21,3,"reflexive","fp",86,"High","reflexive fp",2,0,276,276,"Ambiguous","Mismatch",276
"17248",21,9,"reflexive","fp",86,"High","reflexive fp",4,0,152,152,"Unambiguous","Mismatch",152
"17250",21,19,"reflexive","fp",86,"High","reflexive fp",2,0,532,532,"Ambiguous","Mismatch",532
"17252",21,8,"reflexive","fp",86,"High","reflexive fp",3,0,384,384,"Unambiguous","Match",384
"17254",21,5,"reflexive","fp",86,"High","reflexive fp",4,0,436,436,"Unambiguous","Mismatch",436
"17256",21,24,"reflexive","fp",86,"High","reflexive fp",3,0,332,332,"Unambiguous","Match",332
"17258",21,1,"reflexive","fp",86,"High","reflexive fp",4,1,0,NA,"Unambiguous","Mismatch",NA
"17260",21,11,"reflexive","fp",86,"High","reflexive fp",2,0,280,280,"Ambiguous","Mismatch",280
"17262",21,13,"reflexive","fp",86,"High","reflexive fp",4,0,306,306,"Unambiguous","Mismatch",306
"18079",22,4,"reflexive","fp",53,"High","reflexive fp",4,0,410,410,"Unambiguous","Mismatch",410
"18081",22,2,"reflexive","fp",53,"High","reflexive fp",2,0,226,226,"Ambiguous","Mismatch",226
"18083",22,16,"reflexive","fp",53,"High","reflexive fp",4,0,272,272,"Unambiguous","Mismatch",272
"18085",22,7,"reflexive","fp",53,"High","reflexive fp",3,0,212,212,"Unambiguous","Match",212
"18087",22,12,"reflexive","fp",53,"High","reflexive fp",4,0,388,388,"Unambiguous","Mismatch",388
"18089",22,20,"reflexive","fp",53,"High","reflexive fp",4,0,194,194,"Unambiguous","Mismatch",194
"18091",22,24,"reflexive","fp",53,"High","reflexive fp",4,0,188,188,"Unambiguous","Mismatch",188
"18093",22,15,"reflexive","fp",53,"High","reflexive fp",3,0,334,334,"Unambiguous","Match",334
"18095",22,22,"reflexive","fp",53,"High","reflexive fp",2,0,496,496,"Ambiguous","Mismatch",496
"18097",22,11,"reflexive","fp",53,"High","reflexive fp",3,0,192,192,"Unambiguous","Match",192
"18099",22,19,"reflexive","fp",53,"High","reflexive fp",3,0,210,210,"Unambiguous","Match",210
"18101",22,21,"reflexive","fp",53,"High","reflexive fp",1,0,250,250,"Ambiguous","Match",250
"18103",22,8,"reflexive","fp",53,"High","reflexive fp",4,0,194,194,"Unambiguous","Mismatch",194
"18105",22,23,"reflexive","fp",53,"High","reflexive fp",3,0,294,294,"Unambiguous","Match",294
"18107",22,14,"reflexive","fp",53,"High","reflexive fp",2,0,200,200,"Ambiguous","Mismatch",200
"18109",22,9,"reflexive","fp",53,"High","reflexive fp",1,0,308,308,"Ambiguous","Match",308
"18111",22,1,"reflexive","fp",53,"High","reflexive fp",1,0,138,138,"Ambiguous","Match",138
"18113",22,3,"reflexive","fp",53,"High","reflexive fp",3,0,226,226,"Unambiguous","Match",226
"18115",22,5,"reflexive","fp",53,"High","reflexive fp",1,0,346,346,"Ambiguous","Match",346
"18117",22,13,"reflexive","fp",53,"High","reflexive fp",1,0,212,212,"Ambiguous","Match",212
"18119",22,6,"reflexive","fp",53,"High","reflexive fp",2,0,242,242,"Ambiguous","Mismatch",242
"18121",22,18,"reflexive","fp",53,"High","reflexive fp",2,0,158,158,"Ambiguous","Mismatch",158
"18123",22,10,"reflexive","fp",53,"High","reflexive fp",2,0,158,158,"Ambiguous","Mismatch",158
"18125",22,17,"reflexive","fp",53,"High","reflexive fp",1,0,314,314,"Ambiguous","Match",314
"18943",23,20,"reflexive","fp",79,"High","reflexive fp",2,0,166,166,"Ambiguous","Mismatch",166
"18945",23,23,"reflexive","fp",79,"High","reflexive fp",1,0,255,255,"Ambiguous","Match",255
"18947",23,16,"reflexive","fp",79,"High","reflexive fp",2,0,205,205,"Ambiguous","Mismatch",205
"18949",23,8,"reflexive","fp",79,"High","reflexive fp",2,0,465,465,"Ambiguous","Mismatch",465
"18951",23,5,"reflexive","fp",79,"High","reflexive fp",3,0,253,253,"Unambiguous","Match",253
"18953",23,7,"reflexive","fp",79,"High","reflexive fp",1,0,201,201,"Ambiguous","Match",201
"18955",23,2,"reflexive","fp",79,"High","reflexive fp",4,1,0,NA,"Unambiguous","Mismatch",NA
"18957",23,21,"reflexive","fp",79,"High","reflexive fp",3,1,0,NA,"Unambiguous","Match",NA
"18959",23,6,"reflexive","fp",79,"High","reflexive fp",4,0,237,237,"Unambiguous","Mismatch",237
"18961",23,17,"reflexive","fp",79,"High","reflexive fp",3,0,245,245,"Unambiguous","Match",245
"18963",23,12,"reflexive","fp",79,"High","reflexive fp",2,1,0,NA,"Ambiguous","Mismatch",NA
"18965",23,13,"reflexive","fp",79,"High","reflexive fp",3,1,0,NA,"Unambiguous","Match",NA
"18967",23,24,"reflexive","fp",79,"High","reflexive fp",2,0,211,211,"Ambiguous","Mismatch",211
"18969",23,11,"reflexive","fp",79,"High","reflexive fp",1,1,0,NA,"Ambiguous","Match",NA
"18971",23,4,"reflexive","fp",79,"High","reflexive fp",2,0,193,193,"Ambiguous","Mismatch",193
"18973",23,22,"reflexive","fp",79,"High","reflexive fp",4,0,423,423,"Unambiguous","Mismatch",423
"18975",23,14,"reflexive","fp",79,"High","reflexive fp",4,1,0,NA,"Unambiguous","Mismatch",NA
"18977",23,3,"reflexive","fp",79,"High","reflexive fp",1,1,0,NA,"Ambiguous","Match",NA
"18979",23,9,"reflexive","fp",79,"High","reflexive fp",3,0,316,316,"Unambiguous","Match",316
"18981",23,15,"reflexive","fp",79,"High","reflexive fp",1,0,246,246,"Ambiguous","Match",246
"18983",23,1,"reflexive","fp",79,"High","reflexive fp",3,0,166,166,"Unambiguous","Match",166
"18985",23,10,"reflexive","fp",79,"High","reflexive fp",4,0,181,181,"Unambiguous","Mismatch",181
"18987",23,18,"reflexive","fp",79,"High","reflexive fp",4,1,0,NA,"Unambiguous","Mismatch",NA
"18989",23,19,"reflexive","fp",79,"High","reflexive fp",1,0,215,215,"Ambiguous","Match",215
"19805",24,11,"reflexive","fp",86,"High","reflexive fp",4,0,166,166,"Unambiguous","Mismatch",166
"19808",24,13,"reflexive","fp",86,"High","reflexive fp",2,0,588,588,"Ambiguous","Mismatch",588
"19810",24,4,"reflexive","fp",86,"High","reflexive fp",1,0,420,420,"Ambiguous","Match",420
"19812",24,12,"reflexive","fp",86,"High","reflexive fp",1,0,372,372,"Ambiguous","Match",372
"19814",24,16,"reflexive","fp",86,"High","reflexive fp",1,0,440,440,"Ambiguous","Match",440
"19816",24,1,"reflexive","fp",86,"High","reflexive fp",2,0,256,256,"Ambiguous","Mismatch",256
"19818",24,2,"reflexive","fp",86,"High","reflexive fp",3,0,284,284,"Unambiguous","Match",284
"19820",24,18,"reflexive","fp",86,"High","reflexive fp",3,0,278,278,"Unambiguous","Match",278
"19822",24,6,"reflexive","fp",86,"High","reflexive fp",3,0,500,500,"Unambiguous","Match",500
"19824",24,14,"reflexive","fp",86,"High","reflexive fp",3,0,286,286,"Unambiguous","Match",286
"19826",24,23,"reflexive","fp",86,"High","reflexive fp",4,0,280,280,"Unambiguous","Mismatch",280
"19828",24,8,"reflexive","fp",86,"High","reflexive fp",1,0,558,558,"Ambiguous","Match",558
"19830",24,10,"reflexive","fp",86,"High","reflexive fp",3,0,608,608,"Unambiguous","Match",608
"19832",24,7,"reflexive","fp",86,"High","reflexive fp",4,0,508,508,"Unambiguous","Mismatch",508
"19834",24,20,"reflexive","fp",86,"High","reflexive fp",1,0,428,428,"Ambiguous","Match",428
"19836",24,5,"reflexive","fp",86,"High","reflexive fp",2,0,322,322,"Ambiguous","Mismatch",322
"19838",24,17,"reflexive","fp",86,"High","reflexive fp",2,0,430,430,"Ambiguous","Mismatch",430
"19840",24,24,"reflexive","fp",86,"High","reflexive fp",1,0,278,278,"Ambiguous","Match",278
"19842",24,9,"reflexive","fp",86,"High","reflexive fp",2,0,284,284,"Ambiguous","Mismatch",284
"19844",24,19,"reflexive","fp",86,"High","reflexive fp",4,0,290,290,"Unambiguous","Mismatch",290
"19846",24,3,"reflexive","fp",86,"High","reflexive fp",4,0,238,238,"Unambiguous","Mismatch",238
"19848",24,22,"reflexive","fp",86,"High","reflexive fp",3,0,516,516,"Unambiguous","Match",516
"19850",24,15,"reflexive","fp",86,"High","reflexive fp",4,0,244,244,"Unambiguous","Mismatch",244
"20654",25,2,"reflexive","fp",52,"High","reflexive fp",4,0,180,180,"Unambiguous","Mismatch",180
"20656",25,5,"reflexive","fp",52,"High","reflexive fp",3,0,140,140,"Unambiguous","Match",140
"20658",25,17,"reflexive","fp",52,"High","reflexive fp",3,0,318,318,"Unambiguous","Match",318
"20660",25,10,"reflexive","fp",52,"High","reflexive fp",4,0,164,164,"Unambiguous","Mismatch",164
"20662",25,23,"reflexive","fp",52,"High","reflexive fp",1,0,158,158,"Ambiguous","Match",158
"20664",25,18,"reflexive","fp",52,"High","reflexive fp",4,0,160,160,"Unambiguous","Mismatch",160
"20666",25,14,"reflexive","fp",52,"High","reflexive fp",4,0,168,168,"Unambiguous","Mismatch",168
"20668",25,6,"reflexive","fp",52,"High","reflexive fp",4,0,184,184,"Unambiguous","Mismatch",184
"20670",25,16,"reflexive","fp",52,"High","reflexive fp",2,0,166,166,"Ambiguous","Mismatch",166
"20672",25,20,"reflexive","fp",52,"High","reflexive fp",2,0,172,172,"Ambiguous","Mismatch",172
"20674",25,24,"reflexive","fp",52,"High","reflexive fp",2,0,158,158,"Ambiguous","Mismatch",158
"20676",25,22,"reflexive","fp",52,"High","reflexive fp",4,0,152,152,"Unambiguous","Mismatch",152
"20678",25,9,"reflexive","fp",52,"High","reflexive fp",3,0,176,176,"Unambiguous","Match",176
"20680",25,7,"reflexive","fp",52,"High","reflexive fp",1,0,212,212,"Ambiguous","Match",212
"20682",25,15,"reflexive","fp",52,"High","reflexive fp",1,0,174,174,"Ambiguous","Match",174
"20684",25,12,"reflexive","fp",52,"High","reflexive fp",2,0,142,142,"Ambiguous","Mismatch",142
"20686",25,3,"reflexive","fp",52,"High","reflexive fp",1,0,168,168,"Ambiguous","Match",168
"20688",25,4,"reflexive","fp",52,"High","reflexive fp",2,0,128,128,"Ambiguous","Mismatch",128
"20690",25,19,"reflexive","fp",52,"High","reflexive fp",1,0,146,146,"Ambiguous","Match",146
"20692",25,21,"reflexive","fp",52,"High","reflexive fp",3,0,150,150,"Unambiguous","Match",150
"20694",25,11,"reflexive","fp",52,"High","reflexive fp",1,0,114,114,"Ambiguous","Match",114
"20696",25,1,"reflexive","fp",52,"High","reflexive fp",3,0,174,174,"Unambiguous","Match",174
"20698",25,13,"reflexive","fp",52,"High","reflexive fp",3,0,144,144,"Unambiguous","Match",144
"20700",25,8,"reflexive","fp",52,"High","reflexive fp",2,0,296,296,"Ambiguous","Mismatch",296
"21518",26,14,"reflexive","fp",83,"High","reflexive fp",1,0,214,214,"Ambiguous","Match",214
"21520",26,17,"reflexive","fp",83,"High","reflexive fp",4,0,408,408,"Unambiguous","Mismatch",408
"21522",26,20,"reflexive","fp",83,"High","reflexive fp",3,0,218,218,"Unambiguous","Match",218
"21524",26,6,"reflexive","fp",83,"High","reflexive fp",1,0,330,330,"Ambiguous","Match",330
"21526",26,15,"reflexive","fp",83,"High","reflexive fp",2,0,338,338,"Ambiguous","Mismatch",338
"21528",26,23,"reflexive","fp",83,"High","reflexive fp",2,0,228,228,"Ambiguous","Mismatch",228
"21530",26,16,"reflexive","fp",83,"High","reflexive fp",3,0,396,396,"Unambiguous","Match",396
"21532",26,21,"reflexive","fp",83,"High","reflexive fp",4,0,218,218,"Unambiguous","Mismatch",218
"21534",26,24,"reflexive","fp",83,"High","reflexive fp",3,0,326,326,"Unambiguous","Match",326
"21536",26,12,"reflexive","fp",83,"High","reflexive fp",3,0,278,278,"Unambiguous","Match",278
"21538",26,4,"reflexive","fp",83,"High","reflexive fp",3,0,244,244,"Unambiguous","Match",244
"21540",26,18,"reflexive","fp",83,"High","reflexive fp",1,0,216,216,"Ambiguous","Match",216
"21542",26,11,"reflexive","fp",83,"High","reflexive fp",2,0,194,194,"Ambiguous","Mismatch",194
"21544",26,7,"reflexive","fp",83,"High","reflexive fp",2,0,288,288,"Ambiguous","Mismatch",288
"21546",26,1,"reflexive","fp",83,"High","reflexive fp",4,0,286,286,"Unambiguous","Mismatch",286
"21548",26,9,"reflexive","fp",83,"High","reflexive fp",4,0,440,440,"Unambiguous","Mismatch",440
"21550",26,3,"reflexive","fp",83,"High","reflexive fp",2,0,392,392,"Ambiguous","Mismatch",392
"21552",26,19,"reflexive","fp",83,"High","reflexive fp",2,0,324,324,"Ambiguous","Mismatch",324
"21554",26,2,"reflexive","fp",83,"High","reflexive fp",1,0,242,242,"Ambiguous","Match",242
"21556",26,8,"reflexive","fp",83,"High","reflexive fp",3,0,262,262,"Unambiguous","Match",262
"21558",26,5,"reflexive","fp",83,"High","reflexive fp",4,0,282,282,"Unambiguous","Mismatch",282
"21560",26,22,"reflexive","fp",83,"High","reflexive fp",1,0,256,256,"Ambiguous","Match",256
"21562",26,10,"reflexive","fp",83,"High","reflexive fp",1,0,202,202,"Ambiguous","Match",202
"21564",26,13,"reflexive","fp",83,"High","reflexive fp",4,0,262,262,"Unambiguous","Mismatch",262
"22382",27,1,"reflexive","fp",85,"High","reflexive fp",1,0,336,336,"Ambiguous","Match",336
"22384",27,22,"reflexive","fp",85,"High","reflexive fp",2,0,336,336,"Ambiguous","Mismatch",336
"22386",27,6,"reflexive","fp",85,"High","reflexive fp",2,0,212,212,"Ambiguous","Mismatch",212
"22388",27,2,"reflexive","fp",85,"High","reflexive fp",2,0,166,166,"Ambiguous","Mismatch",166
"22390",27,7,"reflexive","fp",85,"High","reflexive fp",3,0,96,96,"Unambiguous","Match",96
"22392",27,19,"reflexive","fp",85,"High","reflexive fp",3,0,82,82,"Unambiguous","Match",82
"22394",27,10,"reflexive","fp",85,"High","reflexive fp",2,0,188,188,"Ambiguous","Mismatch",188
"22396",27,24,"reflexive","fp",85,"High","reflexive fp",4,0,258,258,"Unambiguous","Mismatch",258
"22398",27,17,"reflexive","fp",85,"High","reflexive fp",1,0,328,328,"Ambiguous","Match",328
"22400",27,3,"reflexive","fp",85,"High","reflexive fp",3,0,328,328,"Unambiguous","Match",328
"22402",27,13,"reflexive","fp",85,"High","reflexive fp",1,0,246,246,"Ambiguous","Match",246
"22404",27,8,"reflexive","fp",85,"High","reflexive fp",4,0,82,82,"Unambiguous","Mismatch",82
"22406",27,21,"reflexive","fp",85,"High","reflexive fp",1,0,82,82,"Ambiguous","Match",82
"22408",27,4,"reflexive","fp",85,"High","reflexive fp",4,0,260,260,"Unambiguous","Mismatch",260
"22410",27,9,"reflexive","fp",85,"High","reflexive fp",1,0,262,262,"Ambiguous","Match",262
"22412",27,12,"reflexive","fp",85,"High","reflexive fp",4,0,224,224,"Unambiguous","Mismatch",224
"22414",27,16,"reflexive","fp",85,"High","reflexive fp",4,0,228,228,"Unambiguous","Mismatch",228
"22416",27,20,"reflexive","fp",85,"High","reflexive fp",4,0,204,204,"Unambiguous","Mismatch",204
"22418",27,15,"reflexive","fp",85,"High","reflexive fp",3,0,370,370,"Unambiguous","Match",370
"22420",27,23,"reflexive","fp",85,"High","reflexive fp",3,0,202,202,"Unambiguous","Match",202
"22422",27,14,"reflexive","fp",85,"High","reflexive fp",2,0,90,90,"Ambiguous","Mismatch",90
"22424",27,11,"reflexive","fp",85,"High","reflexive fp",3,0,232,232,"Unambiguous","Match",232
"22426",27,5,"reflexive","fp",85,"High","reflexive fp",1,0,302,302,"Ambiguous","Match",302
"22428",27,18,"reflexive","fp",85,"High","reflexive fp",2,0,406,406,"Ambiguous","Mismatch",406
"23246",28,4,"reflexive","fp",63,"High","reflexive fp",1,0,278,278,"Ambiguous","Match",278
"23248",28,8,"reflexive","fp",63,"High","reflexive fp",1,0,196,196,"Ambiguous","Match",196
"23250",28,24,"reflexive","fp",63,"High","reflexive fp",1,0,208,208,"Ambiguous","Match",208
"23252",28,3,"reflexive","fp",63,"High","reflexive fp",4,0,262,262,"Unambiguous","Mismatch",262
"23254",28,7,"reflexive","fp",63,"High","reflexive fp",4,0,376,376,"Unambiguous","Mismatch",376
"23256",28,5,"reflexive","fp",63,"High","reflexive fp",2,0,420,420,"Ambiguous","Mismatch",420
"23258",28,21,"reflexive","fp",63,"High","reflexive fp",2,0,298,298,"Ambiguous","Mismatch",298
"23260",28,12,"reflexive","fp",63,"High","reflexive fp",1,0,298,298,"Ambiguous","Match",298
"23262",28,22,"reflexive","fp",63,"High","reflexive fp",3,0,278,278,"Unambiguous","Match",278
"23264",28,14,"reflexive","fp",63,"High","reflexive fp",3,0,338,338,"Unambiguous","Match",338
"23266",28,10,"reflexive","fp",63,"High","reflexive fp",3,0,242,242,"Unambiguous","Match",242
"23268",28,11,"reflexive","fp",63,"High","reflexive fp",4,0,344,344,"Unambiguous","Mismatch",344
"23270",28,20,"reflexive","fp",63,"High","reflexive fp",1,0,256,256,"Ambiguous","Match",256
"23272",28,1,"reflexive","fp",63,"High","reflexive fp",2,0,222,222,"Ambiguous","Mismatch",222
"23274",28,23,"reflexive","fp",63,"High","reflexive fp",4,0,364,364,"Unambiguous","Mismatch",364
"23276",28,18,"reflexive","fp",63,"High","reflexive fp",3,0,330,330,"Unambiguous","Match",330
"23278",28,17,"reflexive","fp",63,"High","reflexive fp",2,0,292,292,"Ambiguous","Mismatch",292
"23280",28,13,"reflexive","fp",63,"High","reflexive fp",2,0,244,244,"Ambiguous","Mismatch",244
"23282",28,19,"reflexive","fp",63,"High","reflexive fp",4,0,572,572,"Unambiguous","Mismatch",572
"23284",28,2,"reflexive","fp",63,"High","reflexive fp",3,0,200,200,"Unambiguous","Match",200
"23286",28,9,"reflexive","fp",63,"High","reflexive fp",2,0,282,282,"Ambiguous","Mismatch",282
"23288",28,15,"reflexive","fp",63,"High","reflexive fp",4,0,208,208,"Unambiguous","Mismatch",208
"23290",28,6,"reflexive","fp",63,"High","reflexive fp",3,0,244,244,"Unambiguous","Match",244
"23292",28,16,"reflexive","fp",63,"High","reflexive fp",1,0,282,282,"Ambiguous","Match",282
"24107",29,18,"reflexive","fp",65,"High","reflexive fp",4,0,212,212,"Unambiguous","Mismatch",212
"24109",29,3,"reflexive","fp",65,"High","reflexive fp",1,0,220,220,"Ambiguous","Match",220
"24111",29,12,"reflexive","fp",65,"High","reflexive fp",2,0,172,172,"Ambiguous","Mismatch",172
"24113",29,20,"reflexive","fp",65,"High","reflexive fp",2,0,254,254,"Ambiguous","Mismatch",254
"24115",29,9,"reflexive","fp",65,"High","reflexive fp",3,0,186,186,"Unambiguous","Match",186
"24117",29,1,"reflexive","fp",65,"High","reflexive fp",3,0,286,286,"Unambiguous","Match",286
"24119",29,14,"reflexive","fp",65,"High","reflexive fp",4,0,240,240,"Unambiguous","Mismatch",240
"24121",29,16,"reflexive","fp",65,"High","reflexive fp",2,0,264,264,"Ambiguous","Mismatch",264
"24123",29,17,"reflexive","fp",65,"High","reflexive fp",3,0,266,266,"Unambiguous","Match",266
"24125",29,24,"reflexive","fp",65,"High","reflexive fp",2,0,410,410,"Ambiguous","Mismatch",410
"24127",29,5,"reflexive","fp",65,"High","reflexive fp",3,0,260,260,"Unambiguous","Match",260
"24129",29,6,"reflexive","fp",65,"High","reflexive fp",4,0,262,262,"Unambiguous","Mismatch",262
"24131",29,19,"reflexive","fp",65,"High","reflexive fp",1,0,186,186,"Ambiguous","Match",186
"24133",29,15,"reflexive","fp",65,"High","reflexive fp",1,0,168,168,"Ambiguous","Match",168
"24135",29,11,"reflexive","fp",65,"High","reflexive fp",1,0,174,174,"Ambiguous","Match",174
"24137",29,22,"reflexive","fp",65,"High","reflexive fp",4,1,0,NA,"Unambiguous","Mismatch",NA
"24140",29,4,"reflexive","fp",65,"High","reflexive fp",2,0,208,208,"Ambiguous","Mismatch",208
"24142",29,23,"reflexive","fp",65,"High","reflexive fp",1,0,146,146,"Ambiguous","Match",146
"24144",29,21,"reflexive","fp",65,"High","reflexive fp",3,0,214,214,"Unambiguous","Match",214
"24146",29,7,"reflexive","fp",65,"High","reflexive fp",1,0,274,274,"Ambiguous","Match",274
"24148",29,13,"reflexive","fp",65,"High","reflexive fp",3,0,324,324,"Unambiguous","Match",324
"24150",29,8,"reflexive","fp",65,"High","reflexive fp",2,0,366,366,"Ambiguous","Mismatch",366
"24152",29,2,"reflexive","fp",65,"High","reflexive fp",4,0,162,162,"Unambiguous","Mismatch",162
"24955",30,23,"reflexive","fp",60,"High","reflexive fp",2,0,288,288,"Ambiguous","Mismatch",288
"24957",30,24,"reflexive","fp",60,"High","reflexive fp",3,1,0,NA,"Unambiguous","Match",NA
"24959",30,2,"reflexive","fp",60,"High","reflexive fp",1,0,266,266,"Ambiguous","Match",266
"24961",30,8,"reflexive","fp",60,"High","reflexive fp",3,0,190,190,"Unambiguous","Match",190
"24963",30,9,"reflexive","fp",60,"High","reflexive fp",4,0,370,370,"Unambiguous","Mismatch",370
"24965",30,14,"reflexive","fp",60,"High","reflexive fp",1,1,0,NA,"Ambiguous","Match",NA
"24967",30,20,"reflexive","fp",60,"High","reflexive fp",3,0,132,132,"Unambiguous","Match",132
"24969",30,3,"reflexive","fp",60,"High","reflexive fp",2,0,178,178,"Ambiguous","Mismatch",178
"24971",30,13,"reflexive","fp",60,"High","reflexive fp",4,0,200,200,"Unambiguous","Mismatch",200
"24973",30,16,"reflexive","fp",60,"High","reflexive fp",3,0,280,280,"Unambiguous","Match",280
"24975",30,15,"reflexive","fp",60,"High","reflexive fp",2,0,160,160,"Ambiguous","Mismatch",160
"24977",30,12,"reflexive","fp",60,"High","reflexive fp",3,0,196,196,"Unambiguous","Match",196
"24979",30,21,"reflexive","fp",60,"High","reflexive fp",4,1,0,NA,"Unambiguous","Mismatch",NA
"24981",30,19,"reflexive","fp",60,"High","reflexive fp",2,0,334,334,"Ambiguous","Mismatch",334
"24983",30,5,"reflexive","fp",60,"High","reflexive fp",4,0,212,212,"Unambiguous","Mismatch",212
"24985",30,7,"reflexive","fp",60,"High","reflexive fp",2,0,252,252,"Ambiguous","Mismatch",252
"24987",30,1,"reflexive","fp",60,"High","reflexive fp",4,0,322,322,"Unambiguous","Mismatch",322
"24989",30,17,"reflexive","fp",60,"High","reflexive fp",4,0,170,170,"Unambiguous","Mismatch",170
"24991",30,4,"reflexive","fp",60,"High","reflexive fp",3,0,196,196,"Unambiguous","Match",196
"24993",30,18,"reflexive","fp",60,"High","reflexive fp",1,0,194,194,"Ambiguous","Match",194
"24995",30,22,"reflexive","fp",60,"High","reflexive fp",1,0,546,546,"Ambiguous","Match",546
"24997",30,10,"reflexive","fp",60,"High","reflexive fp",1,0,320,320,"Ambiguous","Match",320
"24999",30,6,"reflexive","fp",60,"High","reflexive fp",1,0,162,162,"Ambiguous","Match",162
"25001",30,11,"reflexive","fp",60,"High","reflexive fp",2,0,320,320,"Ambiguous","Mismatch",320
"25819",31,18,"reflexive","fp",85,"High","reflexive fp",2,0,184,184,"Ambiguous","Mismatch",184
"25821",31,7,"reflexive","fp",85,"High","reflexive fp",3,0,274,274,"Unambiguous","Match",274
"25823",31,19,"reflexive","fp",85,"High","reflexive fp",3,0,210,210,"Unambiguous","Match",210
"25825",31,15,"reflexive","fp",85,"High","reflexive fp",3,0,312,312,"Unambiguous","Match",312
"25827",31,16,"reflexive","fp",85,"High","reflexive fp",4,0,348,348,"Unambiguous","Mismatch",348
"25829",31,8,"reflexive","fp",85,"High","reflexive fp",4,0,310,310,"Unambiguous","Mismatch",310
"25831",31,13,"reflexive","fp",85,"High","reflexive fp",1,0,934,934,"Ambiguous","Match",NA
"25833",31,17,"reflexive","fp",85,"High","reflexive fp",1,0,474,474,"Ambiguous","Match",474
"25835",31,23,"reflexive","fp",85,"High","reflexive fp",3,0,404,404,"Unambiguous","Match",404
"25837",31,21,"reflexive","fp",85,"High","reflexive fp",1,0,132,132,"Ambiguous","Match",132
"25839",31,14,"reflexive","fp",85,"High","reflexive fp",2,0,170,170,"Ambiguous","Mismatch",170
"25841",31,10,"reflexive","fp",85,"High","reflexive fp",2,0,178,178,"Ambiguous","Mismatch",178
"25843",31,3,"reflexive","fp",85,"High","reflexive fp",3,0,172,172,"Unambiguous","Match",172
"25845",31,22,"reflexive","fp",85,"High","reflexive fp",2,0,242,242,"Ambiguous","Mismatch",242
"25847",31,4,"reflexive","fp",85,"High","reflexive fp",4,0,160,160,"Unambiguous","Mismatch",160
"25849",31,24,"reflexive","fp",85,"High","reflexive fp",4,0,194,194,"Unambiguous","Mismatch",194
"25851",31,6,"reflexive","fp",85,"High","reflexive fp",2,0,306,306,"Ambiguous","Mismatch",306
"25853",31,20,"reflexive","fp",85,"High","reflexive fp",4,0,152,152,"Unambiguous","Mismatch",152
"25855",31,2,"reflexive","fp",85,"High","reflexive fp",2,0,386,386,"Ambiguous","Mismatch",386
"25857",31,9,"reflexive","fp",85,"High","reflexive fp",1,0,276,276,"Ambiguous","Match",276
"25859",31,1,"reflexive","fp",85,"High","reflexive fp",1,0,142,142,"Ambiguous","Match",142
"25861",31,12,"reflexive","fp",85,"High","reflexive fp",4,0,488,488,"Unambiguous","Mismatch",488
"25863",31,5,"reflexive","fp",85,"High","reflexive fp",1,0,262,262,"Ambiguous","Match",262
"25865",31,11,"reflexive","fp",85,"High","reflexive fp",3,0,234,234,"Unambiguous","Match",234
"26684",32,19,"reflexive","fp",59,"High","reflexive fp",4,0,408,408,"Unambiguous","Mismatch",408
"26686",32,6,"reflexive","fp",59,"High","reflexive fp",3,0,296,296,"Unambiguous","Match",296
"26688",32,3,"reflexive","fp",59,"High","reflexive fp",4,0,204,204,"Unambiguous","Mismatch",204
"26690",32,13,"reflexive","fp",59,"High","reflexive fp",2,0,270,270,"Ambiguous","Mismatch",270
"26692",32,17,"reflexive","fp",59,"High","reflexive fp",2,0,470,470,"Ambiguous","Mismatch",470
"26694",32,8,"reflexive","fp",59,"High","reflexive fp",1,0,272,272,"Ambiguous","Match",272
"26696",32,9,"reflexive","fp",59,"High","reflexive fp",2,0,220,220,"Ambiguous","Mismatch",220
"26698",32,12,"reflexive","fp",59,"High","reflexive fp",1,0,270,270,"Ambiguous","Match",270
"26700",32,24,"reflexive","fp",59,"High","reflexive fp",1,0,250,250,"Ambiguous","Match",250
"26702",32,7,"reflexive","fp",59,"High","reflexive fp",4,0,574,574,"Unambiguous","Mismatch",574
"26704",32,16,"reflexive","fp",59,"High","reflexive fp",1,0,270,270,"Ambiguous","Match",270
"26706",32,23,"reflexive","fp",59,"High","reflexive fp",4,0,444,444,"Unambiguous","Mismatch",444
"26708",32,21,"reflexive","fp",59,"High","reflexive fp",2,0,318,318,"Ambiguous","Mismatch",318
"26710",32,15,"reflexive","fp",59,"High","reflexive fp",4,0,204,204,"Unambiguous","Mismatch",204
"26712",32,22,"reflexive","fp",59,"High","reflexive fp",3,0,450,450,"Unambiguous","Match",450
"26714",32,4,"reflexive","fp",59,"High","reflexive fp",1,0,368,368,"Ambiguous","Match",368
"26716",32,11,"reflexive","fp",59,"High","reflexive fp",4,0,202,202,"Unambiguous","Mismatch",202
"26718",32,1,"reflexive","fp",59,"High","reflexive fp",2,0,240,240,"Ambiguous","Mismatch",240
"26720",32,18,"reflexive","fp",59,"High","reflexive fp",3,0,226,226,"Unambiguous","Match",226
"26722",32,20,"reflexive","fp",59,"High","reflexive fp",1,0,292,292,"Ambiguous","Match",292
"26724",32,10,"reflexive","fp",59,"High","reflexive fp",3,0,218,218,"Unambiguous","Match",218
"26726",32,2,"reflexive","fp",59,"High","reflexive fp",3,0,358,358,"Unambiguous","Match",358
"26728",32,14,"reflexive","fp",59,"High","reflexive fp",3,0,242,242,"Unambiguous","Match",242
"26730",32,5,"reflexive","fp",59,"High","reflexive fp",2,0,348,348,"Ambiguous","Mismatch",348
"27547",33,5,"reflexive","fp",71,"High","reflexive fp",3,0,742,742,"Unambiguous","Match",742
"27549",33,24,"reflexive","fp",71,"High","reflexive fp",2,0,432,432,"Ambiguous","Mismatch",432
"27551",33,1,"reflexive","fp",71,"High","reflexive fp",3,0,360,360,"Unambiguous","Match",360
"27553",33,2,"reflexive","fp",71,"High","reflexive fp",4,0,262,262,"Unambiguous","Mismatch",262
"27555",33,12,"reflexive","fp",71,"High","reflexive fp",2,0,350,350,"Ambiguous","Mismatch",350
"27557",33,15,"reflexive","fp",71,"High","reflexive fp",1,0,490,490,"Ambiguous","Match",490
"27559",33,8,"reflexive","fp",71,"High","reflexive fp",2,0,342,342,"Ambiguous","Mismatch",342
"27561",33,22,"reflexive","fp",71,"High","reflexive fp",4,0,324,324,"Unambiguous","Mismatch",324
"27563",33,6,"reflexive","fp",71,"High","reflexive fp",4,0,314,314,"Unambiguous","Mismatch",314
"27565",33,23,"reflexive","fp",71,"High","reflexive fp",1,0,470,470,"Ambiguous","Match",470
"27567",33,9,"reflexive","fp",71,"High","reflexive fp",3,0,482,482,"Unambiguous","Match",482
"27569",33,21,"reflexive","fp",71,"High","reflexive fp",3,0,492,492,"Unambiguous","Match",492
"27571",33,4,"reflexive","fp",71,"High","reflexive fp",2,0,628,628,"Ambiguous","Mismatch",628
"27573",33,16,"reflexive","fp",71,"High","reflexive fp",2,0,276,276,"Ambiguous","Mismatch",276
"27575",33,18,"reflexive","fp",71,"High","reflexive fp",4,0,184,184,"Unambiguous","Mismatch",184
"27577",33,19,"reflexive","fp",71,"High","reflexive fp",1,0,398,398,"Ambiguous","Match",398
"27579",33,17,"reflexive","fp",71,"High","reflexive fp",3,0,200,200,"Unambiguous","Match",200
"27581",33,14,"reflexive","fp",71,"High","reflexive fp",4,1,0,NA,"Unambiguous","Mismatch",NA
"27583",33,10,"reflexive","fp",71,"High","reflexive fp",4,0,108,108,"Unambiguous","Mismatch",108
"27585",33,11,"reflexive","fp",71,"High","reflexive fp",1,0,142,142,"Ambiguous","Match",142
"27587",33,13,"reflexive","fp",71,"High","reflexive fp",3,1,0,NA,"Unambiguous","Match",NA
"27589",33,20,"reflexive","fp",71,"High","reflexive fp",2,0,284,284,"Ambiguous","Mismatch",284
"27591",33,7,"reflexive","fp",71,"High","reflexive fp",1,0,234,234,"Ambiguous","Match",234
"27593",33,3,"reflexive","fp",71,"High","reflexive fp",1,0,572,572,"Ambiguous","Match",572
"28412",34,11,"reflexive","fp",74,"High","reflexive fp",2,0,197,197,"Ambiguous","Mismatch",197
"28414",34,8,"reflexive","fp",74,"High","reflexive fp",3,0,227,227,"Unambiguous","Match",227
"28416",34,15,"reflexive","fp",74,"High","reflexive fp",2,0,143,143,"Ambiguous","Mismatch",143
"28418",34,20,"reflexive","fp",74,"High","reflexive fp",3,0,256,256,"Unambiguous","Match",256
"28420",34,12,"reflexive","fp",74,"High","reflexive fp",3,0,137,137,"Unambiguous","Match",137
"28422",34,24,"reflexive","fp",74,"High","reflexive fp",3,0,348,348,"Unambiguous","Match",348
"28424",34,2,"reflexive","fp",74,"High","reflexive fp",1,0,151,151,"Ambiguous","Match",151
"28426",34,10,"reflexive","fp",74,"High","reflexive fp",1,0,201,201,"Ambiguous","Match",201
"28428",34,4,"reflexive","fp",74,"High","reflexive fp",3,0,297,297,"Unambiguous","Match",297
"28430",34,6,"reflexive","fp",74,"High","reflexive fp",1,0,179,179,"Ambiguous","Match",179
"28432",34,22,"reflexive","fp",74,"High","reflexive fp",1,0,137,137,"Ambiguous","Match",137
"28434",34,17,"reflexive","fp",74,"High","reflexive fp",4,0,170,170,"Unambiguous","Mismatch",170
"28436",34,16,"reflexive","fp",74,"High","reflexive fp",3,0,159,159,"Unambiguous","Match",159
"28438",34,14,"reflexive","fp",74,"High","reflexive fp",1,0,142,142,"Ambiguous","Match",142
"28440",34,1,"reflexive","fp",74,"High","reflexive fp",4,0,187,187,"Unambiguous","Mismatch",187
"28442",34,21,"reflexive","fp",74,"High","reflexive fp",4,1,0,NA,"Unambiguous","Mismatch",NA
"28444",34,19,"reflexive","fp",74,"High","reflexive fp",2,0,171,171,"Ambiguous","Mismatch",171
"28446",34,23,"reflexive","fp",74,"High","reflexive fp",2,1,0,NA,"Ambiguous","Mismatch",NA
"28448",34,3,"reflexive","fp",74,"High","reflexive fp",2,0,171,171,"Ambiguous","Mismatch",171
"28450",34,18,"reflexive","fp",74,"High","reflexive fp",1,1,0,NA,"Ambiguous","Match",NA
"28452",34,9,"reflexive","fp",74,"High","reflexive fp",4,0,175,175,"Unambiguous","Mismatch",175
"28454",34,13,"reflexive","fp",74,"High","reflexive fp",4,0,273,273,"Unambiguous","Mismatch",273
"28456",34,7,"reflexive","fp",74,"High","reflexive fp",2,0,266,266,"Ambiguous","Mismatch",266
"28458",34,5,"reflexive","fp",74,"High","reflexive fp",4,0,450,450,"Unambiguous","Mismatch",450
"29276",35,16,"reflexive","fp",60,"High","reflexive fp",3,0,176,176,"Unambiguous","Match",176
"29278",35,9,"reflexive","fp",60,"High","reflexive fp",4,0,556,556,"Unambiguous","Mismatch",556
"29280",35,11,"reflexive","fp",60,"High","reflexive fp",2,0,374,374,"Ambiguous","Mismatch",374
"29282",35,17,"reflexive","fp",60,"High","reflexive fp",4,0,256,256,"Unambiguous","Mismatch",256
"29284",35,3,"reflexive","fp",60,"High","reflexive fp",2,0,372,372,"Ambiguous","Mismatch",372
"29286",35,13,"reflexive","fp",60,"High","reflexive fp",4,0,286,286,"Unambiguous","Mismatch",286
"29288",35,10,"reflexive","fp",60,"High","reflexive fp",1,0,288,288,"Ambiguous","Match",288
"29290",35,4,"reflexive","fp",60,"High","reflexive fp",3,0,184,184,"Unambiguous","Match",184
"29292",35,20,"reflexive","fp",60,"High","reflexive fp",3,0,250,250,"Unambiguous","Match",250
"29294",35,18,"reflexive","fp",60,"High","reflexive fp",1,0,244,244,"Ambiguous","Match",244
"29296",35,2,"reflexive","fp",60,"High","reflexive fp",1,0,210,210,"Ambiguous","Match",210
"29298",35,24,"reflexive","fp",60,"High","reflexive fp",3,1,0,NA,"Unambiguous","Match",NA
"29300",35,21,"reflexive","fp",60,"High","reflexive fp",4,0,570,570,"Unambiguous","Mismatch",570
"29302",35,1,"reflexive","fp",60,"High","reflexive fp",4,0,206,206,"Unambiguous","Mismatch",206
"29304",35,7,"reflexive","fp",60,"High","reflexive fp",2,0,178,178,"Ambiguous","Mismatch",178
"29306",35,5,"reflexive","fp",60,"High","reflexive fp",4,0,330,330,"Unambiguous","Mismatch",330
"29308",35,19,"reflexive","fp",60,"High","reflexive fp",2,1,0,NA,"Ambiguous","Mismatch",NA
"29310",35,15,"reflexive","fp",60,"High","reflexive fp",2,0,148,148,"Ambiguous","Mismatch",148
"29312",35,22,"reflexive","fp",60,"High","reflexive fp",1,0,462,462,"Ambiguous","Match",462
"29314",35,14,"reflexive","fp",60,"High","reflexive fp",1,0,244,244,"Ambiguous","Match",244
"29316",35,23,"reflexive","fp",60,"High","reflexive fp",2,0,372,372,"Ambiguous","Mismatch",372
"29318",35,12,"reflexive","fp",60,"High","reflexive fp",3,0,280,280,"Unambiguous","Match",280
"29320",35,6,"reflexive","fp",60,"High","reflexive fp",1,0,184,184,"Ambiguous","Match",184
"29322",35,8,"reflexive","fp",60,"High","reflexive fp",3,0,168,168,"Unambiguous","Match",168
"30139",36,6,"reflexive","fp",57,"High","reflexive fp",2,0,222,222,"Ambiguous","Mismatch",222
"30141",36,18,"reflexive","fp",57,"High","reflexive fp",2,0,186,186,"Ambiguous","Mismatch",186
"30143",36,10,"reflexive","fp",57,"High","reflexive fp",2,0,178,178,"Ambiguous","Mismatch",178
"30145",36,17,"reflexive","fp",57,"High","reflexive fp",1,1,0,NA,"Ambiguous","Match",NA
"30147",36,12,"reflexive","fp",57,"High","reflexive fp",4,0,226,226,"Unambiguous","Mismatch",226
"30149",36,23,"reflexive","fp",57,"High","reflexive fp",3,0,258,258,"Unambiguous","Match",258
"30151",36,2,"reflexive","fp",57,"High","reflexive fp",2,0,588,588,"Ambiguous","Mismatch",NA
"30153",36,11,"reflexive","fp",57,"High","reflexive fp",3,0,153,153,"Unambiguous","Match",153
"30155",36,5,"reflexive","fp",57,"High","reflexive fp",1,0,287,287,"Ambiguous","Match",287
"30157",36,22,"reflexive","fp",57,"High","reflexive fp",2,0,153,153,"Ambiguous","Mismatch",153
"30159",36,24,"reflexive","fp",57,"High","reflexive fp",4,0,282,282,"Unambiguous","Mismatch",282
"30161",36,1,"reflexive","fp",57,"High","reflexive fp",1,1,0,NA,"Ambiguous","Match",NA
"30163",36,19,"reflexive","fp",57,"High","reflexive fp",3,1,0,NA,"Unambiguous","Match",NA
"30165",36,16,"reflexive","fp",57,"High","reflexive fp",4,0,209,209,"Unambiguous","Mismatch",209
"30167",36,9,"reflexive","fp",57,"High","reflexive fp",1,0,218,218,"Ambiguous","Match",218
"30169",36,21,"reflexive","fp",57,"High","reflexive fp",1,0,217,217,"Ambiguous","Match",217
"30171",36,8,"reflexive","fp",57,"High","reflexive fp",4,0,221,221,"Unambiguous","Mismatch",221
"30173",36,7,"reflexive","fp",57,"High","reflexive fp",3,0,197,197,"Unambiguous","Match",197
"30175",36,3,"reflexive","fp",57,"High","reflexive fp",3,0,163,163,"Unambiguous","Match",163
"30177",36,20,"reflexive","fp",57,"High","reflexive fp",4,1,0,NA,"Unambiguous","Mismatch",NA
"30179",36,13,"reflexive","fp",57,"High","reflexive fp",1,0,228,228,"Ambiguous","Match",228
"30181",36,14,"reflexive","fp",57,"High","reflexive fp",2,0,170,170,"Ambiguous","Mismatch",170
"30183",36,4,"reflexive","fp",57,"High","reflexive fp",4,0,131,131,"Unambiguous","Mismatch",131
"30185",36,15,"reflexive","fp",57,"High","reflexive fp",3,0,156,156,"Unambiguous","Match",156
"31004",37,21,"reflexive","fp",80,"High","reflexive fp",2,0,443,443,"Ambiguous","Mismatch",443
"31006",37,3,"reflexive","fp",80,"High","reflexive fp",4,0,220,220,"Unambiguous","Mismatch",220
"31008",37,23,"reflexive","fp",80,"High","reflexive fp",4,0,799,799,"Unambiguous","Mismatch",799
"31010",37,1,"reflexive","fp",80,"High","reflexive fp",2,0,178,178,"Ambiguous","Mismatch",178
"31012",37,8,"reflexive","fp",80,"High","reflexive fp",1,0,210,210,"Ambiguous","Match",210
"31014",37,20,"reflexive","fp",80,"High","reflexive fp",1,0,496,496,"Ambiguous","Match",496
"31016",37,16,"reflexive","fp",80,"High","reflexive fp",1,0,219,219,"Ambiguous","Match",219
"31018",37,14,"reflexive","fp",80,"High","reflexive fp",3,0,257,257,"Unambiguous","Match",257
"31020",37,22,"reflexive","fp",80,"High","reflexive fp",3,1,0,NA,"Unambiguous","Match",NA
"31022",37,11,"reflexive","fp",80,"High","reflexive fp",4,0,264,264,"Unambiguous","Mismatch",264
"31024",37,2,"reflexive","fp",80,"High","reflexive fp",3,0,208,208,"Unambiguous","Match",208
"31026",37,24,"reflexive","fp",80,"High","reflexive fp",1,0,283,283,"Ambiguous","Match",283
"31028",37,9,"reflexive","fp",80,"High","reflexive fp",2,0,161,161,"Ambiguous","Mismatch",161
"31030",37,17,"reflexive","fp",80,"High","reflexive fp",2,0,219,219,"Ambiguous","Mismatch",219
"31032",37,18,"reflexive","fp",80,"High","reflexive fp",3,0,778,778,"Unambiguous","Match",778
"31034",37,5,"reflexive","fp",80,"High","reflexive fp",2,0,206,206,"Ambiguous","Mismatch",206
"31036",37,6,"reflexive","fp",80,"High","reflexive fp",3,0,166,166,"Unambiguous","Match",166
"31038",37,13,"reflexive","fp",80,"High","reflexive fp",2,0,648,648,"Ambiguous","Mismatch",648
"31040",37,12,"reflexive","fp",80,"High","reflexive fp",1,0,226,226,"Ambiguous","Match",226
"31042",37,10,"reflexive","fp",80,"High","reflexive fp",3,1,0,NA,"Unambiguous","Match",NA
"31044",37,7,"reflexive","fp",80,"High","reflexive fp",4,0,227,227,"Unambiguous","Mismatch",227
"31046",37,19,"reflexive","fp",80,"High","reflexive fp",4,0,291,291,"Unambiguous","Mismatch",291
"31048",37,4,"reflexive","fp",80,"High","reflexive fp",1,1,0,NA,"Ambiguous","Match",NA
"31050",37,15,"reflexive","fp",80,"High","reflexive fp",4,0,342,342,"Unambiguous","Mismatch",342
"31868",38,14,"reflexive","fp",64,"High","reflexive fp",4,0,269,269,"Unambiguous","Mismatch",269
"31870",38,12,"reflexive","fp",64,"High","reflexive fp",2,1,0,NA,"Ambiguous","Mismatch",NA
"31872",38,10,"reflexive","fp",64,"High","reflexive fp",4,0,224,224,"Unambiguous","Mismatch",224
"31874",38,20,"reflexive","fp",64,"High","reflexive fp",2,0,203,203,"Ambiguous","Mismatch",203
"31876",38,4,"reflexive","fp",64,"High","reflexive fp",2,0,171,171,"Ambiguous","Mismatch",171
"31878",38,5,"reflexive","fp",64,"High","reflexive fp",3,1,0,NA,"Unambiguous","Match",NA
"31880",38,16,"reflexive","fp",64,"High","reflexive fp",2,0,271,271,"Ambiguous","Mismatch",271
"31882",38,18,"reflexive","fp",64,"High","reflexive fp",4,0,197,197,"Unambiguous","Mismatch",197
"31884",38,17,"reflexive","fp",64,"High","reflexive fp",3,0,229,229,"Unambiguous","Match",229
"31886",38,15,"reflexive","fp",64,"High","reflexive fp",1,1,0,NA,"Ambiguous","Match",NA
"31888",38,3,"reflexive","fp",64,"High","reflexive fp",1,0,255,255,"Ambiguous","Match",255
"31890",38,1,"reflexive","fp",64,"High","reflexive fp",3,1,0,NA,"Unambiguous","Match",NA
"31892",38,23,"reflexive","fp",64,"High","reflexive fp",1,0,329,329,"Ambiguous","Match",329
"31894",38,2,"reflexive","fp",64,"High","reflexive fp",4,0,207,207,"Unambiguous","Mismatch",207
"31896",38,24,"reflexive","fp",64,"High","reflexive fp",2,1,0,NA,"Ambiguous","Mismatch",NA
"31898",38,7,"reflexive","fp",64,"High","reflexive fp",1,0,259,259,"Ambiguous","Match",259
"31900",38,13,"reflexive","fp",64,"High","reflexive fp",3,1,0,NA,"Unambiguous","Match",NA
"31902",38,6,"reflexive","fp",64,"High","reflexive fp",4,0,226,226,"Unambiguous","Mismatch",226
"31904",38,19,"reflexive","fp",64,"High","reflexive fp",1,0,179,179,"Ambiguous","Match",179
"31906",38,11,"reflexive","fp",64,"High","reflexive fp",1,1,0,NA,"Ambiguous","Match",NA
"31908",38,9,"reflexive","fp",64,"High","reflexive fp",3,0,230,230,"Unambiguous","Match",230
"31910",38,21,"reflexive","fp",64,"High","reflexive fp",3,0,188,188,"Unambiguous","Match",188
"31912",38,22,"reflexive","fp",64,"High","reflexive fp",4,1,0,NA,"Unambiguous","Mismatch",NA
"31914",38,8,"reflexive","fp",64,"High","reflexive fp",2,0,291,291,"Ambiguous","Mismatch",291
"32731",39,15,"reflexive","fp",75,"High","reflexive fp",2,0,251,251,"Ambiguous","Mismatch",251
"32733",39,7,"reflexive","fp",75,"High","reflexive fp",2,0,414,414,"Ambiguous","Mismatch",414
"32735",39,1,"reflexive","fp",75,"High","reflexive fp",4,0,283,283,"Unambiguous","Mismatch",283
"32737",39,3,"reflexive","fp",75,"High","reflexive fp",2,0,273,273,"Ambiguous","Mismatch",273
"32739",39,6,"reflexive","fp",75,"High","reflexive fp",1,1,0,NA,"Ambiguous","Match",NA
"32741",39,2,"reflexive","fp",75,"High","reflexive fp",1,0,224,224,"Ambiguous","Match",224
"32743",39,20,"reflexive","fp",75,"High","reflexive fp",3,0,114,114,"Unambiguous","Match",114
"32745",39,23,"reflexive","fp",75,"High","reflexive fp",2,0,288,288,"Ambiguous","Mismatch",288
"32747",39,16,"reflexive","fp",75,"High","reflexive fp",3,0,253,253,"Unambiguous","Match",253
"32749",39,13,"reflexive","fp",75,"High","reflexive fp",4,1,0,NA,"Unambiguous","Mismatch",NA
"32751",39,24,"reflexive","fp",75,"High","reflexive fp",3,0,172,172,"Unambiguous","Match",172
"32753",39,14,"reflexive","fp",75,"High","reflexive fp",1,0,164,164,"Ambiguous","Match",164
"32755",39,22,"reflexive","fp",75,"High","reflexive fp",1,0,101,101,"Ambiguous","Match",101
"32757",39,4,"reflexive","fp",75,"High","reflexive fp",3,0,389,389,"Unambiguous","Match",389
"32759",39,17,"reflexive","fp",75,"High","reflexive fp",4,0,213,213,"Unambiguous","Mismatch",213
"32761",39,5,"reflexive","fp",75,"High","reflexive fp",4,0,220,220,"Unambiguous","Mismatch",220
"32763",39,11,"reflexive","fp",75,"High","reflexive fp",2,0,285,285,"Ambiguous","Mismatch",285
"32765",39,18,"reflexive","fp",75,"High","reflexive fp",1,0,343,343,"Ambiguous","Match",343
"32767",39,19,"reflexive","fp",75,"High","reflexive fp",2,0,198,198,"Ambiguous","Mismatch",198
"32769",39,21,"reflexive","fp",75,"High","reflexive fp",4,0,179,179,"Unambiguous","Mismatch",179
"32771",39,10,"reflexive","fp",75,"High","reflexive fp",1,0,205,205,"Ambiguous","Match",205
"32773",39,9,"reflexive","fp",75,"High","reflexive fp",4,0,1337,1337,"Unambiguous","Mismatch",NA
"32775",39,8,"reflexive","fp",75,"High","reflexive fp",3,0,314,314,"Unambiguous","Match",314
"32777",39,12,"reflexive","fp",75,"High","reflexive fp",3,0,231,231,"Unambiguous","Match",231
"33596",40,13,"reflexive","fp",83,"High","reflexive fp",1,0,190,190,"Ambiguous","Match",190
"33598",40,18,"reflexive","fp",83,"High","reflexive fp",2,0,294,294,"Ambiguous","Mismatch",294
"33600",40,9,"reflexive","fp",83,"High","reflexive fp",1,0,164,164,"Ambiguous","Match",164
"33602",40,1,"reflexive","fp",83,"High","reflexive fp",1,0,113,113,"Ambiguous","Match",113
"33604",40,7,"reflexive","fp",83,"High","reflexive fp",3,0,185,185,"Unambiguous","Match",185
"33606",40,5,"reflexive","fp",83,"High","reflexive fp",1,0,172,172,"Ambiguous","Match",172
"33608",40,4,"reflexive","fp",83,"High","reflexive fp",4,0,165,165,"Unambiguous","Mismatch",165
"33610",40,24,"reflexive","fp",83,"High","reflexive fp",4,0,171,171,"Unambiguous","Mismatch",171
"33612",40,15,"reflexive","fp",83,"High","reflexive fp",3,0,159,159,"Unambiguous","Match",159
"33614",40,19,"reflexive","fp",83,"High","reflexive fp",3,1,0,NA,"Unambiguous","Match",NA
"33616",40,20,"reflexive","fp",83,"High","reflexive fp",4,0,176,176,"Unambiguous","Mismatch",176
"33618",40,16,"reflexive","fp",83,"High","reflexive fp",4,1,0,NA,"Unambiguous","Mismatch",NA
"33620",40,8,"reflexive","fp",83,"High","reflexive fp",4,0,179,179,"Unambiguous","Mismatch",179
"33622",40,23,"reflexive","fp",83,"High","reflexive fp",3,1,0,NA,"Unambiguous","Match",NA
"33624",40,10,"reflexive","fp",83,"High","reflexive fp",2,1,0,NA,"Ambiguous","Mismatch",NA
"33626",40,21,"reflexive","fp",83,"High","reflexive fp",1,1,0,NA,"Ambiguous","Match",NA
"33628",40,3,"reflexive","fp",83,"High","reflexive fp",3,0,137,137,"Unambiguous","Match",137
"33630",40,17,"reflexive","fp",83,"High","reflexive fp",1,1,0,NA,"Ambiguous","Match",NA
"33632",40,2,"reflexive","fp",83,"High","reflexive fp",2,1,0,NA,"Ambiguous","Mismatch",NA
"33634",40,22,"reflexive","fp",83,"High","reflexive fp",2,0,121,121,"Ambiguous","Mismatch",121
"33636",40,12,"reflexive","fp",83,"High","reflexive fp",4,1,0,NA,"Unambiguous","Mismatch",NA
"33638",40,6,"reflexive","fp",83,"High","reflexive fp",2,1,0,NA,"Ambiguous","Mismatch",NA
"33640",40,11,"reflexive","fp",83,"High","reflexive fp",3,1,0,NA,"Unambiguous","Match",NA
"33642",40,14,"reflexive","fp",83,"High","reflexive fp",2,0,175,175,"Ambiguous","Mismatch",175
